column_left,column_right,query_count
body_type,registration_class,14
body_type,record_type,12
record_type,registration_class,12
body_type,county,12
county,scofflaw_indicator,12
county,registration_class,11
body_type,scofflaw_indicator,11
body_type,fuel_type,10
body_type,state,10
county,record_type,10
registration_class,scofflaw_indicator,10
record_type,scofflaw_indicator,9
body_type,revocation_indicator,8
fuel_type,record_type,8
fuel_type,registration_class,8
record_type,state,8
registration_class,revocation_indicator,8
registration_class,state,8
county,state,8
fuel_type,scofflaw_indicator,8
body_type,suspension_indicator,7
record_type,suspension_indicator,7
registration_class,suspension_indicator,7
county,suspension_indicator,7
scofflaw_indicator,state,7
county,fuel_type,7
scofflaw_indicator,suspension_indicator,7
revocation_indicator,scofflaw_indicator,7
revocation_indicator,state,6
county,revocation_indicator,6
fuel_type,state,5
record_type,revocation_indicator,5
revocation_indicator,suspension_indicator,5
state,suspension_indicator,5
fuel_type,revocation_indicator,4
fuel_type,suspension_indicator,4
