target,column,native_n_distinct,reservoir_n_distinct,native_implied_ndistinct,reservoir_implied_ndistinct,n_distinct_relative_difference,mcv_jaccard,native_mcv_count,reservoir_mcv_count,native_histogram_count,reservoir_histogram_count,common_mcv_frequency_quantiles
100,body_type,44.0,44.0,44.0,44.0,0.0,0.9666666666666667,29,30,15,14,"{'p50': 0.0004333329999999993, 'p75': 0.0009000000000000119, 'p90': 0.0016666670000000001, 'p95': 0.0020000000000000018, 'p99': 0.0020000099999999965, 'max': 0.0020000099999999965}"
100,county,63.0,63.0,63.0,63.0,0.0,1.0,63,63,0,0,"{'p50': 0.00033333340000000003, 'p75': 0.0008999999999999998, 'p90': 0.002333333, 'p95': 0.0025666659999999987, 'p99': 0.0051666600000000035, 'max': 0.0051666600000000035}"
100,fuel_type,8.0,9.0,8.0,9.0,0.125,0.625,8,5,0,4,"{'p50': 0.0005333333000000001, 'p75': 0.0011666670000000032, 'p90': 0.0024333319999999964, 'p95': 0.0024333319999999964, 'p99': 0.0024333319999999964, 'max': 0.0024333319999999964}"
100,record_type,4.0,4.0,4.0,4.0,0.0,1.0,4,4,0,0,"{'p50': 0.0007666629999999938, 'p75': 0.0011666679999999957, 'p90': 0.002400049999999987, 'p95': 0.002400049999999987, 'p99': 0.002400049999999987, 'max': 0.002400049999999987}"
100,registration_class,47.0,45.0,47.0,45.0,0.0425531914893617,0.9375,31,31,16,14,"{'p50': 0.00026666599999999874, 'p75': 0.0006333334000000004, 'p90': 0.0012999989999999996, 'p95': 0.0017666669999999995, 'p99': 0.0031666399999999983, 'max': 0.0031666399999999983}"
100,revocation_indicator,2.0,2.0,2.0,2.0,0.0,1.0,2,2,0,0,"{'p50': 0.0008666500000000799, 'p75': 0.0008666667000000001, 'p90': 0.0008666667000000001, 'p95': 0.0008666667000000001, 'p99': 0.0008666667000000001, 'max': 0.0008666667000000001}"
100,scofflaw_indicator,2.0,2.0,2.0,2.0,0.0,1.0,2,2,0,0,"{'p50': 9.999999999998899e-05, 'p75': 0.0001, 'p90': 0.0001, 'p95': 0.0001, 'p99': 0.0001, 'max': 0.0001}"
100,state,34.0,36.0,34.0,36.0,0.058823529411764705,0.7857142857142857,14,11,20,25,"{'p50': 0.00010000001, 'p75': 0.00023333335000000008, 'p90': 0.0003333332999999999, 'p95': 0.0003334000000000392, 'p99': 0.0003334000000000392, 'max': 0.0003334000000000392}"
100,suspension_indicator,2.0,2.0,2.0,2.0,0.0,1.0,2,2,0,0,"{'p50': 0.0003333100000000311, 'p75': 0.0003333329999999999, 'p90': 0.0003333329999999999, 'p95': 0.0003333329999999999, 'p99': 0.0003333329999999999, 'max': 0.0003333329999999999}"
300,body_type,51.0,51.0,51.0,51.0,0.0,0.9428571428571428,35,33,16,18,"{'p50': 0.0002555553999999999, 'p75': 0.0004444449999999999, 'p90': 0.001277776999999999, 'p95': 0.0019222240000000002, 'p99': 0.0020000200000000468, 'max': 0.0020000200000000468}"
300,county,63.0,63.0,63.0,63.0,0.0,1.0,63,63,0,0,"{'p50': 0.00022222249999999995, 'p75': 0.00043333300000000016, 'p90': 0.0009333329999999997, 'p95': 0.0016888910000000014, 'p99': 0.0021444450000000018, 'max': 0.0021444450000000018}"
300,fuel_type,9.0,9.0,9.0,9.0,0.0,1.0,9,9,0,0,"{'p50': 0.0002888890000000005, 'p75': 0.0007777776999999999, 'p90': 0.00198889, 'p95': 0.00198889, 'p99': 0.00198889, 'max': 0.00198889}"
300,record_type,4.0,4.0,4.0,4.0,0.0,1.0,4,4,0,0,"{'p50': 0.0005333369999999948, 'p75': 0.001622200000000018, 'p90': 0.001866666000000003, 'p95': 0.001866666000000003, 'p99': 0.001866666000000003, 'max': 0.001866666000000003}"
300,registration_class,53.0,51.0,53.0,51.0,0.03773584905660377,0.9473684210526315,38,36,15,15,"{'p50': 0.00013333333, 'p75': 0.00036666640000000044, 'p90': 0.0012333339999999991, 'p95': 0.001866666000000003, 'p99': 0.0022111000000000214, 'max': 0.0022111000000000214}"
300,revocation_indicator,2.0,2.0,2.0,2.0,0.0,1.0,2,2,0,0,"{'p50': 0.0002777780000000002, 'p75': 0.0002777999999999947, 'p90': 0.0002777999999999947, 'p95': 0.0002777999999999947, 'p99': 0.0002777999999999947, 'max': 0.0002777999999999947}"
300,scofflaw_indicator,2.0,2.0,2.0,2.0,0.0,1.0,2,2,0,0,"{'p50': 2.2222229999999994e-05, 'p75': 2.2250000000001435e-05, 'p90': 2.2250000000001435e-05, 'p95': 2.2250000000001435e-05, 'p99': 2.2250000000001435e-05, 'max': 2.2250000000001435e-05}"
300,state,43.0,47.0,43.0,47.0,0.09302325581395349,0.8095238095238095,17,21,26,26,"{'p50': 6.666666000000002e-05, 'p75': 0.00011111112000000001, 'p90': 0.00016666659999999998, 'p95': 0.00018888830000000044, 'p99': 0.00018888830000000044, 'max': 0.00018888830000000044}"
300,suspension_indicator,2.0,2.0,2.0,2.0,0.0,1.0,2,2,0,0,"{'p50': 0.0002555000000000751, 'p75': 0.0002555555000000008, 'p90': 0.0002555555000000008, 'p95': 0.0002555555000000008, 'p99': 0.0002555555000000008, 'max': 0.0002555555000000008}"
1000,body_type,57.0,55.0,57.0,55.0,0.03508771929824561,0.8913043478260869,46,41,11,14,"{'p50': 4.666665000000001e-05, 'p75': 0.0001200000000000001, 'p90': 0.0002999999999999999, 'p95': 0.0004633329999999998, 'p99': 0.0006366699999999503, 'max': 0.0006366699999999503}"
1000,county,63.0,63.0,63.0,63.0,0.0,1.0,63,63,0,0,"{'p50': 0.0001366665999999999, 'p75': 0.00028000000000000073, 'p90': 0.0004966670000000027, 'p95': 0.0006066670000000017, 'p99': 0.0007500000000000007, 'max': 0.0007500000000000007}"
1000,fuel_type,9.0,9.0,9.0,9.0,0.0,1.0,9,9,0,0,"{'p50': 3.666666200000001e-05, 'p75': 0.0002999999999999999, 'p90': 0.0008033330000000033, 'p95': 0.0008033330000000033, 'p99': 0.0008033330000000033, 'max': 0.0008033330000000033}"
1000,record_type,4.0,4.0,4.0,4.0,0.0,1.0,4,4,0,0,"{'p50': 0.00039333300000000265, 'p75': 0.0009300000000000003, 'p90': 0.00102329000000001, 'p95': 0.00102329000000001, 'p99': 0.00102329000000001, 'max': 0.00102329000000001}"
1000,registration_class,61.0,62.0,61.0,62.0,0.01639344262295082,0.9565217391304348,46,44,15,18,"{'p50': 5.3333399999999946e-05, 'p75': 0.00017666700000000014, 'p90': 0.00039333300000000265, 'p95': 0.0004966669999999992, 'p99': 0.0008233319999999961, 'max': 0.0008233319999999961}"
1000,revocation_indicator,2.0,2.0,2.0,2.0,0.0,1.0,2,2,0,0,"{'p50': 9.950000000036319e-06, 'p75': 1.000010000000006e-05, 'p90': 1.000010000000006e-05, 'p95': 1.000010000000006e-05, 'p99': 1.000010000000006e-05, 'max': 1.000010000000006e-05}"
1000,scofflaw_indicator,2.0,2.0,2.0,2.0,0.0,1.0,2,2,0,0,"{'p50': 3.66400000000322e-05, 'p75': 3.6666659999999996e-05, 'p90': 3.6666659999999996e-05, 'p95': 3.6666659999999996e-05, 'p99': 3.6666659999999996e-05, 'max': 3.6666659999999996e-05}"
1000,state,57.0,56.0,57.0,56.0,0.017543859649122806,0.8709677419354839,28,30,29,26,"{'p50': 2.333334e-05, 'p75': 4.3333319999999995e-05, 'p90': 7.00001e-05, 'p95': 0.00012000000000000031, 'p99': 0.00024999999999997247, 'max': 0.00024999999999997247}"
1000,suspension_indicator,2.0,2.0,2.0,2.0,0.0,1.0,2,2,0,0,"{'p50': 9.99999999995449e-06, 'p75': 9.999999999999593e-06, 'p90': 9.999999999999593e-06, 'p95': 9.999999999999593e-06, 'p99': 9.999999999999593e-06, 'max': 9.999999999999593e-06}"
