query_id,sql,relation,predicate_columns,predicate_operators,constants,conjunction_structure,predicate_count,truth,native_T100_estimate,native_T100_qerror,native_T300_estimate,native_T300_qerror,native_T1000_estimate,native_T1000_qerror,reservoir_T100_estimate,reservoir_T100_qerror,reservoir_T300_estimate,reservoir_T300_qerror,reservoir_T1000_estimate,reservoir_T1000_qerror
dmv.1037,"SELECT COUNT(*) FROM DMV  WHERE Record_Type IN ('TRL', 'BOAT') AND Registration_Class IN ('PAS', 'COM', 'LTR', 'BOT', 'MOT', 'TRL', 'SRF', 'PSD', 'OMT', 'OMS', 'ATV', 'SNO', 'HOU', 'ORG', 'SEM', 'HIS', 'IRP', 'OMR', 'STA', 'AGR', 'SPO', 'FAR', 'RGL', 'MED') AND State IN ('NY', 'NJ', 'OK', 'PA', 'MD', 'IL', 'TX', 'FL', 'GA', 'CT', 'IN', 'OH', 'WI', 'MA', 'AZ', 'CA', 'VA', 'NC', 'TN', 'NH', 'AL', 'VT', 'SC', 'MO', 'MN', 'CO', 'MI', 'DE', 'WA', 'NT', 'RI', 'AR') AND Body_Type = 'SUBN' AND Fuel_Type IN ('GAS', 'NONE', 'DIESEL') AND Revocation_Indicator = 'N'",dmv,body_type;fuel_type;record_type;registration_class;revocation_indicator;state,IN;IN;IN;=;IN;=,"[""TRL"",""BOAT"",""PAS"",""COM"",""LTR"",""BOT"",""MOT"",""TRL"",""SRF"",""PSD"",""OMT"",""OMS"",""ATV"",""SNO"",""HOU"",""ORG"",""SEM"",""HIS"",""IRP"",""OMR"",""STA"",""AGR"",""SPO"",""FAR"",""RGL"",""MED"",""NY"",""NJ"",""OK"",""PA"",""MD"",""IL"",""TX"",""FL"",""GA"",""CT"",""IN"",""OH"",""WI"",""MA"",""AZ"",""CA"",""VA"",""NC"",""TN"",""NH"",""AL"",""VT"",""SC"",""MO"",""MN"",""CO"",""MI"",""DE"",""WA"",""NT"",""RI"",""AR"",""SUBN"",""GAS"",""NONE"",""DIESEL"",""N""]",AND,6,6.0,141438.0,23573.0,142285.0,23714.166666666668,140194.0,23365.666666666668,346259.0,57709.833333333336,333979.0,55663.166666666664,201988.0,33664.666666666664
dmv.179,"SELECT COUNT(*) FROM DMV  WHERE Record_Type = 'VEH' AND Registration_Class IN ('BOT', 'MOT') AND State IN ('NY', 'NJ', 'OK', 'PA', 'MD', 'IL', 'TX', 'FL', 'GA', 'CT', 'IN', 'OH', 'WI', 'MA', 'AZ', 'CA') AND Body_Type IN ('4DSD', 'PICK') AND Suspension_Indicator = 'N' AND Revocation_Indicator = 'N'",dmv,body_type;record_type;registration_class;revocation_indicator;state;suspension_indicator,=;IN;IN;IN;=;=,"[""VEH"",""BOT"",""MOT"",""NY"",""NJ"",""OK"",""PA"",""MD"",""IL"",""TX"",""FL"",""GA"",""CT"",""IN"",""OH"",""WI"",""MA"",""AZ"",""CA"",""4DSD"",""PICK"",""N"",""N""]",AND,6,12.0,99393.0,8282.75,97050.0,8087.5,96527.0,8043.916666666667,236883.0,19740.25,233831.0,19485.916666666668,136254.0,11354.5
dmv.1100,"SELECT COUNT(*) FROM DMV  WHERE Record_Type = 'VEH' AND Registration_Class IN ('COM', 'LTR') AND County IN ('HERKIMER', 'GENESEE', 'OTSEGO', 'FULTON', 'GREENE', 'FRANKLIN', 'MONTGOMERY', 'CHENANGO', 'TIOGA', 'DELAWARE', 'WYOMING', 'ALLEGANY', 'CORTLAND', 'ESSEX', 'ORLEANS', 'SENECA', 'SCHOHARIE', 'LEWIS', 'YATES', 'SCHUYLER', 'HAMILTON') AND Body_Type IN ('BOAT', 'LTRL', 'MCY', 'TRLR') AND Suspension_Indicator = 'N'",dmv,body_type;county;record_type;registration_class;suspension_indicator,=;IN;IN;IN;=,"[""VEH"",""COM"",""LTR"",""HERKIMER"",""GENESEE"",""OTSEGO"",""FULTON"",""GREENE"",""FRANKLIN"",""MONTGOMERY"",""CHENANGO"",""TIOGA"",""DELAWARE"",""WYOMING"",""ALLEGANY"",""CORTLAND"",""ESSEX"",""ORLEANS"",""SENECA"",""SCHOHARIE"",""LEWIS"",""YATES"",""SCHUYLER"",""HAMILTON"",""BOAT"",""LTRL"",""MCY"",""TRLR"",""N""]",AND,5,1.0,2466.0,2466.0,2383.0,2383.0,2480.0,2480.0,6147.0,6147.0,5927.0,5927.0,3467.0,3467.0
dmv.1384,"SELECT COUNT(*) FROM DMV  WHERE Registration_Class IN ('PAS', 'COM') AND Body_Type = 'TRAC' AND Fuel_Type = 'GAS'",dmv,body_type;fuel_type;registration_class,IN;=;=,"[""PAS"",""COM"",""TRAC"",""GAS""]",AND,3,6.0,9480.0,1580.0,10296.0,1716.0,10472.0,1745.3333333333333,22980.0,3830.0,26834.0,4472.333333333333,15161.0,2526.8333333333335
dmv.1110,"SELECT COUNT(*) FROM DMV  WHERE Record_Type = 'VEH' AND Registration_Class IN ('COM', 'LTR', 'BOT') AND State IN ('NY', 'NJ', 'OK', 'PA', 'MD', 'IL', 'TX', 'FL', 'GA') AND County IN ('JEFFERSON', 'ST LAWRENCE', 'WAYNE') AND Body_Type = 'SUBN' AND Scofflaw_Indicator = 'N'",dmv,body_type;county;record_type;registration_class;scofflaw_indicator;state,=;IN;IN;IN;=;=,"[""VEH"",""COM"",""LTR"",""BOT"",""NY"",""NJ"",""OK"",""PA"",""MD"",""IL"",""TX"",""FL"",""GA"",""JEFFERSON"",""ST LAWRENCE"",""WAYNE"",""SUBN"",""N""]",AND,6,92.0,5227.0,56.81521739130435,5143.0,55.90217391304348,5224.0,56.78260869565217,12612.0,137.08695652173913,12475.0,135.59782608695653,7349.0,79.8804347826087
dmv.547,"SELECT COUNT(*) FROM DMV  WHERE Record_Type = 'VEH' AND Registration_Class IN ('PAS', 'COM', 'LTR', 'BOT', 'MOT', 'TRL', 'SRF', 'PSD', 'OMT', 'OMS', 'ATV', 'SNO', 'HOU', 'ORG', 'SEM', 'HIS', 'IRP', 'OMR', 'STA', 'AGR', 'SPO', 'FAR', 'RGL', 'MED', 'SCL', 'SPC', 'TRC') AND Body_Type = 'ATV' AND Fuel_Type IN ('DIESEL', 'ELECTRIC')",dmv,body_type;fuel_type;record_type;registration_class,=;IN;=;IN,"[""VEH"",""PAS"",""COM"",""LTR"",""BOT"",""MOT"",""TRL"",""SRF"",""PSD"",""OMT"",""OMS"",""ATV"",""SNO"",""HOU"",""ORG"",""SEM"",""HIS"",""IRP"",""OMR"",""STA"",""AGR"",""SPO"",""FAR"",""RGL"",""MED"",""SCL"",""SPC"",""TRC"",""ATV"",""DIESEL"",""ELECTRIC""]",AND,4,37.0,1548.0,41.83783783783784,1730.0,46.75675675675676,1675.0,45.270270270270274,3579.0,96.72972972972973,3788.0,102.37837837837837,2304.0,62.270270270270274
dmv.1885,"SELECT COUNT(*) FROM DMV  WHERE Record_Type = 'VEH' AND County IN ('SUFFOLK', 'NASSAU', 'QUEENS', 'ERIE', 'WESTCHESTER', 'MONROE', 'KINGS', 'ONONDAGA', 'ORANGE', 'BRONX', 'RICHMOND', 'NEW YORK', 'ALBANY', 'DUTCHESS', 'SARATOGA', 'ROCKLAND', 'ONEIDA') AND Fuel_Type = 'NONE' AND Scofflaw_Indicator = 'N' AND Suspension_Indicator = 'N'",dmv,county;fuel_type;record_type;scofflaw_indicator;suspension_indicator,=;IN;=;=;=,"[""VEH"",""SUFFOLK"",""NASSAU"",""QUEENS"",""ERIE"",""WESTCHESTER"",""MONROE"",""KINGS"",""ONONDAGA"",""ORANGE"",""BRONX"",""RICHMOND"",""NEW YORK"",""ALBANY"",""DUTCHESS"",""SARATOGA"",""ROCKLAND"",""ONEIDA"",""NONE"",""N"",""N""]",AND,5,13599.0,129700.0,9.537465990146334,129777.0,9.543128171189059,129745.0,9.540775056989485,321293.0,23.626222516361498,318530.0,23.423045812192072,186474.0,13.712331789102139
dmv.255,"SELECT COUNT(*) FROM DMV  WHERE Record_Type = 'VEH' AND Registration_Class IN ('BOT', 'MOT', 'TRL', 'SRF', 'PSD', 'OMT', 'OMS', 'ATV') AND State IN ('OK', 'PA', 'MD', 'IL', 'TX', 'FL', 'GA', 'CT', 'IN', 'OH', 'WI', 'MA', 'AZ', 'CA', 'VA', 'NC', 'TN', 'NH', 'AL', 'VT', 'SC', 'MO', 'MN', 'CO', 'MI', 'DE', 'WA', 'NT', 'RI', 'AR', 'NV') AND County IN ('CHENANGO', 'TIOGA', 'DELAWARE', 'WYOMING', 'ALLEGANY', 'CORTLAND', 'ESSEX', 'ORLEANS', 'SENECA', 'SCHOHARIE', 'LEWIS', 'YATES', 'SCHUYLER', 'HAMILTON')",dmv,county;record_type;registration_class;state,=;IN;IN;IN,"[""VEH"",""BOT"",""MOT"",""TRL"",""SRF"",""PSD"",""OMT"",""OMS"",""ATV"",""OK"",""PA"",""MD"",""IL"",""TX"",""FL"",""GA"",""CT"",""IN"",""OH"",""WI"",""MA"",""AZ"",""CA"",""VA"",""NC"",""TN"",""NH"",""AL"",""VT"",""SC"",""MO"",""MN"",""CO"",""MI"",""DE"",""WA"",""NT"",""RI"",""AR"",""NV"",""CHENANGO"",""TIOGA"",""DELAWARE"",""WYOMING"",""ALLEGANY"",""CORTLAND"",""ESSEX"",""ORLEANS"",""SENECA"",""SCHOHARIE"",""LEWIS"",""YATES"",""SCHUYLER"",""HAMILTON""]",AND,4,42.0,345.0,8.214285714285714,321.0,7.642857142857143,330.0,7.857142857142857,789.0,18.785714285714285,798.0,19.0,458.0,10.904761904761905
dmv.736,"SELECT COUNT(*) FROM DMV  WHERE Record_Type = 'VEH' AND Registration_Class = 'PAS' AND State IN ('NY', 'NJ', 'OK', 'PA', 'MD', 'IL', 'TX', 'FL', 'GA', 'CT', 'IN', 'OH', 'WI', 'MA', 'AZ', 'CA', 'VA', 'NC', 'TN', 'NH', 'AL', 'VT', 'SC', 'MO', 'MN', 'CO', 'MI', 'DE', 'WA') AND County IN ('ROCKLAND', 'ONEIDA', 'NIAGARA', 'OUT-OF-STATE', 'ULSTER', 'BROOME', 'SCHENECTADY', 'RENSSELAER', 'OSWEGO', 'ONTARIO', 'CHAUTAUQUA', 'JEFFERSON', 'ST LAWRENCE', 'WAYNE', 'PUTNAM', 'STEUBEN', 'CLINTON', 'CAYUGA', 'WARREN', 'CHEMUNG', 'TOMPKINS', 'SULLIVAN', 'CATTARAUGUS', 'MADISON', 'COLUMBIA', 'LIVINGSTON', 'WASHINGTON', 'HERKIMER', 'GENESEE', 'OTSEGO', 'FULTON') AND Body_Type IN ('4DSD', 'PICK', '2DSD', 'BOAT', 'LTRL', 'MCY', 'TRLR', 'VAN', 'CONV', 'ATV', 'SNOW', 'DUMP', 'BUS', 'H/TR', 'UTIL', 'SEMI', 'TRAC', 'H/WH', 'DELV', 'FLAT', 'P/SH', 'STAK', 'TANK') AND Fuel_Type IN ('NONE', 'DIESEL', 'ELECTRIC') AND Scofflaw_Indicator = 'N'",dmv,body_type;county;fuel_type;record_type;registration_class;scofflaw_indicator;state,=;=;IN;IN;IN;IN;=,"[""VEH"",""PAS"",""NY"",""NJ"",""OK"",""PA"",""MD"",""IL"",""TX"",""FL"",""GA"",""CT"",""IN"",""OH"",""WI"",""MA"",""AZ"",""CA"",""VA"",""NC"",""TN"",""NH"",""AL"",""VT"",""SC"",""MO"",""MN"",""CO"",""MI"",""DE"",""WA"",""ROCKLAND"",""ONEIDA"",""NIAGARA"",""OUT-OF-STATE"",""ULSTER"",""BROOME"",""SCHENECTADY"",""RENSSELAER"",""OSWEGO"",""ONTARIO"",""CHAUTAUQUA"",""JEFFERSON"",""ST LAWRENCE"",""WAYNE"",""PUTNAM"",""STEUBEN"",""CLINTON"",""CAYUGA"",""WARREN"",""CHEMUNG"",""TOMPKINS"",""SULLIVAN"",""CATTARAUGUS"",""MADISON"",""COLUMBIA"",""LIVINGSTON"",""WASHINGTON"",""HERKIMER"",""GENESEE"",""OTSEGO"",""FULTON"",""4DSD"",""PICK"",""2DSD"",""BOAT"",""LTRL"",""MCY"",""TRLR"",""VAN"",""CONV"",""ATV"",""SNOW"",""DUMP"",""BUS"",""H/TR"",""UTIL"",""SEMI"",""TRAC"",""H/WH"",""DELV"",""FLAT"",""P/SH"",""STAK"",""TANK"",""NONE"",""DIESEL"",""ELECTRIC"",""N""]",AND,7,6863.0,38989.0,5.6810432755354805,38560.0,5.618534168730876,38220.0,5.568993151682937,90843.0,13.23663121084074,91881.0,13.387877021710622,54251.0,7.904852105493225
dmv.1114,"SELECT COUNT(*) FROM DMV  WHERE State IN ('OK', 'PA', 'MD', 'IL', 'TX', 'FL', 'GA') AND County IN ('ONEIDA', 'NIAGARA', 'OUT-OF-STATE', 'ULSTER', 'BROOME', 'SCHENECTADY', 'RENSSELAER', 'OSWEGO', 'ONTARIO') AND Body_Type IN ('4DSD', 'PICK', '2DSD', 'BOAT', 'LTRL', 'MCY', 'TRLR', 'VAN', 'CONV', 'ATV', 'SNOW', 'DUMP', 'BUS', 'H/TR', 'UTIL', 'SEMI', 'TRAC')",dmv,body_type;county;state,IN;IN;IN,"[""OK"",""PA"",""MD"",""IL"",""TX"",""FL"",""GA"",""ONEIDA"",""NIAGARA"",""OUT-OF-STATE"",""ULSTER"",""BROOME"",""SCHENECTADY"",""RENSSELAER"",""OSWEGO"",""ONTARIO"",""4DSD"",""PICK"",""2DSD"",""BOAT"",""LTRL"",""MCY"",""TRLR"",""VAN"",""CONV"",""ATV"",""SNOW"",""DUMP"",""BUS"",""H/TR"",""UTIL"",""SEMI"",""TRAC""]",AND,3,571.0,2714.0,4.753064798598949,2882.0,5.047285464098073,2829.0,4.954465849387041,6655.0,11.654991243432574,6911.0,12.103327495621716,3968.0,6.949211908931699
dmv.1581,"SELECT COUNT(*) FROM DMV  WHERE Record_Type IN ('VEH', 'TRL') AND Registration_Class IN ('OMT', 'OMS', 'ATV', 'SNO', 'HOU', 'ORG', 'SEM', 'HIS', 'IRP', 'OMR', 'STA', 'AGR', 'SPO', 'FAR', 'RGL', 'MED', 'SCL', 'SPC', 'TRC', 'OML', 'LMB', 'TOW', 'ORC', 'AMB', 'ORM') AND County IN ('QUEENS', 'ERIE', 'WESTCHESTER', 'MONROE') AND Body_Type IN ('LTRL', 'MCY') AND Scofflaw_Indicator = 'N' AND Revocation_Indicator = 'N'",dmv,body_type;county;record_type;registration_class;revocation_indicator;scofflaw_indicator,IN;IN;IN;IN;=;=,"[""VEH"",""TRL"",""OMT"",""OMS"",""ATV"",""SNO"",""HOU"",""ORG"",""SEM"",""HIS"",""IRP"",""OMR"",""STA"",""AGR"",""SPO"",""FAR"",""RGL"",""MED"",""SCL"",""SPC"",""TRC"",""OML"",""LMB"",""TOW"",""ORC"",""AMB"",""ORM"",""QUEENS"",""ERIE"",""WESTCHESTER"",""MONROE"",""LTRL"",""MCY"",""N"",""N""]",AND,6,941.0,4099.0,4.3560042507970245,4016.0,4.267800212539851,4092.0,4.348565356004251,9889.0,10.509032943676939,9917.0,10.538788522848034,5778.0,6.140276301806589
dmv.1285,"SELECT COUNT(*) FROM DMV  WHERE Registration_Class = 'OMS' AND County IN ('RICHMOND', 'NEW YORK', 'ALBANY', 'DUTCHESS', 'SARATOGA', 'ROCKLAND', 'ONEIDA', 'NIAGARA', 'OUT-OF-STATE', 'ULSTER') AND Scofflaw_Indicator = 'N' AND Suspension_Indicator = 'N' AND Revocation_Indicator = 'N'",dmv,county;registration_class;revocation_indicator;scofflaw_indicator;suspension_indicator,=;IN;=;=;=,"[""OMS"",""RICHMOND"",""NEW YORK"",""ALBANY"",""DUTCHESS"",""SARATOGA"",""ROCKLAND"",""ONEIDA"",""NIAGARA"",""OUT-OF-STATE"",""ULSTER"",""N"",""N"",""N""]",AND,5,2154.0,8398.0,3.8987929433611885,7638.0,3.5459610027855155,7928.0,3.680594243268338,19315.0,8.967038068709378,20151.0,9.355153203342619,10915.0,5.067316620241411
dmv.337,"SELECT COUNT(*) FROM DMV  WHERE Registration_Class IN ('BOT', 'MOT', 'TRL', 'SRF', 'PSD', 'OMT', 'OMS', 'ATV', 'SNO', 'HOU', 'ORG', 'SEM', 'HIS', 'IRP') AND State IN ('NY', 'NJ', 'OK', 'PA', 'MD', 'IL', 'TX', 'FL') AND County IN ('CORTLAND', 'ESSEX', 'ORLEANS', 'SENECA', 'SCHOHARIE', 'LEWIS', 'YATES', 'SCHUYLER', 'HAMILTON') AND Body_Type = '4DSD' AND Scofflaw_Indicator = 'N' AND Suspension_Indicator = 'N' AND Revocation_Indicator = 'N'",dmv,body_type;county;registration_class;revocation_indicator;scofflaw_indicator;state;suspension_indicator,IN;IN;IN;=;=;=;=,"[""BOT"",""MOT"",""TRL"",""SRF"",""PSD"",""OMT"",""OMS"",""ATV"",""SNO"",""HOU"",""ORG"",""SEM"",""HIS"",""IRP"",""NY"",""NJ"",""OK"",""PA"",""MD"",""IL"",""TX"",""FL"",""CORTLAND"",""ESSEX"",""ORLEANS"",""SENECA"",""SCHOHARIE"",""LEWIS"",""YATES"",""SCHUYLER"",""HAMILTON"",""4DSD"",""N"",""N"",""N""]",AND,7,1346.0,5241.0,3.8937592867756314,4858.0,3.609212481426449,5102.0,3.790490341753343,13099.0,9.731797919762258,12386.0,9.202080237741455,7352.0,5.462109955423477
dmv.1201,"SELECT COUNT(*) FROM DMV  WHERE Registration_Class IN ('LTR', 'BOT', 'MOT', 'TRL', 'SRF') AND County IN ('OSWEGO', 'ONTARIO', 'CHAUTAUQUA', 'JEFFERSON', 'ST LAWRENCE', 'WAYNE', 'PUTNAM', 'STEUBEN', 'CLINTON', 'CAYUGA', 'WARREN', 'CHEMUNG', 'TOMPKINS') AND Body_Type IN ('TAXI', 'TOW', 'SEDN', 'REFG', 'RBM', 'RD/S', 'CMIX', 'TR/C', 'AMBU', 'LSV', 'FIRE', 'S/SP', 'HRSE', 'T/CR', 'SN/P', 'SWT', 'LIM', 'CUST', 'EMVR') AND Fuel_Type IN ('GAS', 'NONE') AND Scofflaw_Indicator = 'N' AND Revocation_Indicator = 'N'",dmv,body_type;county;fuel_type;registration_class;revocation_indicator;scofflaw_indicator,IN;IN;IN;IN;=;=,"[""LTR"",""BOT"",""MOT"",""TRL"",""SRF"",""OSWEGO"",""ONTARIO"",""CHAUTAUQUA"",""JEFFERSON"",""ST LAWRENCE"",""WAYNE"",""PUTNAM"",""STEUBEN"",""CLINTON"",""CAYUGA"",""WARREN"",""CHEMUNG"",""TOMPKINS"",""TAXI"",""TOW"",""SEDN"",""REFG"",""RBM"",""RD/S"",""CMIX"",""TR/C"",""AMBU"",""LSV"",""FIRE"",""S/SP"",""HRSE"",""T/CR"",""SN/P"",""SWT"",""LIM"",""CUST"",""EMVR"",""GAS"",""NONE"",""N"",""N""]",AND,6,52.0,238.0,4.576923076923077,186.0,3.576923076923077,217.0,4.173076923076923,590.0,11.346153846153847,500.0,9.615384615384615,306.0,5.884615384615385
dmv.562,"SELECT COUNT(*) FROM DMV  WHERE Record_Type = 'VEH' AND Registration_Class IN ('PAS', 'COM', 'LTR', 'BOT', 'MOT', 'TRL', 'SRF', 'PSD', 'OMT', 'OMS', 'ATV', 'SNO', 'HOU', 'ORG', 'SEM', 'HIS', 'IRP', 'OMR', 'STA', 'AGR', 'SPO', 'FAR', 'RGL', 'MED', 'SCL', 'SPC', 'TRC', 'OML', 'LMB', 'TOW', 'ORC') AND State IN ('CA', 'VA', 'NC', 'TN', 'NH', 'AL', 'VT', 'SC', 'MO', 'MN', 'CO', 'MI', 'DE', 'WA', 'NT', 'RI', 'AR', 'NV', 'ME', 'KY', 'DC', 'WV', 'UT', 'KS', 'LA', 'ON', 'NM', 'NU', 'MT', 'OR', 'NE', 'HI', 'IA', 'AK', 'MS', 'SD', 'QC', 'WY', 'ND') AND County IN ('SULLIVAN', 'CATTARAUGUS', 'MADISON', 'COLUMBIA', 'LIVINGSTON', 'WASHINGTON', 'HERKIMER', 'GENESEE', 'OTSEGO', 'FULTON', 'GREENE', 'FRANKLIN', 'MONTGOMERY', 'CHENANGO', 'TIOGA', 'DELAWARE', 'WYOMING', 'ALLEGANY', 'CORTLAND') AND Body_Type IN ('SUBN', '4DSD', 'PICK', '2DSD', 'BOAT', 'LTRL', 'MCY', 'TRLR') AND Scofflaw_Indicator = 'N' AND Suspension_Indicator = 'N' AND Revocation_Indicator = 'N'",dmv,body_type;county;record_type;registration_class;revocation_indicator;scofflaw_indicator;state;suspension_indicator,=;IN;IN;IN;IN;=;=;=,"[""VEH"",""PAS"",""COM"",""LTR"",""BOT"",""MOT"",""TRL"",""SRF"",""PSD"",""OMT"",""OMS"",""ATV"",""SNO"",""HOU"",""ORG"",""SEM"",""HIS"",""IRP"",""OMR"",""STA"",""AGR"",""SPO"",""FAR"",""RGL"",""MED"",""SCL"",""SPC"",""TRC"",""OML"",""LMB"",""TOW"",""ORC"",""CA"",""VA"",""NC"",""TN"",""NH"",""AL"",""VT"",""SC"",""MO"",""MN"",""CO"",""MI"",""DE"",""WA"",""NT"",""RI"",""AR"",""NV"",""ME"",""KY"",""DC"",""WV"",""UT"",""KS"",""LA"",""ON"",""NM"",""NU"",""MT"",""OR"",""NE"",""HI"",""IA"",""AK"",""MS"",""SD"",""QC"",""WY"",""ND"",""SULLIVAN"",""CATTARAUGUS"",""MADISON"",""COLUMBIA"",""LIVINGSTON"",""WASHINGTON"",""HERKIMER"",""GENESEE"",""OTSEGO"",""FULTON"",""GREENE"",""FRANKLIN"",""MONTGOMERY"",""CHENANGO"",""TIOGA"",""DELAWARE"",""WYOMING"",""ALLEGANY"",""CORTLAND"",""SUBN"",""4DSD"",""PICK"",""2DSD"",""BOAT"",""LTRL"",""MCY"",""TRLR"",""N"",""N"",""N""]",AND,8,214.0,1104.0,5.158878504672897,679.0,3.1728971962616823,510.0,2.383177570093458,2971.0,13.883177570093459,1411.0,6.593457943925234,728.0,3.4018691588785046
dmv.1935,"SELECT COUNT(*) FROM DMV  WHERE Record_Type = 'VEH' AND Registration_Class IN ('BOT', 'MOT', 'TRL', 'SRF') AND State IN ('NY', 'NJ', 'OK', 'PA', 'MD', 'IL', 'TX', 'FL', 'GA', 'CT', 'IN', 'OH', 'WI', 'MA', 'AZ', 'CA', 'VA', 'NC', 'TN', 'NH') AND Body_Type IN ('TANK', 'MOPD', 'TAXI', 'TOW', 'SEDN', 'REFG', 'RBM', 'RD/S', 'CMIX', 'TR/C', 'AMBU', 'LSV', 'FIRE', 'S/SP', 'HRSE', 'T/CR', 'SN/P', 'SWT', 'LIM') AND Fuel_Type = 'GAS' AND Scofflaw_Indicator = 'N' AND Suspension_Indicator = 'N' AND Revocation_Indicator = 'N'",dmv,body_type;fuel_type;record_type;registration_class;revocation_indicator;scofflaw_indicator;state;suspension_indicator,=;IN;IN;IN;=;=;=;=,"[""VEH"",""BOT"",""MOT"",""TRL"",""SRF"",""NY"",""NJ"",""OK"",""PA"",""MD"",""IL"",""TX"",""FL"",""GA"",""CT"",""IN"",""OH"",""WI"",""MA"",""AZ"",""CA"",""VA"",""NC"",""TN"",""NH"",""TANK"",""MOPD"",""TAXI"",""TOW"",""SEDN"",""REFG"",""RBM"",""RD/S"",""CMIX"",""TR/C"",""AMBU"",""LSV"",""FIRE"",""S/SP"",""HRSE"",""T/CR"",""SN/P"",""SWT"",""LIM"",""GAS"",""N"",""N"",""N""]",AND,8,653.0,1949.0,2.98468606431853,1872.0,2.86676875957121,2094.0,3.2067381316998467,4849.0,7.4257274119448695,4763.0,7.294027565084226,2986.0,4.572741194486984
dmv.265,"SELECT COUNT(*) FROM DMV  WHERE Record_Type IN ('VEH', 'TRL') AND State IN ('NJ', 'OK', 'PA', 'MD', 'IL', 'TX', 'FL', 'GA', 'CT', 'IN', 'OH', 'WI', 'MA', 'AZ', 'CA', 'VA', 'NC', 'TN', 'NH', 'AL', 'VT', 'SC', 'MO', 'MN', 'CO', 'MI', 'DE', 'WA', 'NT', 'RI', 'AR') AND County IN ('ALBANY', 'DUTCHESS', 'SARATOGA', 'ROCKLAND', 'ONEIDA', 'NIAGARA', 'OUT-OF-STATE', 'ULSTER', 'BROOME', 'SCHENECTADY', 'RENSSELAER') AND Body_Type IN ('4DSD', 'PICK', '2DSD', 'BOAT', 'LTRL', 'MCY', 'TRLR', 'VAN', 'CONV', 'ATV', 'SNOW', 'DUMP', 'BUS', 'H/TR', 'UTIL', 'SEMI', 'TRAC', 'H/WH', 'DELV', 'FLAT', 'P/SH', 'STAK', 'TANK', 'MOPD') AND Fuel_Type IN ('GAS', 'NONE') AND Scofflaw_Indicator = 'N' AND Suspension_Indicator = 'N'",dmv,body_type;county;fuel_type;record_type;scofflaw_indicator;state;suspension_indicator,IN;IN;IN;IN;IN;=;=,"[""VEH"",""TRL"",""NJ"",""OK"",""PA"",""MD"",""IL"",""TX"",""FL"",""GA"",""CT"",""IN"",""OH"",""WI"",""MA"",""AZ"",""CA"",""VA"",""NC"",""TN"",""NH"",""AL"",""VT"",""SC"",""MO"",""MN"",""CO"",""MI"",""DE"",""WA"",""NT"",""RI"",""AR"",""ALBANY"",""DUTCHESS"",""SARATOGA"",""ROCKLAND"",""ONEIDA"",""NIAGARA"",""OUT-OF-STATE"",""ULSTER"",""BROOME"",""SCHENECTADY"",""RENSSELAER"",""4DSD"",""PICK"",""2DSD"",""BOAT"",""LTRL"",""MCY"",""TRLR"",""VAN"",""CONV"",""ATV"",""SNOW"",""DUMP"",""BUS"",""H/TR"",""UTIL"",""SEMI"",""TRAC"",""H/WH"",""DELV"",""FLAT"",""P/SH"",""STAK"",""TANK"",""MOPD"",""GAS"",""NONE"",""N"",""N""]",AND,7,2848.0,7055.0,2.477176966292135,7176.0,2.519662921348315,7230.0,2.538623595505618,16935.0,5.946278089887641,17439.0,6.123244382022472,10088.0,3.542134831460674
dmv.404,"SELECT COUNT(*) FROM DMV  WHERE Record_Type = 'VEH' AND Registration_Class = 'PAS' AND County IN ('BRONX', 'RICHMOND', 'NEW YORK', 'ALBANY', 'DUTCHESS', 'SARATOGA', 'ROCKLAND', 'ONEIDA', 'NIAGARA', 'OUT-OF-STATE', 'ULSTER', 'BROOME', 'SCHENECTADY') AND Body_Type IN ('BOAT', 'LTRL', 'MCY', 'TRLR', 'VAN', 'CONV') AND Fuel_Type IN ('GAS', 'NONE') AND Scofflaw_Indicator = 'N' AND Suspension_Indicator = 'N'",dmv,body_type;county;fuel_type;record_type;registration_class;scofflaw_indicator;suspension_indicator,=;=;IN;IN;IN;=;=,"[""VEH"",""PAS"",""BRONX"",""RICHMOND"",""NEW YORK"",""ALBANY"",""DUTCHESS"",""SARATOGA"",""ROCKLAND"",""ONEIDA"",""NIAGARA"",""OUT-OF-STATE"",""ULSTER"",""BROOME"",""SCHENECTADY"",""BOAT"",""LTRL"",""MCY"",""TRLR"",""VAN"",""CONV"",""GAS"",""NONE"",""N"",""N""]",AND,7,38782.0,89111.0,2.2977412201536795,90627.0,2.336831519777216,90758.0,2.3402093754834716,222523.0,5.737790727657161,220426.0,5.68371925119901,128615.0,3.3163581042751793
dmv.976,"SELECT COUNT(*) FROM DMV  WHERE State IN ('CA', 'VA', 'NC', 'TN', 'NH', 'AL', 'VT', 'SC', 'MO', 'MN', 'CO', 'MI', 'DE', 'WA', 'NT', 'RI', 'AR', 'NV', 'ME', 'KY', 'DC', 'WV', 'UT', 'KS', 'LA', 'ON', 'NM', 'NU', 'MT', 'OR', 'NE', 'HI', 'IA', 'AK', 'MS', 'SD', 'QC', 'WY', 'ND', 'PR', 'ID') AND County IN ('STEUBEN', 'CLINTON', 'CAYUGA', 'WARREN', 'CHEMUNG', 'TOMPKINS', 'SULLIVAN', 'CATTARAUGUS', 'MADISON', 'COLUMBIA', 'LIVINGSTON', 'WASHINGTON', 'HERKIMER', 'GENESEE', 'OTSEGO', 'FULTON', 'GREENE') AND Body_Type IN ('SUBN', '4DSD', 'PICK', '2DSD', 'BOAT', 'LTRL', 'MCY', 'TRLR', 'VAN', 'CONV', 'ATV', 'SNOW', 'DUMP', 'BUS', 'H/TR', 'UTIL', 'SEMI', 'TRAC', 'H/WH') AND Fuel_Type IN ('GAS', 'NONE', 'DIESEL') AND Scofflaw_Indicator = 'N' AND Revocation_Indicator = 'N'",dmv,body_type;county;fuel_type;revocation_indicator;scofflaw_indicator;state,IN;IN;IN;IN;=;=,"[""CA"",""VA"",""NC"",""TN"",""NH"",""AL"",""VT"",""SC"",""MO"",""MN"",""CO"",""MI"",""DE"",""WA"",""NT"",""RI"",""AR"",""NV"",""ME"",""KY"",""DC"",""WV"",""UT"",""KS"",""LA"",""ON"",""NM"",""NU"",""MT"",""OR"",""NE"",""HI"",""IA"",""AK"",""MS"",""SD"",""QC"",""WY"",""ND"",""PR"",""ID"",""STEUBEN"",""CLINTON"",""CAYUGA"",""WARREN"",""CHEMUNG"",""TOMPKINS"",""SULLIVAN"",""CATTARAUGUS"",""MADISON"",""COLUMBIA"",""LIVINGSTON"",""WASHINGTON"",""HERKIMER"",""GENESEE"",""OTSEGO"",""FULTON"",""GREENE"",""SUBN"",""4DSD"",""PICK"",""2DSD"",""BOAT"",""LTRL"",""MCY"",""TRLR"",""VAN"",""CONV"",""ATV"",""SNOW"",""DUMP"",""BUS"",""H/TR"",""UTIL"",""SEMI"",""TRAC"",""H/WH"",""GAS"",""NONE"",""DIESEL"",""N"",""N""]",AND,6,427.0,1493.0,3.496487119437939,917.0,2.1475409836065573,671.0,1.5714285714285714,4174.0,9.775175644028103,1862.0,4.360655737704918,958.0,2.243559718969555
dmv.536,"SELECT COUNT(*) FROM DMV  WHERE Record_Type = 'VEH' AND Registration_Class IN ('PAS', 'COM', 'LTR', 'BOT', 'MOT', 'TRL', 'SRF', 'PSD', 'OMT', 'OMS', 'ATV', 'SNO', 'HOU', 'ORG', 'SEM', 'HIS', 'IRP') AND County IN ('BRONX', 'RICHMOND', 'NEW YORK', 'ALBANY', 'DUTCHESS', 'SARATOGA', 'ROCKLAND', 'ONEIDA', 'NIAGARA', 'OUT-OF-STATE', 'ULSTER', 'BROOME', 'SCHENECTADY', 'RENSSELAER') AND Body_Type IN ('MCY', 'TRLR', 'VAN', 'CONV', 'ATV', 'SNOW', 'DUMP', 'BUS', 'H/TR', 'UTIL', 'SEMI', 'TRAC', 'H/WH', 'DELV') AND Fuel_Type = 'NONE' AND Scofflaw_Indicator = 'N'",dmv,body_type;county;fuel_type;record_type;registration_class;scofflaw_indicator,=;IN;IN;IN;=;=,"[""VEH"",""PAS"",""COM"",""LTR"",""BOT"",""MOT"",""TRL"",""SRF"",""PSD"",""OMT"",""OMS"",""ATV"",""SNO"",""HOU"",""ORG"",""SEM"",""HIS"",""IRP"",""BRONX"",""RICHMOND"",""NEW YORK"",""ALBANY"",""DUTCHESS"",""SARATOGA"",""ROCKLAND"",""ONEIDA"",""NIAGARA"",""OUT-OF-STATE"",""ULSTER"",""BROOME"",""SCHENECTADY"",""RENSSELAER"",""MCY"",""TRLR"",""VAN"",""CONV"",""ATV"",""SNOW"",""DUMP"",""BUS"",""H/TR"",""UTIL"",""SEMI"",""TRAC"",""H/WH"",""DELV"",""NONE"",""N""]",AND,6,2651.0,5133.0,1.9362504715201811,5248.0,1.979630328178046,5234.0,1.974349302150132,12732.0,4.802715956242928,13017.0,4.910222557525462,7519.0,2.836288193134666
