candidate_id,mechanism,columns,selected_frequency,selected,accepted_rounds,singleton_positive_frequency,present_frequency,absent_frequency
cand_c614cf6de073226f0aa4,mcv,"[""record_type"",""registration_class""]",0,,A:;B:;C:;D:;E:,5,5,0
cand_f5f353d914b36187882c,mcv,"[""record_type"",""state""]",0,,A:;B:;C:;D:;E:,5,5,0
cand_ea5acfb9a4e9bf9c4ee2,mcv,"[""record_type"",""county""]",0,,A:;B:;C:;D:;E:,5,5,0
cand_f94acad130c4ac5b3553,mcv,"[""record_type"",""body_type""]",5,A;B;C;D;E,A:1;B:1;C:1;D:1;E:1,5,5,0
cand_6ca6020979af5e5766a4,mcv,"[""record_type"",""fuel_type""]",5,A;B;C;D;E,A:4;B:4;C:4;D:4;E:4,0,5,0
cand_08a7c0809e27527cb40f,mcv,"[""record_type"",""scofflaw_indicator""]",0,,A:;B:;C:;D:;E:,5,5,0
cand_e25a986fe1b364e78595,mcv,"[""record_type"",""suspension_indicator""]",0,,A:;B:;C:;D:;E:,5,5,0
cand_bc69a49224dd80292b07,mcv,"[""record_type"",""revocation_indicator""]",0,,A:;B:;C:;D:;E:,0,5,0
cand_4818ce79b7b4b07709c2,mcv,"[""registration_class"",""state""]",0,,A:;B:;C:;D:;E:,0,5,0
cand_9f93544dce1d63b0f711,mcv,"[""registration_class"",""county""]",0,,A:;B:;C:;D:;E:,2,5,0
cand_c6f83d66ce3d1e079f11,mcv,"[""registration_class"",""body_type""]",5,A;B;C;D;E,A:2;B:2;C:2;D:2;E:2,0,5,0
cand_1f420ce5268e234e658c,mcv,"[""registration_class"",""fuel_type""]",5,A;B;C;D;E,A:3;B:3;C:3;D:3;E:3,1,5,0
cand_67f23918cdad906be4ea,mcv,"[""registration_class"",""scofflaw_indicator""]",0,,A:;B:;C:;D:;E:,2,5,0
cand_7513ba127d94672ed612,mcv,"[""registration_class"",""suspension_indicator""]",0,,A:;B:;C:;D:;E:,0,5,0
cand_b8a5e9986c1d9a33b825,mcv,"[""registration_class"",""revocation_indicator""]",0,,A:;B:;C:;D:;E:,0,5,0
cand_93041865e5a926191d54,mcv,"[""state"",""county""]",5,A;B;C;D;E,A:6;B:5;C:6;D:6;E:6,5,5,0
cand_f9cdb92e50791f0d58b6,mcv,"[""state"",""body_type""]",0,,A:;B:;C:;D:;E:,0,5,0
cand_2408bc6708d3e202809c,mcv,"[""state"",""fuel_type""]",0,,A:;B:;C:;D:;E:,0,5,0
cand_560443d79842b416ea0d,mcv,"[""state"",""scofflaw_indicator""]",4,A;B;C;D,A:8;B:10;C:11;D:9;E:,5,5,0
cand_72a4065afe7511935b18,mcv,"[""state"",""suspension_indicator""]",0,,A:;B:;C:;D:;E:,1,5,0
cand_0fdc909a2a3cf9718db9,mcv,"[""state"",""revocation_indicator""]",5,A;B;C;D;E,A:11;B:8;C:9;D:11;E:8,5,5,0
cand_7531356383a7948fede1,mcv,"[""county"",""body_type""]",3,A;C;D,A:10;B:;C:12;D:10;E:,5,5,0
cand_d0bacba4d271fabbb378,mcv,"[""county"",""fuel_type""]",0,,A:;B:;C:;D:;E:,3,5,0
cand_323246ee68602507a57d,mcv,"[""county"",""scofflaw_indicator""]",0,,A:;B:;C:;D:;E:,2,5,0
cand_1f373962efd7e5718e85,mcv,"[""county"",""suspension_indicator""]",0,,A:;B:;C:;D:;E:,0,5,0
cand_6161166747fb16ce38eb,mcv,"[""county"",""revocation_indicator""]",0,,A:;B:;C:;D:;E:,5,5,0
cand_0275ee8f6b218bf6a5a1,mcv,"[""body_type"",""fuel_type""]",0,,A:;B:;C:;D:;E:,0,5,0
cand_799d0072c9c0e8bc7bb8,mcv,"[""body_type"",""scofflaw_indicator""]",0,,A:;B:;C:;D:;E:,5,5,0
cand_5005700887020f58d09a,mcv,"[""body_type"",""suspension_indicator""]",0,,A:;B:;C:;D:;E:,5,5,0
cand_b18e2586ffe14b36f703,mcv,"[""body_type"",""revocation_indicator""]",0,,A:;B:;C:;D:;E:,5,5,0
cand_7bad1214667cfa5a9e86,mcv,"[""fuel_type"",""scofflaw_indicator""]",0,,A:;B:;C:;D:;E:,5,5,0
cand_d81088ebd0b428f317e8,mcv,"[""fuel_type"",""suspension_indicator""]",0,,A:;B:;C:;D:;E:,5,5,0
cand_2cc7a6ce91fea1a3633f,mcv,"[""fuel_type"",""revocation_indicator""]",0,,A:;B:;C:;D:;E:,5,5,0
cand_a5d58adc88429a8a1a93,mcv,"[""scofflaw_indicator"",""suspension_indicator""]",0,,A:;B:;C:;D:;E:,3,5,0
cand_4647f51bb46042cafc21,mcv,"[""scofflaw_indicator"",""revocation_indicator""]",0,,A:;B:;C:;D:;E:,0,5,0
cand_4766516fe513466787e9,mcv,"[""suspension_indicator"",""revocation_indicator""]",0,,A:;B:;C:;D:;E:,4,5,0
cand_850ffdf5fc1ceee3e08d,fd,"[""record_type"",""registration_class""]",5,A;B;C;D;E,A:7;B:7;C:7;D:7;E:7,0,5,0
cand_9a47b4882350bf5fccf9,fd,"[""record_type"",""state""]",5,A;B;C;D;E,A:27;B:28;C:28;D:25;E:27,5,5,0
cand_6b0e7e9b7d7eb883405b,fd,"[""record_type"",""county""]",0,,A:;B:;C:;D:;E:,0,0,5
cand_0715050eb032f5528139,fd,"[""record_type"",""body_type""]",0,,A:;B:;C:;D:;E:,0,5,0
cand_79ef5e4c653bbbb46dec,fd,"[""record_type"",""fuel_type""]",0,,A:;B:;C:;D:;E:,5,5,0
cand_835deeb29a9e7947a98b,fd,"[""record_type"",""scofflaw_indicator""]",5,A;B;C;D;E,A:28;B:29;C:26;D:24;E:28,5,5,0
cand_b6cafc68143c6fa37e85,fd,"[""record_type"",""suspension_indicator""]",5,A;B;C;D;E,A:17;B:17;C:17;D:17;E:17,0,5,0
cand_f002ec4adfff3911240b,fd,"[""record_type"",""revocation_indicator""]",5,A;B;C;D;E,A:19;B:19;C:19;D:19;E:21,0,5,0
cand_d17d4fee04bca1295fdb,fd,"[""registration_class"",""state""]",5,A;B;C;D;E,A:21;B:20;C:22;D:20;E:19,2,5,0
cand_aea8cd0109869655caf1,fd,"[""registration_class"",""county""]",0,,A:;B:;C:;D:;E:,0,5,0
cand_c7f3b001bf1756cd2ed9,fd,"[""registration_class"",""body_type""]",0,,A:;B:;C:;D:;E:,0,5,0
cand_a06f9852e67c463f73a2,fd,"[""registration_class"",""fuel_type""]",0,,A:;B:;C:;D:;E:,5,5,0
cand_044e770ab213d0ef37b1,fd,"[""registration_class"",""scofflaw_indicator""]",5,A;B;C;D;E,A:20;B:21;C:20;D:21;E:22,5,5,0
cand_01b1f84ca5c01d3f532f,fd,"[""registration_class"",""suspension_indicator""]",0,,A:;B:;C:;D:;E:,0,5,0
cand_cfb64b0bf69c059cd760,fd,"[""registration_class"",""revocation_indicator""]",5,A;B;C;D;E,A:12;B:9;C:10;D:12;E:12,0,5,0
cand_bfad1c9b37411e1a5d68,fd,"[""state"",""county""]",0,,A:;B:;C:;D:;E:,0,5,0
cand_6505783b203dc0346b49,fd,"[""state"",""body_type""]",5,A;B;C;D;E,A:25;B:27;C:27;D:26;E:10,5,5,0
cand_7b08320f31dae1c5e9f4,fd,"[""state"",""fuel_type""]",5,A;B;C;D;E,A:30;B:25;C:29;D:27;E:25,5,5,0
cand_867399ba1c9a9eab8364,fd,"[""state"",""scofflaw_indicator""]",1,E,A:;B:;C:;D:;E:29,5,5,0
cand_e95bcd15c94c80f62716,fd,"[""state"",""suspension_indicator""]",4,A;B;C;E,A:26;B:26;C:25;D:;E:24,0,5,0
cand_0ffaccec3f557491b6ba,fd,"[""state"",""revocation_indicator""]",0,,A:;B:;C:;D:;E:,0,5,0
cand_f457f7acd881e6884fac,fd,"[""county"",""body_type""]",2,B;E,A:;B:18;C:;D:;E:20,1,5,0
cand_5e3a909effbf6f7d6e21,fd,"[""county"",""fuel_type""]",2,A;C,A:29;B:;C:31;D:;E:,2,2,3
cand_cf35fb1b66d3371735fd,fd,"[""county"",""scofflaw_indicator""]",5,A;B;C;D;E,A:18;B:16;C:16;D:16;E:18,5,5,0
cand_4c7d493f98b0c50576d2,fd,"[""county"",""suspension_indicator""]",1,E,A:;B:;C:;D:;E:11,2,5,0
cand_663a31a8fc0678a2324b,fd,"[""county"",""revocation_indicator""]",5,A;B;C;D;E,A:9;B:11;C:8;D:8;E:9,5,5,0
cand_bb3c9704bc50457d0385,fd,"[""body_type"",""fuel_type""]",5,A;B;C;D;E,A:5;B:6;C:5;D:5;E:5,5,5,0
cand_a658273d38918de4ed71,fd,"[""body_type"",""scofflaw_indicator""]",5,A;B;C;D;E,A:23;B:23;C:23;D:22;E:23,5,5,0
cand_9e3965b9e6ab7faacc4e,fd,"[""body_type"",""suspension_indicator""]",5,A;B;C;D;E,A:13;B:12;C:13;D:14;E:13,0,5,0
cand_2bea04f8b2c85ff2a4e0,fd,"[""body_type"",""revocation_indicator""]",5,A;B;C;D;E,A:15;B:13;C:15;D:13;E:14,0,5,0
cand_d033eb981110aa21d3df,fd,"[""fuel_type"",""scofflaw_indicator""]",5,A;B;C;D;E,A:24;B:24;C:24;D:23;E:26,5,5,0
cand_0ef1e644231e36b17de7,fd,"[""fuel_type"",""suspension_indicator""]",5,A;B;C;D;E,A:14;B:14;C:14;D:18;E:15,5,5,0
cand_dd4fa07161dcf5def8eb,fd,"[""fuel_type"",""revocation_indicator""]",5,A;B;C;D;E,A:16;B:15;C:18;D:15;E:16,0,5,0
cand_86d407b8a724ee28f443,fd,"[""scofflaw_indicator"",""suspension_indicator""]",2,B;C,A:;B:30;C:30;D:;E:,2,2,3
cand_5400d6d245a511006593,fd,"[""scofflaw_indicator"",""revocation_indicator""]",4,A;B;D;E,A:31;B:31;C:;D:28;E:30,5,5,0
cand_d102d0d6903dbc44935f,fd,"[""suspension_indicator"",""revocation_indicator""]",3,A;B;C,A:22;B:22;C:21;D:;E:,0,3,2
