configuration_id,configuration_kind,role,n_mcv,n_fd,mean_seconds,median_seconds,stddev_seconds,cv,min_seconds,max_seconds
empty,empty,fit,0,0,0.2296678205556317,0.2276612349996867,0.004876702637850835,0.02123372192957945,0.2230973460000314,0.23719351199997618
fd-128,fd-only,fit,0,128,0.6183270591110259,0.6103634730006888,0.02917975204481997,0.04719145250859949,0.5941742879995218,0.6916533580006217
fd-16,fd-only,fit,0,16,0.2920440565555206,0.2920907130001069,0.004813955804255751,0.01648366298233694,0.28253104599934886,0.29813223400014977
fd-32,fd-only,fit,0,32,0.38110520966660666,0.3684214119994067,0.041620644081281716,0.10921037819895385,0.3400242489997254,0.47677344200019434
fd-64,fd-only,fit,0,64,0.4572195447778237,0.4477520810005444,0.021352377733098934,0.046700492087394636,0.4363396589997137,0.4993897320000542
mcv-128,mcv-only,fit,128,0,0.4107417440000063,0.407864031999452,0.01033787144601931,0.02516878694954159,0.3996198129998447,0.4274304279997523
mcv-16,mcv-only,fit,16,0,0.25697868377776306,0.24587484499988932,0.02063945343538736,0.08031581893086705,0.23286314200049674,0.2909559059999083
mcv-32,mcv-only,fit,32,0,0.30555433544426097,0.3052625669997724,0.02934469041917092,0.09603755213129339,0.27041570100027457,0.34650479599986284
mcv-64,mcv-only,fit,64,0,0.3194981106665485,0.3197550479999336,0.009755932017626718,0.03053517905715793,0.3065596819997154,0.33345717300016986
mixed-128-128,mixed,held-out,128,128,0.7756861204446371,0.7717545960003918,0.017998463244146463,0.023203281288350787,0.751006702000268,0.806692531000408
mixed-128-64,mixed,held-out,128,64,0.6195783848888823,0.6123529559999952,0.022616970305500247,0.03650380784274207,0.5948415499997282,0.656721937999464
mixed-16-16,mixed,held-out,16,16,0.30888957822228097,0.30915296700004546,0.00803704664574344,0.02601915769382118,0.2955037310002808,0.32388213200010796
mixed-64-128,mixed,held-out,64,128,0.6752976657776849,0.6708442919998561,0.01957247653963809,0.02898348022141921,0.6572503649995269,0.7164980560000913
