run_id,configuration_id,configuration_kind,role,n_mcv,n_fd,statistics_target,repetition,elapsed_seconds,is_warmup,order_index
cal-1e071ae4da13,mixed-16-16,mixed,held-out,16,16,100,0,0.32223454499944637,True,0
cal-1e071ae4da13,mixed-16-16,mixed,held-out,16,16,100,1,0.3133049669995671,False,0
cal-1e071ae4da13,mixed-16-16,mixed,held-out,16,16,100,2,0.32388213200010796,False,0
cal-1e071ae4da13,mixed-16-16,mixed,held-out,16,16,100,3,0.3031629980005164,False,0
cal-1e071ae4da13,mixed-16-16,mixed,held-out,16,16,100,4,0.30634229499992216,False,0
cal-1e071ae4da13,mixed-16-16,mixed,held-out,16,16,100,5,0.30411824400016485,False,0
cal-1e071ae4da13,mixed-16-16,mixed,held-out,16,16,100,6,0.31022793099964474,False,0
cal-1e071ae4da13,mixed-16-16,mixed,held-out,16,16,100,7,0.3143109390002792,False,0
cal-1e071ae4da13,mixed-16-16,mixed,held-out,16,16,100,8,0.30915296700004546,False,0
cal-1e071ae4da13,mixed-16-16,mixed,held-out,16,16,100,9,0.2955037310002808,False,0
cal-1e071ae4da13,mcv-64,mcv-only,fit,64,0,100,0,0.30945292900014465,True,1
cal-1e071ae4da13,mcv-64,mcv-only,fit,64,0,100,1,0.3065596819997154,False,1
cal-1e071ae4da13,mcv-64,mcv-only,fit,64,0,100,2,0.3116715539999859,False,1
cal-1e071ae4da13,mcv-64,mcv-only,fit,64,0,100,3,0.3197550479999336,False,1
cal-1e071ae4da13,mcv-64,mcv-only,fit,64,0,100,4,0.31179265699938696,False,1
cal-1e071ae4da13,mcv-64,mcv-only,fit,64,0,100,5,0.3120154399994135,False,1
cal-1e071ae4da13,mcv-64,mcv-only,fit,64,0,100,6,0.33345717300016986,False,1
cal-1e071ae4da13,mcv-64,mcv-only,fit,64,0,100,7,0.32999514600032853,False,1
cal-1e071ae4da13,mcv-64,mcv-only,fit,64,0,100,8,0.32016211399968597,False,1
cal-1e071ae4da13,mcv-64,mcv-only,fit,64,0,100,9,0.3300741820003168,False,1
cal-1e071ae4da13,mixed-128-128,mixed,held-out,128,128,100,0,0.7538649120006085,True,2
cal-1e071ae4da13,mixed-128-128,mixed,held-out,128,128,100,1,0.7595307250003316,False,2
cal-1e071ae4da13,mixed-128-128,mixed,held-out,128,128,100,2,0.7717545960003918,False,2
cal-1e071ae4da13,mixed-128-128,mixed,held-out,128,128,100,3,0.751006702000268,False,2
cal-1e071ae4da13,mixed-128-128,mixed,held-out,128,128,100,4,0.7616903030002504,False,2
cal-1e071ae4da13,mixed-128-128,mixed,held-out,128,128,100,5,0.78944603599939,False,2
cal-1e071ae4da13,mixed-128-128,mixed,held-out,128,128,100,6,0.7665651540000908,False,2
cal-1e071ae4da13,mixed-128-128,mixed,held-out,128,128,100,7,0.806692531000408,False,2
cal-1e071ae4da13,mixed-128-128,mixed,held-out,128,128,100,8,0.7851197580002918,False,2
cal-1e071ae4da13,mixed-128-128,mixed,held-out,128,128,100,9,0.7893692790003115,False,2
cal-1e071ae4da13,mcv-128,mcv-only,fit,128,0,100,0,0.4160902599996916,True,3
cal-1e071ae4da13,mcv-128,mcv-only,fit,128,0,100,1,0.407864031999452,False,3
cal-1e071ae4da13,mcv-128,mcv-only,fit,128,0,100,2,0.40064023500053736,False,3
cal-1e071ae4da13,mcv-128,mcv-only,fit,128,0,100,3,0.4030236700000387,False,3
cal-1e071ae4da13,mcv-128,mcv-only,fit,128,0,100,4,0.42589458900056343,False,3
cal-1e071ae4da13,mcv-128,mcv-only,fit,128,0,100,5,0.4051072419997581,False,3
cal-1e071ae4da13,mcv-128,mcv-only,fit,128,0,100,6,0.3996198129998447,False,3
cal-1e071ae4da13,mcv-128,mcv-only,fit,128,0,100,7,0.4274304279997523,False,3
cal-1e071ae4da13,mcv-128,mcv-only,fit,128,0,100,8,0.41524608899999293,False,3
cal-1e071ae4da13,mcv-128,mcv-only,fit,128,0,100,9,0.4118495980001171,False,3
cal-1e071ae4da13,fd-16,fd-only,fit,0,16,100,0,0.28638992800006235,True,4
cal-1e071ae4da13,fd-16,fd-only,fit,0,16,100,1,0.29050325699972745,False,4
cal-1e071ae4da13,fd-16,fd-only,fit,0,16,100,2,0.2880686540001989,False,4
cal-1e071ae4da13,fd-16,fd-only,fit,0,16,100,3,0.2954637709999588,False,4
cal-1e071ae4da13,fd-16,fd-only,fit,0,16,100,4,0.29813223400014977,False,4
cal-1e071ae4da13,fd-16,fd-only,fit,0,16,100,5,0.296628420000161,False,4
cal-1e071ae4da13,fd-16,fd-only,fit,0,16,100,6,0.29429791799975646,False,4
cal-1e071ae4da13,fd-16,fd-only,fit,0,16,100,7,0.2920907130001069,False,4
cal-1e071ae4da13,fd-16,fd-only,fit,0,16,100,8,0.28253104599934886,False,4
cal-1e071ae4da13,fd-16,fd-only,fit,0,16,100,9,0.29068049600027734,False,4
cal-1e071ae4da13,mixed-128-64,mixed,held-out,128,64,100,0,0.6053110960001504,True,5
cal-1e071ae4da13,mixed-128-64,mixed,held-out,128,64,100,1,0.6148218769994855,False,5
cal-1e071ae4da13,mixed-128-64,mixed,held-out,128,64,100,2,0.5989911300002859,False,5
cal-1e071ae4da13,mixed-128-64,mixed,held-out,128,64,100,3,0.6121495710003728,False,5
cal-1e071ae4da13,mixed-128-64,mixed,held-out,128,64,100,4,0.6035689939999429,False,5
cal-1e071ae4da13,mixed-128-64,mixed,held-out,128,64,100,5,0.6123529559999952,False,5
cal-1e071ae4da13,mixed-128-64,mixed,held-out,128,64,100,6,0.5948415499997282,False,5
cal-1e071ae4da13,mixed-128-64,mixed,held-out,128,64,100,7,0.656721937999464,False,5
cal-1e071ae4da13,mixed-128-64,mixed,held-out,128,64,100,8,0.6283403090001229,False,5
cal-1e071ae4da13,mixed-128-64,mixed,held-out,128,64,100,9,0.6544171390005431,False,5
cal-1e071ae4da13,fd-64,fd-only,fit,0,64,100,0,0.5478429049999249,True,6
cal-1e071ae4da13,fd-64,fd-only,fit,0,64,100,1,0.47717214999920543,False,6
cal-1e071ae4da13,fd-64,fd-only,fit,0,64,100,2,0.4732814110002437,False,6
cal-1e071ae4da13,fd-64,fd-only,fit,0,64,100,3,0.4445090360004542,False,6
cal-1e071ae4da13,fd-64,fd-only,fit,0,64,100,4,0.4993897320000542,False,6
cal-1e071ae4da13,fd-64,fd-only,fit,0,64,100,5,0.4469241090000651,False,6
cal-1e071ae4da13,fd-64,fd-only,fit,0,64,100,6,0.4477520810005444,False,6
cal-1e071ae4da13,fd-64,fd-only,fit,0,64,100,7,0.4363396589997137,False,6
cal-1e071ae4da13,fd-64,fd-only,fit,0,64,100,8,0.45227124899975024,False,6
cal-1e071ae4da13,fd-64,fd-only,fit,0,64,100,9,0.4373364760003824,False,6
cal-1e071ae4da13,mcv-16,mcv-only,fit,16,0,100,0,0.24439289800011466,True,7
cal-1e071ae4da13,mcv-16,mcv-only,fit,16,0,100,1,0.24587484499988932,False,7
cal-1e071ae4da13,mcv-16,mcv-only,fit,16,0,100,2,0.2544935590003661,False,7
cal-1e071ae4da13,mcv-16,mcv-only,fit,16,0,100,3,0.24565322899979947,False,7
cal-1e071ae4da13,mcv-16,mcv-only,fit,16,0,100,4,0.23286314200049674,False,7
cal-1e071ae4da13,mcv-16,mcv-only,fit,16,0,100,5,0.24336094399950525,False,7
cal-1e071ae4da13,mcv-16,mcv-only,fit,16,0,100,6,0.24247997899965412,False,7
cal-1e071ae4da13,mcv-16,mcv-only,fit,16,0,100,7,0.2719790560004185,False,7
cal-1e071ae4da13,mcv-16,mcv-only,fit,16,0,100,8,0.28514749399982975,False,7
cal-1e071ae4da13,mcv-16,mcv-only,fit,16,0,100,9,0.2909559059999083,False,7
cal-1e071ae4da13,mcv-32,mcv-only,fit,32,0,100,0,0.3218105119995016,True,8
cal-1e071ae4da13,mcv-32,mcv-only,fit,32,0,100,1,0.31390173899944784,False,8
cal-1e071ae4da13,mcv-32,mcv-only,fit,32,0,100,2,0.34097715899952163,False,8
cal-1e071ae4da13,mcv-32,mcv-only,fit,32,0,100,3,0.3305045999995855,False,8
cal-1e071ae4da13,mcv-32,mcv-only,fit,32,0,100,4,0.34650479599986284,False,8
cal-1e071ae4da13,mcv-32,mcv-only,fit,32,0,100,5,0.3052625669997724,False,8
cal-1e071ae4da13,mcv-32,mcv-only,fit,32,0,100,6,0.2918253170000753,False,8
cal-1e071ae4da13,mcv-32,mcv-only,fit,32,0,100,7,0.2776285869995263,False,8
cal-1e071ae4da13,mcv-32,mcv-only,fit,32,0,100,8,0.27296855300028255,False,8
cal-1e071ae4da13,mcv-32,mcv-only,fit,32,0,100,9,0.27041570100027457,False,8
cal-1e071ae4da13,empty,empty,fit,0,0,100,0,0.23339819300053932,True,9
cal-1e071ae4da13,empty,empty,fit,0,0,100,1,0.23719351199997618,False,9
cal-1e071ae4da13,empty,empty,fit,0,0,100,2,0.23462559499967028,False,9
cal-1e071ae4da13,empty,empty,fit,0,0,100,3,0.23541448100058915,False,9
cal-1e071ae4da13,empty,empty,fit,0,0,100,4,0.22605483799998183,False,9
cal-1e071ae4da13,empty,empty,fit,0,0,100,5,0.22726579800018953,False,9
cal-1e071ae4da13,empty,empty,fit,0,0,100,6,0.22914870200020232,False,9
cal-1e071ae4da13,empty,empty,fit,0,0,100,7,0.22654887800035794,False,9
cal-1e071ae4da13,empty,empty,fit,0,0,100,8,0.2230973460000314,False,9
cal-1e071ae4da13,empty,empty,fit,0,0,100,9,0.2276612349996867,False,9
cal-1e071ae4da13,fd-32,fd-only,fit,0,32,100,0,0.3884372619995702,True,10
cal-1e071ae4da13,fd-32,fd-only,fit,0,32,100,1,0.47677344200019434,False,10
cal-1e071ae4da13,fd-32,fd-only,fit,0,32,100,2,0.3976056609999432,False,10
cal-1e071ae4da13,fd-32,fd-only,fit,0,32,100,3,0.3977218800000628,False,10
cal-1e071ae4da13,fd-32,fd-only,fit,0,32,100,4,0.3858655459998772,False,10
cal-1e071ae4da13,fd-32,fd-only,fit,0,32,100,5,0.3443925230003515,False,10
cal-1e071ae4da13,fd-32,fd-only,fit,0,32,100,6,0.3400242489997254,False,10
cal-1e071ae4da13,fd-32,fd-only,fit,0,32,100,7,0.3572267629997441,False,10
cal-1e071ae4da13,fd-32,fd-only,fit,0,32,100,8,0.36191541100015456,False,10
cal-1e071ae4da13,fd-32,fd-only,fit,0,32,100,9,0.3684214119994067,False,10
cal-1e071ae4da13,fd-128,fd-only,fit,0,128,100,0,0.6532435230001283,True,11
cal-1e071ae4da13,fd-128,fd-only,fit,0,128,100,1,0.605698986999414,False,11
cal-1e071ae4da13,fd-128,fd-only,fit,0,128,100,2,0.6098165740004333,False,11
cal-1e071ae4da13,fd-128,fd-only,fit,0,128,100,3,0.5969061529995088,False,11
cal-1e071ae4da13,fd-128,fd-only,fit,0,128,100,4,0.6195555169997533,False,11
cal-1e071ae4da13,fd-128,fd-only,fit,0,128,100,5,0.6114639339994028,False,11
cal-1e071ae4da13,fd-128,fd-only,fit,0,128,100,6,0.625311247999889,False,11
cal-1e071ae4da13,fd-128,fd-only,fit,0,128,100,7,0.6103634730006888,False,11
cal-1e071ae4da13,fd-128,fd-only,fit,0,128,100,8,0.5941742879995218,False,11
cal-1e071ae4da13,fd-128,fd-only,fit,0,128,100,9,0.6916533580006217,False,11
cal-1e071ae4da13,mixed-64-128,mixed,held-out,64,128,100,0,0.7433654860005845,True,12
cal-1e071ae4da13,mixed-64-128,mixed,held-out,64,128,100,1,0.7164980560000913,False,12
cal-1e071ae4da13,mixed-64-128,mixed,held-out,64,128,100,2,0.6973922930001208,False,12
cal-1e071ae4da13,mixed-64-128,mixed,held-out,64,128,100,3,0.6651899449998382,False,12
cal-1e071ae4da13,mixed-64-128,mixed,held-out,64,128,100,4,0.657327369000086,False,12
cal-1e071ae4da13,mixed-64-128,mixed,held-out,64,128,100,5,0.6719360329998381,False,12
cal-1e071ae4da13,mixed-64-128,mixed,held-out,64,128,100,6,0.6757836079996196,False,12
cal-1e071ae4da13,mixed-64-128,mixed,held-out,64,128,100,7,0.6572503649995269,False,12
cal-1e071ae4da13,mixed-64-128,mixed,held-out,64,128,100,8,0.6708442919998561,False,12
cal-1e071ae4da13,mixed-64-128,mixed,held-out,64,128,100,9,0.6654570310001873,False,12
