budget_fraction,budget,run,phase,round,accepted_move,objective_before,objective_after,cost_after
0.1,1146.45031219779468381,1,greedy-add,1,add:cand_449fa599b32af3a5039b,5586.930692724469,2949.9782311993554,1.747411898796996
0.1,1146.45031219779468381,1,greedy-add,2,add:cand_57ecad07b9ddfc92cbe9,2949.9782311993554,2085.776550877465,3.494823797593992
0.1,1146.45031219779468381,1,greedy-add,3,add:cand_8800308d8e997ed3f8ad,2085.776550877465,1671.317096999538,5.242235696390988
0.1,1146.45031219779468381,1,greedy-add,4,add:cand_ec94d4fcaa39e54f2f3f,1671.317096999538,1521.7271293414956,6.989647595187984
0.1,1146.45031219779468381,1,greedy-add,5,add:cand_c9321427349837fbbce7,1521.7271293414956,1378.928138020749,8.737059493984980
0.1,1146.45031219779468381,1,greedy-add,6,add:cand_50e40f909d08e40748f4,1378.928138020749,1261.0520062994115,10.484471392781976
0.1,1146.45031219779468381,1,greedy-add,7,add:cand_6e828ab1e97b874ef25a,1261.0520062994115,1236.4554905736543,12.231883291578972
0.1,1146.45031219779468381,1,greedy-add,8,add:cand_4fa98ecd2ad6069efe03,1236.4554905736543,1224.171318573511,13.979295190375968
0.1,1146.45031219779468381,1,greedy-add,9,add:cand_61bd8d15a2050d1f9514,1224.171318573511,1214.899327841394,15.726707089172964
0.1,1146.45031219779468381,1,greedy-add,10,add:cand_cef18d243e8dc73a4663,1214.899327841394,1205.635813513518,17.474118987969960
0.1,1146.45031219779468381,1,greedy-add,11,add:cand_b003decb3dc0d1078d24,1205.635813513518,1196.6218329480241,19.221530886766956
0.1,1146.45031219779468381,1,greedy-add,12,add:cand_3b241c7ba815af7c635d,1196.6218329480241,1187.6383054825399,20.968942785563952
0.1,1146.45031219779468381,1,greedy-add,13,add:cand_0f6d24f9d2bd31d7fb7b,1187.6383054825399,1179.9252809379009,22.716354684360948
0.1,1146.45031219779468381,1,greedy-add,14,add:cand_7a944bbfa4a6afec5f05,1179.9252809379009,1172.5728000112163,24.463766583157944
0.1,1146.45031219779468381,1,greedy-add,15,add:cand_42438001f797a0f49f75,1172.5728000112163,1165.5914459611301,26.211178481954940
0.1,1146.45031219779468381,1,greedy-add,16,add:cand_8b1bffbe8ae4affeb912,1165.5914459611301,1159.1742952930842,27.958590380751936
0.1,1146.45031219779468381,1,greedy-add,17,add:cand_87d189706a45647005d0,1159.1742952930842,1153.1022003291819,29.706002279548932
0.1,1146.45031219779468381,1,greedy-add,18,add:cand_44039dad73bc808f29b8,1153.1022003291819,1147.2146299558076,31.453414178345928
0.1,1146.45031219779468381,1,greedy-add,19,add:cand_28e06e079b7fe2ddeb13,1147.2146299558076,1142.172321310827,33.200826077142924
0.1,1146.45031219779468381,1,greedy-add,20,add:cand_e6705691ad8647703baa,1142.172321310827,1136.9701119715467,34.948237975939920
0.1,1146.45031219779468381,1,greedy-add,21,add:cand_8610d476a0cb88d48a72,1136.9701119715467,1132.4971441931366,36.695649874736916
0.1,1146.45031219779468381,1,greedy-add,22,add:cand_f2735ea5a5c0c05242bd,1132.4971441931366,1128.0325548212427,38.443061773533912
0.1,1146.45031219779468381,1,greedy-add,23,add:cand_a7ce81ad2618c11f1ffa,1128.0325548212427,1123.709700453239,40.190473672330908
0.1,1146.45031219779468381,1,greedy-add,24,add:cand_9ccac2dc89e39971c55a,1123.709700453239,1119.482139140962,41.937885571127904
0.1,1146.45031219779468381,1,greedy-add,25,add:cand_381d6c6f8b25371f6b73,1119.482139140962,1115.3986652893693,43.685297469924900
0.1,1146.45031219779468381,1,greedy-add,26,add:cand_1086aac25bfb3ba422df,1115.3986652893693,1111.3543053674564,45.432709368721896
0.1,1146.45031219779468381,1,greedy-add,27,add:cand_ea654d977d77db152ccf,1111.3543053674564,1107.5545538630345,47.180121267518892
0.1,1146.45031219779468381,1,greedy-add,28,add:cand_ade37bd28fc84c1141ca,1107.5545538630345,1103.952092561741,48.927533166315888
0.1,1146.45031219779468381,1,greedy-add,29,add:cand_d8d57a00a67cc7f9fb4f,1103.952092561741,1100.421998543954,50.674945065112884
0.1,1146.45031219779468381,1,greedy-add,30,add:cand_8d548383ec2b7f8ae6b6,1100.421998543954,1096.960831070118,52.422356963909880
0.1,1146.45031219779468381,1,greedy-add,31,add:cand_f36e7d2f513cb273a2d6,1096.960831070118,1093.55594872296,54.169768862706876
0.1,1146.45031219779468381,1,greedy-add,32,add:cand_ccf7cccf750ab88f4a07,1093.55594872296,1090.2275176296396,55.917180761503872
0.1,1146.45031219779468381,1,greedy-add,33,add:cand_6f14b3786d2f81d26e39,1090.2275176296396,1087.0585600122283,57.664592660300868
0.1,1146.45031219779468381,1,greedy-add,34,add:cand_1420db7ca1404e5cf7be,1087.0585600122283,1083.9583386867732,59.412004559097864
0.1,1146.45031219779468381,1,greedy-add,35,add:cand_9e9013be9d95a31d929b,1083.9583386867732,1081.2039883449186,61.159416457894860
0.1,1146.45031219779468381,1,greedy-add,36,add:cand_477b95f78964d9b306cc,1081.2039883449186,1078.5290139604795,62.906828356691856
