query_id,truth,budget_fraction,estimate,qerror,baseline_estimate,baseline_qerror,delta_qerror,outcome
census-q001,398593.0,0.0,710916.0,1.7835636852629122,710916.0,1.7835636852629122,0.0,unchanged
census-q002,1169696.0,0.0,1298243.0,1.1098977854074905,1298243.0,1.1098977854074905,0.0,unchanged
census-q003,153603.0,0.0,42822.0,3.5870113493064313,42822.0,3.5870113493064313,0.0,unchanged
census-q004,353211.0,0.0,103015.0,3.428733679561229,103015.0,3.428733679561229,0.0,unchanged
census-q005,259137.0,0.0,153983.0,1.6828935661728892,153983.0,1.6828935661728892,0.0,unchanged
census-q006,179263.0,0.0,39815.0,4.502398593494914,39815.0,4.502398593494914,0.0,unchanged
census-q007,70879.0,0.0,13918.0,5.092613881304785,13918.0,5.092613881304785,0.0,unchanged
census-q008,348610.0,0.0,105237.0,3.3126181856191264,105237.0,3.3126181856191264,0.0,unchanged
census-q009,1692096.0,0.0,1692408.0,1.0001843867014637,1692408.0,1.0001843867014637,0.0,unchanged
census-q010,346092.0,0.0,46043.0,7.516712638186044,46043.0,7.516712638186044,0.0,unchanged
census-q011,5897.0,0.0,17264.0,2.92759030015262,17264.0,2.92759030015262,0.0,unchanged
census-q012,822409.0,0.0,1002330.0,1.2187731408581375,1002330.0,1.2187731408581375,0.0,unchanged
census-q013,271365.0,0.0,38756.0,7.001883579316751,38756.0,7.001883579316751,0.0,unchanged
census-q014,1733829.0,0.0,1749322.0,1.008935713960258,1749322.0,1.008935713960258,0.0,unchanged
census-q015,235902.0,0.0,48255.0,4.888654025489586,48255.0,4.888654025489586,0.0,unchanged
census-q016,21702.0,0.0,3356.0,6.466626936829559,3356.0,6.466626936829559,0.0,unchanged
census-q017,282064.0,0.0,116071.0,2.430098818826408,116071.0,2.430098818826408,0.0,unchanged
census-q018,1159605.0,0.0,1006773.0,1.151803832641519,1006773.0,1.151803832641519,0.0,unchanged
census-q019,729463.0,0.0,794891.0,1.0896933771829413,794891.0,1.0896933771829413,0.0,unchanged
census-q020,382272.0,0.0,99208.0,3.853237642125635,99208.0,3.853237642125635,0.0,unchanged
census-q021,307344.0,0.0,165812.0,1.853569102356886,165812.0,1.853569102356886,0.0,unchanged
census-q022,22999.0,0.0,124298.0,5.40449584764555,124298.0,5.40449584764555,0.0,unchanged
census-q023,532077.0,0.0,194082.0,2.741506167496213,194082.0,2.741506167496213,0.0,unchanged
census-q024,222982.0,0.0,95851.0,2.326339839959938,95851.0,2.326339839959938,0.0,unchanged
census-q025,1066437.0,0.0,1138474.0,1.067549231693949,1138474.0,1.067549231693949,0.0,unchanged
census-q026,436996.0,0.0,430894.0,1.014161255436372,430894.0,1.014161255436372,0.0,unchanged
census-q027,7271.0,0.0,29504.0,4.057763718883235,29504.0,4.057763718883235,0.0,unchanged
census-q028,326562.0,0.0,122914.0,2.6568332329921733,122914.0,2.6568332329921733,0.0,unchanged
census-q029,1245700.0,0.0,1261643.0,1.0127984265874608,1261643.0,1.0127984265874608,0.0,unchanged
census-q030,1420650.0,0.0,1402541.0,1.0129115655086018,1402541.0,1.0129115655086018,0.0,unchanged
census-q031,892639.0,0.0,911034.0,1.0206074348084724,911034.0,1.0206074348084724,0.0,unchanged
census-q032,225688.0,0.0,117641.0,1.9184468000102006,117641.0,1.9184468000102006,0.0,unchanged
census-q033,760578.0,0.0,774314.0,1.0180599491439406,774314.0,1.0180599491439406,0.0,unchanged
census-q034,10499.0,0.0,13678.0,1.3027907419754263,13678.0,1.3027907419754263,0.0,unchanged
census-q035,62443.0,0.0,47961.0,1.3019536706907695,47961.0,1.3019536706907695,0.0,unchanged
census-q036,230215.0,0.0,110662.0,2.080343749435217,110662.0,2.080343749435217,0.0,unchanged
census-q037,2272797.0,0.0,2268767.0,1.001776295229964,2268767.0,1.001776295229964,0.0,unchanged
census-q038,240935.0,0.0,554323.0,2.3007159607362984,554323.0,2.3007159607362984,0.0,unchanged
census-q039,906852.0,0.0,954021.0,1.0520140000793956,954021.0,1.0520140000793956,0.0,unchanged
census-q040,1073988.0,0.0,791123.0,1.3575486997597086,791123.0,1.3575486997597086,0.0,unchanged
census-q041,6134.0,0.0,46269.0,7.543038800130421,46269.0,7.543038800130421,0.0,unchanged
census-q042,705244.0,0.0,199020.0,3.543583559441262,199020.0,3.543583559441262,0.0,unchanged
census-q043,939977.0,0.0,960662.0,1.0220058575901325,960662.0,1.0220058575901325,0.0,unchanged
census-q044,929332.0,0.0,885960.0,1.0489548060860536,885960.0,1.0489548060860536,0.0,unchanged
census-q045,1686355.0,0.0,1711146.0,1.0147009378215144,1711146.0,1.0147009378215144,0.0,unchanged
census-q046,667148.0,0.0,138282.0,4.8245469403103804,138282.0,4.8245469403103804,0.0,unchanged
census-q047,1041828.0,0.0,810988.0,1.2846404632374337,810988.0,1.2846404632374337,0.0,unchanged
census-q048,290392.0,0.0,50345.0,5.768040520409176,50345.0,5.768040520409176,0.0,unchanged
census-q049,688793.0,0.0,445243.0,1.5470046693603268,445243.0,1.5470046693603268,0.0,unchanged
census-q050,392605.0,0.0,83411.0,4.7068731941830215,83411.0,4.7068731941830215,0.0,unchanged
census-q051,328942.0,0.0,189691.0,1.7340938684492149,189691.0,1.7340938684492149,0.0,unchanged
census-q052,108683.0,0.0,32125.0,3.383128404669261,32125.0,3.383128404669261,0.0,unchanged
census-q053,1206142.0,0.0,1205315.0,1.0006861276927608,1205315.0,1.0006861276927608,0.0,unchanged
census-q054,93489.0,0.0,32003.0,2.921257382120426,32003.0,2.921257382120426,0.0,unchanged
census-q055,26536.0,0.0,69925.0,2.6350994874886946,69925.0,2.6350994874886946,0.0,unchanged
census-q056,330951.0,0.0,148643.0,2.2264822426888586,148643.0,2.2264822426888586,0.0,unchanged
census-q057,1640701.0,0.0,1588005.0,1.0331837746102814,1588005.0,1.0331837746102814,0.0,unchanged
census-q058,156786.0,0.0,56418.0,2.779006699989365,56418.0,2.779006699989365,0.0,unchanged
census-q059,141.0,0.0,7897.0,56.00709219858156,7897.0,56.00709219858156,0.0,unchanged
census-q060,388216.0,0.0,203047.0,1.9119514201145547,203047.0,1.9119514201145547,0.0,unchanged
census-q061,107.0,0.0,45776.0,427.8130841121495,45776.0,427.8130841121495,0.0,unchanged
census-q062,45.0,0.0,38876.0,863.9111111111112,38876.0,863.9111111111112,0.0,unchanged
census-q063,125668.0,0.0,124232.0,1.011559018610342,124232.0,1.011559018610342,0.0,unchanged
census-q064,408803.0,0.0,99102.0,4.125073156949406,99102.0,4.125073156949406,0.0,unchanged
census-q065,207333.0,0.0,52138.0,3.976619739920979,52138.0,3.976619739920979,0.0,unchanged
census-q066,377578.0,0.0,657215.0,1.740607238769208,657215.0,1.740607238769208,0.0,unchanged
census-q067,177698.0,0.0,53730.0,3.3072399032198025,53730.0,3.3072399032198025,0.0,unchanged
census-q068,138267.0,0.0,132208.0,1.0458292992859737,132208.0,1.0458292992859737,0.0,unchanged
census-q069,825370.0,0.0,627329.0,1.315689215706591,627329.0,1.315689215706591,0.0,unchanged
census-q070,454965.0,0.0,441895.0,1.0295771619954968,441895.0,1.0295771619954968,0.0,unchanged
census-q071,358773.0,0.0,69161.0,5.187504518442474,69161.0,5.187504518442474,0.0,unchanged
census-q072,4079.0,0.0,12463.0,3.0554057367001715,12463.0,3.0554057367001715,0.0,unchanged
census-q073,7095.0,0.0,13545.0,1.9090909090909092,13545.0,1.9090909090909092,0.0,unchanged
census-q074,651009.0,0.0,739835.0,1.1364435821931802,739835.0,1.1364435821931802,0.0,unchanged
census-q075,1205588.0,0.0,1180856.0,1.0209441286659846,1180856.0,1.0209441286659846,0.0,unchanged
census-q076,1227663.0,0.0,1071979.0,1.1452304569399214,1071979.0,1.1452304569399214,0.0,unchanged
census-q077,9841.0,0.0,10850.0,1.102530230667615,10850.0,1.102530230667615,0.0,unchanged
census-q078,637228.0,0.0,642343.0,1.0080269542455762,642343.0,1.0080269542455762,0.0,unchanged
census-q079,1292111.0,0.0,1107760.0,1.1664178161334584,1107760.0,1.1664178161334584,0.0,unchanged
census-q080,850355.0,0.0,1012307.0,1.1904522228951437,1012307.0,1.1904522228951437,0.0,unchanged
census-q081,6565.0,0.0,18869.0,2.874181264280274,18869.0,2.874181264280274,0.0,unchanged
census-q082,238695.0,0.0,77961.0,3.061723169276946,77961.0,3.061723169276946,0.0,unchanged
census-q083,1443409.0,0.0,1443299.0,1.000076214284081,1443299.0,1.000076214284081,0.0,unchanged
census-q084,1520636.0,0.0,1527755.0,1.0046815937541924,1527755.0,1.0046815937541924,0.0,unchanged
census-q085,1168118.0,0.0,1180650.0,1.010728368195679,1180650.0,1.010728368195679,0.0,unchanged
census-q086,544332.0,0.0,695868.0,1.2783889244064284,695868.0,1.2783889244064284,0.0,unchanged
census-q087,179093.0,0.0,80437.0,2.2265002424257494,80437.0,2.2265002424257494,0.0,unchanged
census-q088,719027.0,0.0,749599.0,1.0425185702344975,749599.0,1.0425185702344975,0.0,unchanged
census-q089,598805.0,0.0,579731.0,1.0329014663697473,579731.0,1.0329014663697473,0.0,unchanged
census-q090,635781.0,0.0,515667.0,1.2329293904787393,515667.0,1.2329293904787393,0.0,unchanged
census-q091,106189.0,0.0,56981.0,1.8635861076499185,56981.0,1.8635861076499185,0.0,unchanged
census-q092,1991329.0,0.0,1970273.0,1.0106868439043726,1970273.0,1.0106868439043726,0.0,unchanged
census-q093,275420.0,0.0,89982.0,3.0608343891000422,89982.0,3.0608343891000422,0.0,unchanged
census-q094,508617.0,0.0,656382.0,1.2905231244728352,656382.0,1.2905231244728352,0.0,unchanged
census-q095,101984.0,0.0,38296.0,2.6630457489032797,38296.0,2.6630457489032797,0.0,unchanged
census-q096,982614.0,0.0,564235.0,1.741497780180244,564235.0,1.741497780180244,0.0,unchanged
census-q097,601053.0,0.0,207632.0,2.894799452878169,207632.0,2.894799452878169,0.0,unchanged
census-q098,197834.0,0.0,99997.0,1.9783993519805594,99997.0,1.9783993519805594,0.0,unchanged
census-q099,131909.0,0.0,24923.0,5.292661397103077,24923.0,5.292661397103077,0.0,unchanged
census-q100,344112.0,0.0,88469.0,3.8896336569871934,88469.0,3.8896336569871934,0.0,unchanged
census-q101,240488.0,0.0,63178.0,3.806514926081864,63178.0,3.806514926081864,0.0,unchanged
census-q102,620542.0,0.0,146710.0,4.2297184922636495,146710.0,4.2297184922636495,0.0,unchanged
census-q103,166531.0,0.0,64867.0,2.567268410748146,64867.0,2.567268410748146,0.0,unchanged
census-q104,17211.0,0.0,144700.0,8.407413863227006,144700.0,8.407413863227006,0.0,unchanged
census-q105,381025.0,0.0,157996.0,2.4116116863718067,157996.0,2.4116116863718067,0.0,unchanged
census-q106,628124.0,0.0,716988.0,1.1414752501098508,716988.0,1.1414752501098508,0.0,unchanged
census-q107,1926415.0,0.0,1932343.0,1.0030772185640167,1932343.0,1.0030772185640167,0.0,unchanged
census-q108,127658.0,0.0,47287.0,2.699642607904921,47287.0,2.699642607904921,0.0,unchanged
census-q109,703331.0,0.0,704450.0,1.0015910005388644,704450.0,1.0015910005388644,0.0,unchanged
census-q110,379116.0,0.0,183515.0,2.0658583766994525,183515.0,2.0658583766994525,0.0,unchanged
census-q111,255610.0,0.0,84224.0,3.034883168693009,84224.0,3.034883168693009,0.0,unchanged
census-q112,1764831.0,0.0,1757442.0,1.0042044061767046,1757442.0,1.0042044061767046,0.0,unchanged
census-q113,625504.0,0.0,755388.0,1.2076469534967003,755388.0,1.2076469534967003,0.0,unchanged
census-q114,1053495.0,0.0,990174.0,1.0639493664749833,990174.0,1.0639493664749833,0.0,unchanged
census-q115,768400.0,0.0,529370.0,1.4515367323422181,529370.0,1.4515367323422181,0.0,unchanged
census-q116,37366.0,0.0,10814.0,3.4553356759755873,10814.0,3.4553356759755873,0.0,unchanged
census-q117,464567.0,0.0,161750.0,2.872129829984544,161750.0,2.872129829984544,0.0,unchanged
census-q118,321199.0,0.0,130620.0,2.459033838615832,130620.0,2.459033838615832,0.0,unchanged
census-q119,59826.0,0.0,21401.0,2.7954768468763143,21401.0,2.7954768468763143,0.0,unchanged
census-q120,332407.0,0.0,88635.0,3.7502905172900096,88635.0,3.7502905172900096,0.0,unchanged
census-q121,650184.0,0.0,881765.0,1.3561776358692308,881765.0,1.3561776358692308,0.0,unchanged
census-q122,741291.0,0.0,176642.0,4.1965727290225425,176642.0,4.1965727290225425,0.0,unchanged
census-q123,6026.0,0.0,31923.0,5.297543976103551,31923.0,5.297543976103551,0.0,unchanged
census-q124,321840.0,0.0,112582.0,2.8587163134426463,112582.0,2.8587163134426463,0.0,unchanged
census-q125,48454.0,0.0,92931.0,1.9179221529698272,92931.0,1.9179221529698272,0.0,unchanged
census-q126,441492.0,0.0,450761.0,1.0209947179110834,450761.0,1.0209947179110834,0.0,unchanged
census-q127,461481.0,0.0,104434.0,4.418876994082387,104434.0,4.418876994082387,0.0,unchanged
census-q128,1001001.0,0.0,943647.0,1.06077908370397,943647.0,1.06077908370397,0.0,unchanged
census-q129,355198.0,0.0,143386.0,2.4772153487788207,143386.0,2.4772153487788207,0.0,unchanged
census-q130,811271.0,0.0,596023.0,1.3611404257889377,596023.0,1.3611404257889377,0.0,unchanged
census-q131,2121419.0,0.0,2112355.0,1.0042909454140048,2112355.0,1.0042909454140048,0.0,unchanged
census-q132,857091.0,0.0,547020.0,1.5668366787320391,547020.0,1.5668366787320391,0.0,unchanged
census-q133,574495.0,0.0,58074.0,9.892464786307125,58074.0,9.892464786307125,0.0,unchanged
census-q134,1081192.0,0.0,199912.0,5.40833966945456,199912.0,5.40833966945456,0.0,unchanged
census-q135,242110.0,0.0,141774.0,1.7077179172485788,141774.0,1.7077179172485788,0.0,unchanged
census-q136,1763893.0,0.0,1787880.0,1.0135988974387902,1787880.0,1.0135988974387902,0.0,unchanged
census-q137,428163.0,0.0,476236.0,1.1122773336322849,476236.0,1.1122773336322849,0.0,unchanged
census-q138,393.0,0.0,746.0,1.8982188295165394,746.0,1.8982188295165394,0.0,unchanged
census-q139,1527841.0,0.0,1524263.0,1.0023473639391627,1524263.0,1.0023473639391627,0.0,unchanged
census-q140,1317605.0,0.0,889140.0,1.4818869919247812,889140.0,1.4818869919247812,0.0,unchanged
census-q141,249270.0,0.0,87841.0,2.8377409182500197,87841.0,2.8377409182500197,0.0,unchanged
census-q142,903391.0,0.0,839466.0,1.076149599864676,839466.0,1.076149599864676,0.0,unchanged
census-q143,637974.0,0.0,657452.0,1.0305310247753043,657452.0,1.0305310247753043,0.0,unchanged
census-q144,419741.0,0.0,129822.0,3.233203925374744,129822.0,3.233203925374744,0.0,unchanged
census-q145,1142267.0,0.0,656576.0,1.7397331002046983,656576.0,1.7397331002046983,0.0,unchanged
census-q146,2363776.0,0.0,2366863.0,1.0013059613093627,2366863.0,1.0013059613093627,0.0,unchanged
census-q147,67155.0,0.0,61200.0,1.0973039215686275,61200.0,1.0973039215686275,0.0,unchanged
census-q148,1523610.0,0.0,1460693.0,1.0430733905071086,1460693.0,1.0430733905071086,0.0,unchanged
census-q149,98701.0,0.0,41143.0,2.398974309116982,41143.0,2.398974309116982,0.0,unchanged
census-q150,45407.0,0.0,122386.0,2.6953112956152134,122386.0,2.6953112956152134,0.0,unchanged
census-q151,338234.0,0.0,131579.0,2.570577371769051,131579.0,2.570577371769051,0.0,unchanged
census-q152,598922.0,0.0,575516.0,1.0406695904197276,575516.0,1.0406695904197276,0.0,unchanged
census-q153,2052182.0,0.0,2039789.0,1.0060756284105856,2039789.0,1.0060756284105856,0.0,unchanged
census-q154,503073.0,0.0,505761.0,1.0053431609329064,505761.0,1.0053431609329064,0.0,unchanged
census-q155,878312.0,0.0,1052782.0,1.1986423958684385,1052782.0,1.1986423958684385,0.0,unchanged
census-q156,50441.0,0.0,18096.0,2.7874115826702033,18096.0,2.7874115826702033,0.0,unchanged
census-q157,252200.0,0.0,69983.0,3.603732334995642,69983.0,3.603732334995642,0.0,unchanged
census-q158,118767.0,0.0,129820.0,1.0930645718086673,129820.0,1.0930645718086673,0.0,unchanged
census-q159,3746.0,0.0,5629.0,1.502669514148425,5629.0,1.502669514148425,0.0,unchanged
census-q160,21041.0,0.0,62125.0,2.952568794258828,62125.0,2.952568794258828,0.0,unchanged
census-q161,16041.0,0.0,64198.0,4.0021195686054485,64198.0,4.0021195686054485,0.0,unchanged
census-q162,66281.0,0.0,23769.0,2.788548108881316,23769.0,2.788548108881316,0.0,unchanged
census-q163,358064.0,0.0,78679.0,4.550947520939514,78679.0,4.550947520939514,0.0,unchanged
census-q164,630303.0,0.0,621301.0,1.014488951410025,621301.0,1.014488951410025,0.0,unchanged
census-q165,201557.0,0.0,77851.0,2.5890097750831718,77851.0,2.5890097750831718,0.0,unchanged
census-q166,1665320.0,0.0,1292926.0,1.28802421793668,1292926.0,1.28802421793668,0.0,unchanged
census-q167,119270.0,0.0,95342.0,1.2509701915210505,95342.0,1.2509701915210505,0.0,unchanged
census-q168,1670761.0,0.0,1644999.0,1.0156607997937992,1644999.0,1.0156607997937992,0.0,unchanged
census-q169,909067.0,0.0,888403.0,1.0232597143413518,888403.0,1.0232597143413518,0.0,unchanged
census-q170,8406.0,0.0,23818.0,2.8334522959790625,23818.0,2.8334522959790625,0.0,unchanged
census-q171,66170.0,0.0,27680.0,2.390534682080925,27680.0,2.390534682080925,0.0,unchanged
census-q172,2200066.0,0.0,2200280.0,1.0000972698091783,2200280.0,1.0000972698091783,0.0,unchanged
census-q173,311948.0,0.0,93524.0,3.3354860784397586,93524.0,3.3354860784397586,0.0,unchanged
census-q174,1495191.0,0.0,1552338.0,1.0382205350353233,1552338.0,1.0382205350353233,0.0,unchanged
census-q175,368834.0,0.0,163204.0,2.259956863802358,163204.0,2.259956863802358,0.0,unchanged
census-q176,74825.0,0.0,43966.0,1.7018832734385663,43966.0,1.7018832734385663,0.0,unchanged
census-q177,781332.0,0.0,803664.0,1.0285819600374744,803664.0,1.0285819600374744,0.0,unchanged
census-q178,2274789.0,0.0,2269787.0,1.0022037310108833,2269787.0,1.0022037310108833,0.0,unchanged
census-q179,181126.0,0.0,124406.0,1.4559265630275067,124406.0,1.4559265630275067,0.0,unchanged
census-q180,160412.0,0.0,50879.0,3.152813538001926,50879.0,3.152813538001926,0.0,unchanged
census-q181,431725.0,0.0,107130.0,4.029916923364137,107130.0,4.029916923364137,0.0,unchanged
census-q182,2347978.0,0.0,2347116.0,1.00036725922366,2347116.0,1.00036725922366,0.0,unchanged
census-q183,1048444.0,0.0,1109099.0,1.0578523984113601,1109099.0,1.0578523984113601,0.0,unchanged
census-q184,13.0,0.0,22571.0,1736.2307692307693,22571.0,1736.2307692307693,0.0,unchanged
census-q185,692006.0,0.0,625059.0,1.107105089279572,625059.0,1.107105089279572,0.0,unchanged
census-q186,389708.0,0.0,519313.0,1.33256951358453,519313.0,1.33256951358453,0.0,unchanged
census-q187,449865.0,0.0,619636.0,1.377382103519945,619636.0,1.377382103519945,0.0,unchanged
census-q188,2220842.0,0.0,2218222.0,1.001181126145174,2218222.0,1.001181126145174,0.0,unchanged
census-q189,315698.0,0.0,309152.0,1.0211740503053515,309152.0,1.0211740503053515,0.0,unchanged
census-q190,1408596.0,0.0,1392057.0,1.0118809790116352,1392057.0,1.0118809790116352,0.0,unchanged
census-q191,912882.0,0.0,815475.0,1.119448174376897,815475.0,1.119448174376897,0.0,unchanged
census-q192,865763.0,0.0,686955.0,1.2602907031756083,686955.0,1.2602907031756083,0.0,unchanged
census-q193,1104555.0,0.0,918629.0,1.202395090945311,918629.0,1.202395090945311,0.0,unchanged
census-q194,365975.0,0.0,125025.0,2.927214557088582,125025.0,2.927214557088582,0.0,unchanged
census-q195,456.0,0.0,1035.0,2.2697368421052633,1035.0,2.2697368421052633,0.0,unchanged
census-q196,432105.0,0.0,221342.0,1.9522051847367423,221342.0,1.9522051847367423,0.0,unchanged
census-q197,463363.0,0.0,473098.0,1.021009446157764,473098.0,1.021009446157764,0.0,unchanged
census-q198,437191.0,0.0,580281.0,1.3272940202337193,580281.0,1.3272940202337193,0.0,unchanged
census-q199,93461.0,0.0,168392.0,1.8017354832496977,168392.0,1.8017354832496977,0.0,unchanged
census-q200,933647.0,0.0,562930.0,1.6585490203044784,562930.0,1.6585490203044784,0.0,unchanged
census-q201,2776.0,0.0,15757.0,5.676152737752162,15757.0,5.676152737752162,0.0,unchanged
census-q202,53166.0,0.0,117875.0,2.2171124402813827,117875.0,2.2171124402813827,0.0,unchanged
census-q203,340683.0,0.0,81069.0,4.202383155090108,81069.0,4.202383155090108,0.0,unchanged
census-q204,599017.0,0.0,182502.0,3.2822489616552146,182502.0,3.2822489616552146,0.0,unchanged
census-q205,690215.0,0.0,676703.0,1.0199674007651807,676703.0,1.0199674007651807,0.0,unchanged
census-q206,599603.0,0.0,212028.0,2.827942535891486,212028.0,2.827942535891486,0.0,unchanged
census-q207,633347.0,0.0,932619.0,1.4725245402599207,932619.0,1.4725245402599207,0.0,unchanged
census-q208,199350.0,0.0,36598.0,5.447018962784852,36598.0,5.447018962784852,0.0,unchanged
census-q209,325956.0,0.0,584245.0,1.7924044963123857,584245.0,1.7924044963123857,0.0,unchanged
census-q210,1130667.0,0.0,1109968.0,1.0186482853559742,1109968.0,1.0186482853559742,0.0,unchanged
census-q211,236571.0,0.0,104147.0,2.27151046117507,104147.0,2.27151046117507,0.0,unchanged
census-q212,1383922.0,0.0,1399305.0,1.0111155108452643,1399305.0,1.0111155108452643,0.0,unchanged
census-q213,1707675.0,0.0,1682513.0,1.0149550107488026,1682513.0,1.0149550107488026,0.0,unchanged
census-q214,1524922.0,0.0,1576888.0,1.034077808569881,1576888.0,1.034077808569881,0.0,unchanged
census-q215,400017.0,0.0,158836.0,2.518427812334735,158836.0,2.518427812334735,0.0,unchanged
census-q216,654081.0,0.0,598316.0,1.093203257141711,598316.0,1.093203257141711,0.0,unchanged
census-q217,1592492.0,0.0,1529055.0,1.041487716269199,1529055.0,1.041487716269199,0.0,unchanged
census-q218,24613.0,0.0,2672.0,9.211452095808383,2672.0,9.211452095808383,0.0,unchanged
census-q219,630737.0,0.0,487695.0,1.293302166312962,487695.0,1.293302166312962,0.0,unchanged
census-q220,654249.0,0.0,157032.0,4.166341892098425,157032.0,4.166341892098425,0.0,unchanged
census-q221,1744.0,0.0,84469.0,48.43405963302752,84469.0,48.43405963302752,0.0,unchanged
census-q222,1630915.0,0.0,1514014.0,1.077212628152712,1514014.0,1.077212628152712,0.0,unchanged
census-q223,137240.0,0.0,36954.0,3.7138063538453214,36954.0,3.7138063538453214,0.0,unchanged
census-q224,106665.0,0.0,9849.0,10.830033505939689,9849.0,10.830033505939689,0.0,unchanged
census-q225,1102048.0,0.0,1176282.0,1.0673600423937977,1176282.0,1.0673600423937977,0.0,unchanged
census-q226,159353.0,0.0,484046.0,3.0375706764227846,484046.0,3.0375706764227846,0.0,unchanged
census-q227,1363819.0,0.0,1134609.0,1.2020167299924467,1134609.0,1.2020167299924467,0.0,unchanged
census-q228,764521.0,0.0,803427.0,1.0508893804094328,803427.0,1.0508893804094328,0.0,unchanged
census-q229,10095.0,0.0,93467.0,9.25874195146112,93467.0,9.25874195146112,0.0,unchanged
census-q230,70177.0,0.0,383388.0,5.463157444746854,383388.0,5.463157444746854,0.0,unchanged
census-q231,623238.0,0.0,821045.0,1.3173859745394216,821045.0,1.3173859745394216,0.0,unchanged
census-q232,161275.0,0.0,37726.0,4.274903249748184,37726.0,4.274903249748184,0.0,unchanged
census-q233,327116.0,0.0,103894.0,3.1485552582439795,103894.0,3.1485552582439795,0.0,unchanged
census-q234,1435936.0,0.0,1435857.0,1.0000550194065287,1435857.0,1.0000550194065287,0.0,unchanged
census-q235,60820.0,0.0,25583.0,2.3773599656021576,25583.0,2.3773599656021576,0.0,unchanged
census-q236,642283.0,0.0,563335.0,1.1401439640711122,563335.0,1.1401439640711122,0.0,unchanged
census-q237,155214.0,0.0,33599.0,4.619601773862318,33599.0,4.619601773862318,0.0,unchanged
census-q238,1516171.0,0.0,1429264.0,1.0608054215316414,1429264.0,1.0608054215316414,0.0,unchanged
census-q239,994401.0,0.0,1018831.0,1.024567553733353,1018831.0,1.024567553733353,0.0,unchanged
census-q240,1307789.0,0.0,1151029.0,1.13619118197717,1151029.0,1.13619118197717,0.0,unchanged
census-q241,1938561.0,0.0,1943299.0,1.002444080944577,1943299.0,1.002444080944577,0.0,unchanged
census-q242,980678.0,0.0,1100341.0,1.1220206836494753,1100341.0,1.1220206836494753,0.0,unchanged
census-q243,531779.0,0.0,224951.0,2.363977043889558,224951.0,2.363977043889558,0.0,unchanged
census-q244,389359.0,0.0,100965.0,3.8563759718714405,100965.0,3.8563759718714405,0.0,unchanged
census-q245,187140.0,0.0,36021.0,5.195302740068294,36021.0,5.195302740068294,0.0,unchanged
census-q246,35789.0,0.0,34021.0,1.0519679021780666,34021.0,1.0519679021780666,0.0,unchanged
census-q247,136722.0,0.0,102901.0,1.328675134352436,102901.0,1.328675134352436,0.0,unchanged
census-q248,2363776.0,0.0,2366863.0,1.0013059613093627,2366863.0,1.0013059613093627,0.0,unchanged
census-q249,593309.0,0.0,547366.0,1.0839346981727034,547366.0,1.0839346981727034,0.0,unchanged
census-q250,709980.0,0.0,489005.0,1.451886995020501,489005.0,1.451886995020501,0.0,unchanged
census-q251,348151.0,0.0,88763.0,3.922253641720086,88763.0,3.922253641720086,0.0,unchanged
census-q252,714795.0,0.0,121618.0,5.877378348599714,121618.0,5.877378348599714,0.0,unchanged
census-q253,1081644.0,0.0,1205563.0,1.114565420785397,1205563.0,1.114565420785397,0.0,unchanged
census-q254,284948.0,0.0,56142.0,5.075487157564747,56142.0,5.075487157564747,0.0,unchanged
census-q255,529453.0,0.0,117583.0,4.502802275839194,117583.0,4.502802275839194,0.0,unchanged
census-q256,674979.0,0.0,812524.0,1.20377671009024,812524.0,1.20377671009024,0.0,unchanged
census-q257,552674.0,0.0,509878.0,1.0839338037726671,509878.0,1.0839338037726671,0.0,unchanged
census-q258,1838098.0,0.0,1782891.0,1.0309648767086714,1782891.0,1.0309648767086714,0.0,unchanged
census-q259,81192.0,0.0,71509.0,1.1354095288704917,71509.0,1.1354095288704917,0.0,unchanged
census-q260,295156.0,0.0,269462.0,1.0953529625698615,269462.0,1.0953529625698615,0.0,unchanged
census-q261,1851132.0,0.0,1866312.0,1.0082003876546892,1866312.0,1.0082003876546892,0.0,unchanged
census-q262,463306.0,0.0,194190.0,2.385838611668984,194190.0,2.385838611668984,0.0,unchanged
census-q263,317411.0,0.0,121960.0,2.6025828140373894,121960.0,2.6025828140373894,0.0,unchanged
census-q264,185716.0,0.0,97199.0,1.9106780933960226,97199.0,1.9106780933960226,0.0,unchanged
census-q265,911840.0,0.0,612415.0,1.4889249936725912,612415.0,1.4889249936725912,0.0,unchanged
census-q266,145550.0,0.0,44594.0,3.26389200340853,44594.0,3.26389200340853,0.0,unchanged
census-q267,29790.0,0.0,16130.0,1.846869187848729,16130.0,1.846869187848729,0.0,unchanged
census-q268,1660722.0,0.0,1646016.0,1.0089342995450834,1646016.0,1.0089342995450834,0.0,unchanged
census-q269,357564.0,0.0,71038.0,5.033418733635519,71038.0,5.033418733635519,0.0,unchanged
census-q270,263520.0,0.0,123094.0,2.140802963588802,123094.0,2.140802963588802,0.0,unchanged
census-q271,628648.0,0.0,523252.0,1.201424934830636,523252.0,1.201424934830636,0.0,unchanged
census-q272,1053229.0,0.0,1195951.0,1.1355089918716632,1195951.0,1.1355089918716632,0.0,unchanged
census-q273,50770.0,0.0,35847.0,1.416297040198622,35847.0,1.416297040198622,0.0,unchanged
census-q274,470.0,0.0,21082.0,44.85531914893617,21082.0,44.85531914893617,0.0,unchanged
census-q275,175240.0,0.0,93408.0,1.8760705721137376,93408.0,1.8760705721137376,0.0,unchanged
census-q276,52789.0,0.0,18555.0,2.845001347345729,18555.0,2.845001347345729,0.0,unchanged
census-q277,338836.0,0.0,121644.0,2.7854723619742856,121644.0,2.7854723619742856,0.0,unchanged
census-q278,1735006.0,0.0,1734700.0,1.000176399377414,1734700.0,1.000176399377414,0.0,unchanged
census-q279,193298.0,0.0,94115.0,2.053849014503533,94115.0,2.053849014503533,0.0,unchanged
census-q280,743580.0,0.0,756624.0,1.0175421608972808,756624.0,1.0175421608972808,0.0,unchanged
census-q281,80371.0,0.0,58590.0,1.371752858849633,58590.0,1.371752858849633,0.0,unchanged
census-q282,266594.0,0.0,138690.0,1.9222294325474079,138690.0,1.9222294325474079,0.0,unchanged
census-q283,39220.0,0.0,24359.0,1.610082515702615,24359.0,1.610082515702615,0.0,unchanged
census-q284,1152800.0,0.0,1149187.0,1.0031439617747155,1149187.0,1.0031439617747155,0.0,unchanged
census-q285,1752.0,0.0,30200.0,17.23744292237443,30200.0,17.23744292237443,0.0,unchanged
census-q286,1815244.0,0.0,1751152.0,1.0365999068042067,1751152.0,1.0365999068042067,0.0,unchanged
census-q287,1103497.0,0.0,1089379.0,1.0129596770270035,1089379.0,1.0129596770270035,0.0,unchanged
census-q288,552211.0,0.0,579184.0,1.04884545943489,579184.0,1.04884545943489,0.0,unchanged
census-q289,76429.0,0.0,44365.0,1.722731883241294,44365.0,1.722731883241294,0.0,unchanged
census-q290,77710.0,0.0,28420.0,2.7343420126671356,28420.0,2.7343420126671356,0.0,unchanged
census-q291,478360.0,0.0,549857.0,1.1494627477213815,549857.0,1.1494627477213815,0.0,unchanged
census-q292,1277820.0,0.0,1401154.0,1.096519071543723,1401154.0,1.096519071543723,0.0,unchanged
census-q293,140857.0,0.0,77008.0,1.8291216496987326,77008.0,1.8291216496987326,0.0,unchanged
census-q294,25429.0,0.0,46190.0,1.8164300601675252,46190.0,1.8164300601675252,0.0,unchanged
census-q295,365.0,0.0,43668.0,119.63835616438357,43668.0,119.63835616438357,0.0,unchanged
census-q296,1983966.0,0.0,1986340.0,1.0011965930867768,1986340.0,1.0011965930867768,0.0,unchanged
census-q297,5238.0,0.0,52103.0,9.947117220313096,52103.0,9.947117220313096,0.0,unchanged
census-q298,1148.0,0.0,15592.0,13.581881533101045,15592.0,13.581881533101045,0.0,unchanged
census-q299,1213638.0,0.0,716800.0,1.6931333705357143,716800.0,1.6931333705357143,0.0,unchanged
census-q300,27049.0,0.0,29855.0,1.1037376612813783,29855.0,1.1037376612813783,0.0,unchanged
census-q301,162911.0,0.0,44386.0,3.6703239760284774,44386.0,3.6703239760284774,0.0,unchanged
census-q302,414632.0,0.0,373470.0,1.1102150105764854,373470.0,1.1102150105764854,0.0,unchanged
census-q303,444713.0,0.0,123696.0,3.5952092226102703,123696.0,3.5952092226102703,0.0,unchanged
census-q304,739164.0,0.0,447449.0,1.6519513955780436,447449.0,1.6519513955780436,0.0,unchanged
census-q305,827125.0,0.0,1026043.0,1.24049327489799,1026043.0,1.24049327489799,0.0,unchanged
census-q306,2168997.0,0.0,2172383.0,1.0015610902181977,2172383.0,1.0015610902181977,0.0,unchanged
census-q307,86857.0,0.0,101078.0,1.1637288877119865,101078.0,1.1637288877119865,0.0,unchanged
census-q308,285854.0,0.0,38211.0,7.480934809348094,38211.0,7.480934809348094,0.0,unchanged
census-q309,1544579.0,0.0,1556456.0,1.0076894739602182,1556456.0,1.0076894739602182,0.0,unchanged
census-q310,168283.0,0.0,33201.0,5.068612391193036,33201.0,5.068612391193036,0.0,unchanged
census-q311,247865.0,0.0,149105.0,1.6623520338016833,149105.0,1.6623520338016833,0.0,unchanged
census-q312,463686.0,0.0,569347.0,1.2278718788145426,569347.0,1.2278718788145426,0.0,unchanged
census-q313,1123608.0,0.0,867766.0,1.2948283292961467,867766.0,1.2948283292961467,0.0,unchanged
census-q314,93808.0,0.0,33148.0,2.8299746591046215,33148.0,2.8299746591046215,0.0,unchanged
census-q315,1294332.0,0.0,1280240.0,1.0110073111291633,1280240.0,1.0110073111291633,0.0,unchanged
census-q316,1580565.0,0.0,1497145.0,1.0557193858978255,1497145.0,1.0557193858978255,0.0,unchanged
census-q317,1650592.0,0.0,1294254.0,1.2753230818680104,1294254.0,1.2753230818680104,0.0,unchanged
census-q318,20946.0,0.0,134432.0,6.418027308316623,134432.0,6.418027308316623,0.0,unchanged
census-q319,1231457.0,0.0,1169698.0,1.0527990985707423,1169698.0,1.0527990985707423,0.0,unchanged
census-q320,131509.0,0.0,51995.0,2.529262429079719,51995.0,2.529262429079719,0.0,unchanged
census-q321,16542.0,0.0,6090.0,2.716256157635468,6090.0,2.716256157635468,0.0,unchanged
census-q322,1258949.0,0.0,1304626.0,1.0362818509725176,1304626.0,1.0362818509725176,0.0,unchanged
census-q323,2314187.0,0.0,2308126.0,1.0026259398317077,2308126.0,1.0026259398317077,0.0,unchanged
census-q324,1685672.0,0.0,1664618.0,1.0126479468562757,1664618.0,1.0126479468562757,0.0,unchanged
census-q325,568676.0,0.0,673546.0,1.1844108068566284,673546.0,1.1844108068566284,0.0,unchanged
census-q326,441667.0,0.0,631937.0,1.43079967486817,631937.0,1.43079967486817,0.0,unchanged
census-q327,511466.0,0.0,552372.0,1.0799779457481045,552372.0,1.0799779457481045,0.0,unchanged
census-q328,622981.0,0.0,646198.0,1.037267589220217,646198.0,1.037267589220217,0.0,unchanged
census-q329,881742.0,0.0,229150.0,3.8478813004582153,229150.0,3.8478813004582153,0.0,unchanged
census-q330,197577.0,0.0,115591.0,1.7092766737894818,115591.0,1.7092766737894818,0.0,unchanged
census-q331,451838.0,0.0,82336.0,5.487733190827828,82336.0,5.487733190827828,0.0,unchanged
census-q332,92028.0,0.0,40549.0,2.2695504204789265,40549.0,2.2695504204789265,0.0,unchanged
census-q333,1825452.0,0.0,1833486.0,1.0044011017545245,1833486.0,1.0044011017545245,0.0,unchanged
census-q334,1271744.0,0.0,1228426.0,1.035263011365764,1228426.0,1.035263011365764,0.0,unchanged
census-q335,500.0,0.0,4540.0,9.08,4540.0,9.08,0.0,unchanged
census-q336,331492.0,0.0,221235.0,1.4983705109950958,221235.0,1.4983705109950958,0.0,unchanged
census-q337,358565.0,0.0,457473.0,1.2758439892348667,457473.0,1.2758439892348667,0.0,unchanged
census-q338,149378.0,0.0,48747.0,3.064352678113525,48747.0,3.064352678113525,0.0,unchanged
census-q339,101134.0,0.0,11020.0,9.177313974591652,11020.0,9.177313974591652,0.0,unchanged
census-q340,135777.0,0.0,92340.0,1.4704028589993503,92340.0,1.4704028589993503,0.0,unchanged
census-q341,1318248.0,0.0,1207454.0,1.0917583609810395,1207454.0,1.0917583609810395,0.0,unchanged
census-q342,8976.0,0.0,47240.0,5.262923351158645,47240.0,5.262923351158645,0.0,unchanged
census-q343,76614.0,0.0,11536.0,6.64129680998613,11536.0,6.64129680998613,0.0,unchanged
census-q344,1157655.0,0.0,1137057.0,1.0181151868375993,1137057.0,1.0181151868375993,0.0,unchanged
census-q345,164068.0,0.0,57067.0,2.875006571223299,57067.0,2.875006571223299,0.0,unchanged
census-q346,168194.0,0.0,59798.0,2.8127027659787953,59798.0,2.8127027659787953,0.0,unchanged
census-q347,236434.0,0.0,132287.0,1.7872806851769258,132287.0,1.7872806851769258,0.0,unchanged
census-q348,173479.0,0.0,31602.0,5.489494335801531,31602.0,5.489494335801531,0.0,unchanged
census-q349,2028.0,0.0,9276.0,4.57396449704142,9276.0,4.57396449704142,0.0,unchanged
census-q350,452839.0,0.0,600673.0,1.3264603976247629,600673.0,1.3264603976247629,0.0,unchanged
census-q351,1143782.0,0.0,1115510.0,1.025344461277801,1115510.0,1.025344461277801,0.0,unchanged
census-q352,138560.0,0.0,55010.0,2.518814760952554,55010.0,2.518814760952554,0.0,unchanged
census-q353,38645.0,0.0,6026.0,6.413043478260869,6026.0,6.413043478260869,0.0,unchanged
census-q354,673253.0,0.0,943110.0,1.4008255440376798,943110.0,1.4008255440376798,0.0,unchanged
census-q355,7156.0,0.0,6945.0,1.030381569474442,6945.0,1.030381569474442,0.0,unchanged
census-q356,155793.0,0.0,61649.0,2.527096952099791,61649.0,2.527096952099791,0.0,unchanged
census-q357,12677.0,0.0,19112.0,1.5076122110909522,19112.0,1.5076122110909522,0.0,unchanged
census-q358,31820.0,0.0,3100.0,10.264516129032257,3100.0,10.264516129032257,0.0,unchanged
census-q359,68548.0,0.0,10312.0,6.647401086113266,10312.0,6.647401086113266,0.0,unchanged
census-q360,343254.0,0.0,558281.0,1.6264369825260594,558281.0,1.6264369825260594,0.0,unchanged
census-q361,12111.0,0.0,22583.0,1.8646684831970934,22583.0,1.8646684831970934,0.0,unchanged
census-q362,343817.0,0.0,54585.0,6.298745076486214,54585.0,6.298745076486214,0.0,unchanged
census-q363,188188.0,0.0,109971.0,1.711251148029935,109971.0,1.711251148029935,0.0,unchanged
census-q364,5783.0,0.0,36352.0,6.286010721079025,36352.0,6.286010721079025,0.0,unchanged
census-q365,1701846.0,0.0,1729754.0,1.016398663568854,1729754.0,1.016398663568854,0.0,unchanged
census-q366,418698.0,0.0,545389.0,1.3025832461583289,545389.0,1.3025832461583289,0.0,unchanged
census-q367,7035.0,0.0,8088.0,1.149680170575693,8088.0,1.149680170575693,0.0,unchanged
census-q368,22641.0,0.0,8525.0,2.6558357771260996,8525.0,2.6558357771260996,0.0,unchanged
census-q369,24606.0,0.0,12102.0,2.0332176499752106,12102.0,2.0332176499752106,0.0,unchanged
census-q370,105200.0,0.0,56862.0,1.8500932081178996,56862.0,1.8500932081178996,0.0,unchanged
census-q371,129817.0,0.0,81114.0,1.6004265601499124,81114.0,1.6004265601499124,0.0,unchanged
census-q372,311469.0,0.0,36580.0,8.51473482777474,36580.0,8.51473482777474,0.0,unchanged
census-q373,332673.0,0.0,435952.0,1.3104520054227424,435952.0,1.3104520054227424,0.0,unchanged
census-q374,1703.0,0.0,45134.0,26.502642395772167,45134.0,26.502642395772167,0.0,unchanged
census-q375,1411019.0,0.0,1408944.0,1.0014727341895775,1408944.0,1.0014727341895775,0.0,unchanged
census-q376,1288045.0,0.0,1223466.0,1.0527836490756588,1223466.0,1.0527836490756588,0.0,unchanged
census-q377,1357305.0,0.0,1422749.0,1.0482161341776535,1422749.0,1.0482161341776535,0.0,unchanged
census-q378,49389.0,0.0,67201.0,1.3606471076555509,67201.0,1.3606471076555509,0.0,unchanged
census-q379,637023.0,0.0,563445.0,1.1305859489391157,563445.0,1.1305859489391157,0.0,unchanged
census-q380,1447992.0,0.0,753697.0,1.921185834625851,753697.0,1.921185834625851,0.0,unchanged
census-q381,894.0,0.0,11343.0,12.687919463087248,11343.0,12.687919463087248,0.0,unchanged
census-q382,902.0,0.0,142690.0,158.19290465631929,142690.0,158.19290465631929,0.0,unchanged
census-q383,13466.0,0.0,11016.0,1.222403776325345,11016.0,1.222403776325345,0.0,unchanged
census-q384,385760.0,0.0,456684.0,1.183855246785566,456684.0,1.183855246785566,0.0,unchanged
census-q385,1383239.0,0.0,1422746.0,1.028561224777497,1422746.0,1.028561224777497,0.0,unchanged
census-q386,754488.0,0.0,530528.0,1.4221454852524278,530528.0,1.4221454852524278,0.0,unchanged
census-q387,1057289.0,0.0,722543.0,1.4632886900848807,722543.0,1.4632886900848807,0.0,unchanged
census-q388,997894.0,0.0,167869.0,5.94448051754642,167869.0,5.94448051754642,0.0,unchanged
census-q389,301463.0,0.0,148929.0,2.0242061653539607,148929.0,2.0242061653539607,0.0,unchanged
census-q390,45137.0,0.0,9894.0,4.562057812815848,9894.0,4.562057812815848,0.0,unchanged
census-q391,262767.0,0.0,106451.0,2.4684314849085496,106451.0,2.4684314849085496,0.0,unchanged
census-q392,124135.0,0.0,79158.0,1.5681927284671164,79158.0,1.5681927284671164,0.0,unchanged
census-q393,275485.0,0.0,131817.0,2.08990494397536,131817.0,2.08990494397536,0.0,unchanged
census-q394,603177.0,0.0,102127.0,5.9061462688613195,102127.0,5.9061462688613195,0.0,unchanged
census-q395,3645.0,0.0,9131.0,2.5050754458161864,9131.0,2.5050754458161864,0.0,unchanged
census-q396,793138.0,0.0,766702.0,1.0344801500452587,766702.0,1.0344801500452587,0.0,unchanged
census-q397,706601.0,0.0,664746.0,1.0629638989929988,664746.0,1.0629638989929988,0.0,unchanged
census-q398,935969.0,0.0,774462.0,1.2085408967773759,774462.0,1.2085408967773759,0.0,unchanged
census-q399,512876.0,0.0,690816.0,1.3469454605011737,690816.0,1.3469454605011737,0.0,unchanged
census-q400,1035018.0,0.0,601493.0,1.7207482048835148,601493.0,1.7207482048835148,0.0,unchanged
census-q401,1009516.0,0.0,705613.0,1.4306935954978153,705613.0,1.4306935954978153,0.0,unchanged
census-q402,2145042.0,0.0,2143065.0,1.0009225105164798,2143065.0,1.0009225105164798,0.0,unchanged
census-q403,8307.0,0.0,94316.0,11.353798001685325,94316.0,11.353798001685325,0.0,unchanged
census-q404,188496.0,0.0,67433.0,2.7953079352839114,67433.0,2.7953079352839114,0.0,unchanged
census-q405,38854.0,0.0,79300.0,2.0409739023009212,79300.0,2.0409739023009212,0.0,unchanged
census-q406,1604905.0,0.0,1611928.0,1.004375959947785,1611928.0,1.004375959947785,0.0,unchanged
census-q407,313327.0,0.0,109024.0,2.8739268417963015,109024.0,2.8739268417963015,0.0,unchanged
census-q408,1728898.0,0.0,1709189.0,1.0115311998848577,1709189.0,1.0115311998848577,0.0,unchanged
census-q409,82337.0,0.0,39690.0,2.0745023935500124,39690.0,2.0745023935500124,0.0,unchanged
census-q410,211887.0,0.0,67568.0,3.135907530191807,67568.0,3.135907530191807,0.0,unchanged
census-q411,1095089.0,0.0,1115381.0,1.0185300007579292,1115381.0,1.0185300007579292,0.0,unchanged
census-q412,187290.0,0.0,107006.0,1.7502756854755808,107006.0,1.7502756854755808,0.0,unchanged
census-q413,397182.0,0.0,598367.0,1.5065310109722998,598367.0,1.5065310109722998,0.0,unchanged
census-q414,2363776.0,0.0,2366863.0,1.0013059613093627,2366863.0,1.0013059613093627,0.0,unchanged
census-q415,718699.0,0.0,580738.0,1.2375615165530756,580738.0,1.2375615165530756,0.0,unchanged
census-q416,2288907.0,0.0,2286977.0,1.000843908793136,2286977.0,1.000843908793136,0.0,unchanged
census-q417,110744.0,0.0,65562.0,1.6891492022818095,65562.0,1.6891492022818095,0.0,unchanged
census-q418,329653.0,0.0,313458.0,1.0516656138940463,313458.0,1.0516656138940463,0.0,unchanged
census-q419,620460.0,0.0,612174.0,1.0135353673955445,612174.0,1.0135353673955445,0.0,unchanged
census-q420,66850.0,0.0,10321.0,6.477085553725415,10321.0,6.477085553725415,0.0,unchanged
census-q421,116698.0,0.0,64348.0,1.8135450985267607,64348.0,1.8135450985267607,0.0,unchanged
census-q422,396910.0,0.0,195358.0,2.0317058937949817,195358.0,2.0317058937949817,0.0,unchanged
census-q423,461722.0,0.0,150971.0,3.058348954434958,150971.0,3.058348954434958,0.0,unchanged
census-q424,892223.0,0.0,709687.0,1.2572063458961487,709687.0,1.2572063458961487,0.0,unchanged
census-q425,1907056.0,0.0,1875038.0,1.017075920594676,1875038.0,1.017075920594676,0.0,unchanged
census-q426,461280.0,0.0,467951.0,1.014461932015262,467951.0,1.014461932015262,0.0,unchanged
census-q427,341083.0,0.0,381266.0,1.1178100345077298,381266.0,1.1178100345077298,0.0,unchanged
census-q428,72670.0,0.0,10051.0,7.230126355586509,10051.0,7.230126355586509,0.0,unchanged
census-q429,331756.0,0.0,136794.0,2.4252233285085603,136794.0,2.4252233285085603,0.0,unchanged
census-q430,853357.0,0.0,928023.0,1.0874967920811571,928023.0,1.0874967920811571,0.0,unchanged
census-q431,7892.0,0.0,42446.0,5.378357830714648,42446.0,5.378357830714648,0.0,unchanged
census-q432,287278.0,0.0,281955.0,1.018878899115107,281955.0,1.018878899115107,0.0,unchanged
census-q433,1539629.0,0.0,929996.0,1.6555221742889217,929996.0,1.6555221742889217,0.0,unchanged
census-q434,829622.0,0.0,635276.0,1.3059237244914021,635276.0,1.3059237244914021,0.0,unchanged
census-q435,1775936.0,0.0,1743208.0,1.0187745811171127,1743208.0,1.0187745811171127,0.0,unchanged
census-q436,236807.0,0.0,84503.0,2.802350212418494,84503.0,2.802350212418494,0.0,unchanged
census-q437,204527.0,0.0,66243.0,3.08752622918648,66243.0,3.08752622918648,0.0,unchanged
census-q438,255502.0,0.0,67292.0,3.7969149378826605,67292.0,3.7969149378826605,0.0,unchanged
census-q439,143606.0,0.0,21950.0,6.5424145785876995,21950.0,6.5424145785876995,0.0,unchanged
census-q440,158546.0,0.0,117211.0,1.3526546143280067,117211.0,1.3526546143280067,0.0,unchanged
census-q441,629054.0,0.0,593602.0,1.0597235184517573,593602.0,1.0597235184517573,0.0,unchanged
census-q442,45927.0,0.0,77180.0,1.6804929562131208,77180.0,1.6804929562131208,0.0,unchanged
census-q443,70833.0,0.0,19996.0,3.542358471694339,19996.0,3.542358471694339,0.0,unchanged
census-q444,435379.0,0.0,92162.0,4.724061977821662,92162.0,4.724061977821662,0.0,unchanged
census-q445,127256.0,0.0,24582.0,5.176796029615166,24582.0,5.176796029615166,0.0,unchanged
census-q446,2043794.0,0.0,2045307.0,1.0007402898726585,2045307.0,1.0007402898726585,0.0,unchanged
census-q447,70668.0,0.0,23516.0,3.005102908657935,23516.0,3.005102908657935,0.0,unchanged
census-q448,13763.0,0.0,16085.0,1.168713216595219,16085.0,1.168713216595219,0.0,unchanged
census-q449,783959.0,0.0,1046525.0,1.3349231273574256,1046525.0,1.3349231273574256,0.0,unchanged
census-q450,211782.0,0.0,100900.0,2.098929633300297,100900.0,2.098929633300297,0.0,unchanged
census-q451,996172.0,0.0,672658.0,1.480948713908108,672658.0,1.480948713908108,0.0,unchanged
census-q452,321309.0,0.0,560278.0,1.7437357808215768,560278.0,1.7437357808215768,0.0,unchanged
census-q453,559936.0,0.0,551852.0,1.014648855127824,551852.0,1.014648855127824,0.0,unchanged
census-q454,26723.0,0.0,56969.0,2.131834000673577,56969.0,2.131834000673577,0.0,unchanged
census-q455,361639.0,0.0,95594.0,3.7830721593405445,95594.0,3.7830721593405445,0.0,unchanged
census-q456,188564.0,0.0,149943.0,1.2575712103932828,149943.0,1.2575712103932828,0.0,unchanged
census-q457,642483.0,0.0,598279.0,1.073885260889986,598279.0,1.073885260889986,0.0,unchanged
census-q458,623980.0,0.0,578141.0,1.0792868867629177,578141.0,1.0792868867629177,0.0,unchanged
census-q459,251130.0,0.0,92802.0,2.7060839206051592,92802.0,2.7060839206051592,0.0,unchanged
census-q460,974689.0,0.0,867335.0,1.1237745507791108,867335.0,1.1237745507791108,0.0,unchanged
census-q461,409911.0,0.0,102387.0,4.003545371971051,102387.0,4.003545371971051,0.0,unchanged
census-q462,418027.0,0.0,736202.0,1.761135046300837,736202.0,1.761135046300837,0.0,unchanged
census-q463,106892.0,0.0,32419.0,3.2972022579351616,32419.0,3.2972022579351616,0.0,unchanged
census-q464,511698.0,0.0,129135.0,3.9625043559066095,129135.0,3.9625043559066095,0.0,unchanged
census-q465,29.0,0.0,28390.0,978.9655172413793,28390.0,978.9655172413793,0.0,unchanged
census-q466,760304.0,0.0,677616.0,1.1220278151637506,677616.0,1.1220278151637506,0.0,unchanged
census-q467,608530.0,0.0,113398.0,5.366320393657737,113398.0,5.366320393657737,0.0,unchanged
census-q468,12403.0,0.0,26934.0,2.1715713940175765,26934.0,2.1715713940175765,0.0,unchanged
