budget_fraction,budget,run,phase,round,global_round,selected_count_before,neighborhood_size,infeasible,bound_pruned_no_improvement,bound_pruned_incumbent,bound_pruned,native_evaluated,planner_calls,prune_rate,elapsed_seconds,accepted_move,selected_count_after,objective_before,objective_after,cost_before,cost_after,accepted
0.0,0E-16,1,greedy-add,1,1,0,4506,4506,0,0,0,0,0,0.0,1.9834672890028742,,0,5586.930692724469,5586.930692724469,0,0,False
0.0,0E-16,1,local,1,2,0,4506,4506,0,0,0,0,0,0.0,1.9828881479988922,,0,5586.930692724469,5586.930692724469,0,0,False
0.0,0E-16,2,greedy-add,1,1,0,4506,4506,0,0,0,0,0,0.0,2.0462545539994608,,0,5586.930692724469,5586.930692724469,0,0,False
0.0,0E-16,2,local,1,2,0,4506,4506,0,0,0,0,0,0.0,2.015699804000178,,0,5586.930692724469,5586.930692724469,0,0,False
0.1,1146.45031219779468381,1,greedy-add,1,1,0,4506,0,0,4292,4292,214,1080,0.9525077674212161,3.6063608229997044,add:cand_449fa599b32af3a5039b,1,5586.930692724469,2949.9782311993554,0,1.747411898796996,True
0.1,1146.45031219779468381,1,greedy-add,2,2,1,4505,0,0,4233,4233,272,1353,0.939622641509434,5.453478065999661,add:cand_57ecad07b9ddfc92cbe9,2,2949.9782311993554,2085.776550877465,1.747411898796996,3.494823797593992,True
0.1,1146.45031219779468381,1,greedy-add,3,3,2,4504,0,0,4188,4188,316,1666,0.9298401420959147,7.446612675001234,add:cand_8800308d8e997ed3f8ad,3,2085.776550877465,1671.317096999538,3.494823797593992,5.242235696390988,True
0.1,1146.45031219779468381,1,greedy-add,4,4,3,4503,0,0,4147,4147,356,1877,0.9209415944925605,9.463555516002089,add:cand_ec94d4fcaa39e54f2f3f,4,1671.317096999538,1521.7271293414956,5.242235696390988,6.989647595187984,True
0.1,1146.45031219779468381,1,greedy-add,5,5,4,4502,0,0,4169,4169,333,1785,0.9260328742780987,10.375062592996983,add:cand_c9321427349837fbbce7,5,1521.7271293414956,1378.928138020749,6.989647595187984,8.737059493984980,True
0.1,1146.45031219779468381,1,greedy-add,6,6,5,4501,0,0,4108,4108,393,2205,0.9126860697622751,11.741543645999627,add:cand_50e40f909d08e40748f4,6,1378.928138020749,1261.0520062994115,8.737059493984980,10.484471392781976,True
0.1,1146.45031219779468381,1,greedy-add,7,7,6,4500,0,0,3875,3875,625,3691,0.8611111111111112,14.45583760700174,add:cand_6e828ab1e97b874ef25a,7,1261.0520062994115,1236.4554905736543,10.484471392781976,12.231883291578972,True
0.1,1146.45031219779468381,1,greedy-add,8,8,7,4499,0,0,3066,3066,1433,8436,0.6814847743943099,21.900656669000455,add:cand_4fa98ecd2ad6069efe03,8,1236.4554905736543,1224.171318573511,12.231883291578972,13.979295190375968,True
0.1,1146.45031219779468381,1,greedy-add,9,9,8,4498,0,0,2590,2590,1908,10731,0.575811471765229,27.4965908890008,add:cand_61bd8d15a2050d1f9514,9,1224.171318573511,1214.899327841394,13.979295190375968,15.726707089172964,True
0.1,1146.45031219779468381,1,greedy-add,10,10,9,4497,0,0,2522,2522,1975,11056,0.5608183233266623,29.572877126000094,add:cand_cef18d243e8dc73a4663,10,1214.899327841394,1205.635813513518,15.726707089172964,17.474118987969960,True
0.1,1146.45031219779468381,1,greedy-add,11,11,10,4496,0,0,2515,2515,1981,11108,0.5593861209964412,31.824918051999703,add:cand_b003decb3dc0d1078d24,11,1205.635813513518,1196.6218329480241,17.474118987969960,19.221530886766956,True
0.1,1146.45031219779468381,1,greedy-add,12,12,11,4495,0,0,2530,2530,1965,11029,0.5628476084538376,33.085052884001925,add:cand_3b241c7ba815af7c635d,12,1196.6218329480241,1187.6383054825399,19.221530886766956,20.968942785563952,True
0.1,1146.45031219779468381,1,greedy-add,13,13,12,4494,0,0,2269,2269,2225,12294,0.5048954161103694,36.879773568998644,add:cand_0f6d24f9d2bd31d7fb7b,13,1187.6383054825399,1179.9252809379009,20.968942785563952,22.716354684360948,True
0.1,1146.45031219779468381,1,greedy-add,14,14,13,4493,0,0,2068,2068,2425,13243,0.4602715334965502,40.42812151399994,add:cand_7a944bbfa4a6afec5f05,14,1179.9252809379009,1172.5728000112163,22.716354684360948,24.463766583157944,True
0.1,1146.45031219779468381,1,greedy-add,15,15,14,4492,0,0,2021,2021,2471,13456,0.44991095280498666,42.38037004299986,add:cand_42438001f797a0f49f75,15,1172.5728000112163,1165.5914459611301,24.463766583157944,26.211178481954940,True
0.1,1146.45031219779468381,1,greedy-add,16,16,15,4491,0,0,1905,1905,2586,13948,0.4241816967267869,45.58834203099832,add:cand_8b1bffbe8ae4affeb912,16,1165.5914459611301,1159.1742952930842,26.211178481954940,27.958590380751936,True
0.1,1146.45031219779468381,1,greedy-add,17,17,16,4490,0,0,1758,1758,2732,14551,0.3915367483296214,48.644682612000906,add:cand_87d189706a45647005d0,17,1159.1742952930842,1153.1022003291819,27.958590380751936,29.706002279548932,True
0.1,1146.45031219779468381,1,greedy-add,18,18,17,4489,0,0,1714,1714,2775,14716,0.38182223212296723,49.26963768100177,add:cand_44039dad73bc808f29b8,18,1153.1022003291819,1147.2146299558076,29.706002279548932,31.453414178345928,True
0.1,1146.45031219779468381,1,greedy-add,19,19,18,4488,0,0,1538,1538,2950,15418,0.34269162210338683,52.00620922100279,add:cand_28e06e079b7fe2ddeb13,19,1147.2146299558076,1142.172321310827,31.453414178345928,33.200826077142924,True
0.1,1146.45031219779468381,1,greedy-add,20,20,19,4487,0,0,1515,1515,2972,15490,0.3376420771116559,53.58117389299878,add:cand_e6705691ad8647703baa,20,1142.172321310827,1136.9701119715467,33.200826077142924,34.948237975939920,True
0.1,1146.45031219779468381,1,greedy-add,21,21,20,4486,0,0,1384,1384,3102,16027,0.3085153811859117,56.422921792000125,add:cand_8610d476a0cb88d48a72,21,1136.9701119715467,1132.4971441931366,34.948237975939920,36.695649874736916,True
0.1,1146.45031219779468381,1,greedy-add,22,22,21,4485,0,0,1379,1379,3106,16037,0.30746934225195094,58.44753818800018,add:cand_f2735ea5a5c0c05242bd,22,1132.4971441931366,1128.0325548212427,36.695649874736916,38.443061773533912,True
0.1,1146.45031219779468381,1,greedy-add,23,23,22,4484,0,0,1342,1342,3142,16136,0.2992863514719001,60.39692240600198,add:cand_a7ce81ad2618c11f1ffa,23,1128.0325548212427,1123.709700453239,38.443061773533912,40.190473672330908,True
0.1,1146.45031219779468381,1,greedy-add,24,24,23,4483,0,0,1323,1323,3160,16207,0.29511487842962303,61.95994187999895,add:cand_9ccac2dc89e39971c55a,24,1123.709700453239,1119.482139140962,40.190473672330908,41.937885571127904,True
0.1,1146.45031219779468381,1,greedy-add,25,25,24,4482,0,0,1272,1272,3210,16361,0.2838018741633199,64.27826806299709,add:cand_381d6c6f8b25371f6b73,25,1119.482139140962,1115.3986652893693,41.937885571127904,43.685297469924900,True
0.1,1146.45031219779468381,1,greedy-add,26,26,25,4481,0,0,1295,1295,3186,16265,0.28899799151975003,65.8470106599998,add:cand_1086aac25bfb3ba422df,26,1115.3986652893693,1111.3543053674564,43.685297469924900,45.432709368721896,True
0.1,1146.45031219779468381,1,greedy-add,27,27,26,4480,0,0,1174,1174,3306,16636,0.26205357142857144,70.08687253099924,add:cand_ea654d977d77db152ccf,27,1111.3543053674564,1107.5545538630345,45.432709368721896,47.180121267518892,True
0.1,1146.45031219779468381,1,greedy-add,28,28,27,4479,0,0,1142,1142,3337,16756,0.2549676267023889,72.3755001669997,add:cand_ade37bd28fc84c1141ca,28,1107.5545538630345,1103.952092561741,47.180121267518892,48.927533166315888,True
0.1,1146.45031219779468381,1,greedy-add,29,29,28,4478,0,0,1108,1108,3370,16852,0.2474318892362662,74.3531751110022,add:cand_d8d57a00a67cc7f9fb4f,29,1103.952092561741,1100.421998543954,48.927533166315888,50.674945065112884,True
0.1,1146.45031219779468381,1,greedy-add,30,30,29,4477,0,0,1085,1085,3392,16905,0.24234978780433325,75.82101979599975,add:cand_8d548383ec2b7f8ae6b6,30,1100.421998543954,1096.960831070118,50.674945065112884,52.422356963909880,True
0.1,1146.45031219779468381,1,greedy-add,31,31,30,4476,0,0,1062,1062,3414,17000,0.23726541554959785,79.89538046500093,add:cand_f36e7d2f513cb273a2d6,31,1096.960831070118,1093.55594872296,52.422356963909880,54.169768862706876,True
0.1,1146.45031219779468381,1,greedy-add,32,32,31,4475,0,0,1054,1054,3421,17033,0.23553072625698324,84.12873114800095,add:cand_ccf7cccf750ab88f4a07,32,1093.55594872296,1090.2275176296396,54.169768862706876,55.917180761503872,True
0.1,1146.45031219779468381,1,greedy-add,33,33,32,4474,0,0,1026,1026,3448,17121,0.2293249888243183,83.87614417800069,add:cand_6f14b3786d2f81d26e39,33,1090.2275176296396,1087.0585600122283,55.917180761503872,57.664592660300868,True
0.1,1146.45031219779468381,1,greedy-add,34,34,33,4473,0,0,997,997,3476,17218,0.2228929130337581,84.95099076800034,add:cand_1420db7ca1404e5cf7be,34,1087.0585600122283,1083.9583386867732,57.664592660300868,59.412004559097864,True
0.1,1146.45031219779468381,1,greedy-add,35,35,34,4472,0,0,919,919,3553,17495,0.20550089445438283,85.7086385420007,add:cand_9e9013be9d95a31d929b,35,1083.9583386867732,1081.2039883449186,59.412004559097864,61.159416457894860,True
0.1,1146.45031219779468381,1,greedy-add,36,36,35,4471,0,0,903,903,3568,17551,0.20196823976738984,87.770274126,add:cand_477b95f78964d9b306cc,36,1081.2039883449186,1078.5290139604795,61.159416457894860,62.906828356691856,True
