selected_order,candidate_id,mechanism,columns,frozen_realization_state,physical_realization_state_run1,physical_realization_state_run2,physical_oid_run1,physical_oid_run2,frozen_payload_digest,physical_payload_digest_run1,physical_payload_digest_run2,data_row_run1,data_row_run2,exact_run1,exact_run2
1,cand_f94acad130c4ac5b3553,mcv,"[""record_type"",""body_type""]",PRESENT,PRESENT,PRESENT,59511,59711,e5364e7606990c4cc7af160d5e01275091a1ef9f51d8f5da42817aed6a33aeba,e5364e7606990c4cc7af160d5e01275091a1ef9f51d8f5da42817aed6a33aeba,e5364e7606990c4cc7af160d5e01275091a1ef9f51d8f5da42817aed6a33aeba,True,True,True,True
2,cand_6ca6020979af5e5766a4,mcv,"[""record_type"",""fuel_type""]",PRESENT,PRESENT,PRESENT,59512,59712,0c81af9f65c04abc7bfb40cee51a2a9c0d252da29bb76547540ba1b53cdfcce1,0c81af9f65c04abc7bfb40cee51a2a9c0d252da29bb76547540ba1b53cdfcce1,0c81af9f65c04abc7bfb40cee51a2a9c0d252da29bb76547540ba1b53cdfcce1,True,True,True,True
3,cand_c6f83d66ce3d1e079f11,mcv,"[""registration_class"",""body_type""]",PRESENT,PRESENT,PRESENT,59513,59713,ea0147b237f71cd5423db2ecfb627ad7814f2b6fc202936bee2926d27882f458,ea0147b237f71cd5423db2ecfb627ad7814f2b6fc202936bee2926d27882f458,ea0147b237f71cd5423db2ecfb627ad7814f2b6fc202936bee2926d27882f458,True,True,True,True
4,cand_1f420ce5268e234e658c,mcv,"[""registration_class"",""fuel_type""]",PRESENT,PRESENT,PRESENT,59514,59714,bf8c92d88e517ee8af53cab53d278a018da95e019ee24c9a780c87fe083a9d3e,bf8c92d88e517ee8af53cab53d278a018da95e019ee24c9a780c87fe083a9d3e,bf8c92d88e517ee8af53cab53d278a018da95e019ee24c9a780c87fe083a9d3e,True,True,True,True
5,cand_93041865e5a926191d54,mcv,"[""state"",""county""]",PRESENT,PRESENT,PRESENT,59515,59715,2d7a50c64916340c9a9869524072d3574043dccdba7843fb058fe902928abdb7,2d7a50c64916340c9a9869524072d3574043dccdba7843fb058fe902928abdb7,2d7a50c64916340c9a9869524072d3574043dccdba7843fb058fe902928abdb7,True,True,True,True
6,cand_560443d79842b416ea0d,mcv,"[""state"",""scofflaw_indicator""]",PRESENT,PRESENT,PRESENT,59516,59716,a450d305b4d7caf5b333e8e52440adf27af378894e03a4d5b18f9ed849292cbc,a450d305b4d7caf5b333e8e52440adf27af378894e03a4d5b18f9ed849292cbc,a450d305b4d7caf5b333e8e52440adf27af378894e03a4d5b18f9ed849292cbc,True,True,True,True
7,cand_0fdc909a2a3cf9718db9,mcv,"[""state"",""revocation_indicator""]",PRESENT,PRESENT,PRESENT,59517,59717,ee02896fb5813f451f4a465c84acac57ab7b3bb1c69f049ea6bf4144a8b702d2,ee02896fb5813f451f4a465c84acac57ab7b3bb1c69f049ea6bf4144a8b702d2,ee02896fb5813f451f4a465c84acac57ab7b3bb1c69f049ea6bf4144a8b702d2,True,True,True,True
8,cand_7531356383a7948fede1,mcv,"[""county"",""body_type""]",PRESENT,PRESENT,PRESENT,59518,59718,56c3fb0c5a0bd61162474cfd9a0a74a9f323b27ded869e57b59aad89839cd4a4,56c3fb0c5a0bd61162474cfd9a0a74a9f323b27ded869e57b59aad89839cd4a4,56c3fb0c5a0bd61162474cfd9a0a74a9f323b27ded869e57b59aad89839cd4a4,True,True,True,True
9,cand_850ffdf5fc1ceee3e08d,fd,"[""record_type"",""registration_class""]",PRESENT,PRESENT,PRESENT,59519,59719,795fab1f226de13bb19258d3f3b3b7992c4a81a39d5d7cad2055a3803d19a218,795fab1f226de13bb19258d3f3b3b7992c4a81a39d5d7cad2055a3803d19a218,795fab1f226de13bb19258d3f3b3b7992c4a81a39d5d7cad2055a3803d19a218,True,True,True,True
10,cand_9a47b4882350bf5fccf9,fd,"[""record_type"",""state""]",PRESENT,PRESENT,PRESENT,59520,59720,180fd3cb085f62aa76860da67a0d018028911da4b3d72dbe6677fa11c89886b0,180fd3cb085f62aa76860da67a0d018028911da4b3d72dbe6677fa11c89886b0,180fd3cb085f62aa76860da67a0d018028911da4b3d72dbe6677fa11c89886b0,True,True,True,True
11,cand_835deeb29a9e7947a98b,fd,"[""record_type"",""scofflaw_indicator""]",PRESENT,PRESENT,PRESENT,59521,59721,a6deb8078f72296a17b819de3aac3bda3aa18ab346a6c5c47f4a8a2454b39d70,a6deb8078f72296a17b819de3aac3bda3aa18ab346a6c5c47f4a8a2454b39d70,a6deb8078f72296a17b819de3aac3bda3aa18ab346a6c5c47f4a8a2454b39d70,True,True,True,True
12,cand_b6cafc68143c6fa37e85,fd,"[""record_type"",""suspension_indicator""]",PRESENT,PRESENT,PRESENT,59522,59722,09be01e4afb38a6b1ecdc998327c94108fdfca73624e2021c09e3bab53892b90,09be01e4afb38a6b1ecdc998327c94108fdfca73624e2021c09e3bab53892b90,09be01e4afb38a6b1ecdc998327c94108fdfca73624e2021c09e3bab53892b90,True,True,True,True
13,cand_f002ec4adfff3911240b,fd,"[""record_type"",""revocation_indicator""]",PRESENT,PRESENT,PRESENT,59523,59723,74cdfd4129fc34a93089052eca95d2f5716d6bb4cacb408652b62f7160ad535d,74cdfd4129fc34a93089052eca95d2f5716d6bb4cacb408652b62f7160ad535d,74cdfd4129fc34a93089052eca95d2f5716d6bb4cacb408652b62f7160ad535d,True,True,True,True
14,cand_d17d4fee04bca1295fdb,fd,"[""registration_class"",""state""]",PRESENT,PRESENT,PRESENT,59524,59724,436b51fb8610d64a34c504e92d362e15590cdb1163d3ac49c878a391e39483f3,436b51fb8610d64a34c504e92d362e15590cdb1163d3ac49c878a391e39483f3,436b51fb8610d64a34c504e92d362e15590cdb1163d3ac49c878a391e39483f3,True,True,True,True
15,cand_044e770ab213d0ef37b1,fd,"[""registration_class"",""scofflaw_indicator""]",PRESENT,PRESENT,PRESENT,59525,59725,e9c7b0a31c4faed5d3ad0e2699f34309d8068b206a7d06da851e837fa989bf41,e9c7b0a31c4faed5d3ad0e2699f34309d8068b206a7d06da851e837fa989bf41,e9c7b0a31c4faed5d3ad0e2699f34309d8068b206a7d06da851e837fa989bf41,True,True,True,True
16,cand_cfb64b0bf69c059cd760,fd,"[""registration_class"",""revocation_indicator""]",PRESENT,PRESENT,PRESENT,59526,59726,fef16a8cb39fbe1f68bf24d2999058c6caa284bf09ab830aa3b0050ed0e93169,fef16a8cb39fbe1f68bf24d2999058c6caa284bf09ab830aa3b0050ed0e93169,fef16a8cb39fbe1f68bf24d2999058c6caa284bf09ab830aa3b0050ed0e93169,True,True,True,True
17,cand_6505783b203dc0346b49,fd,"[""state"",""body_type""]",PRESENT,PRESENT,PRESENT,59527,59727,f0f32920ce388e5878db7a1ff135e5482f5ff2b773b7b2a825ccdce2e58612f8,f0f32920ce388e5878db7a1ff135e5482f5ff2b773b7b2a825ccdce2e58612f8,f0f32920ce388e5878db7a1ff135e5482f5ff2b773b7b2a825ccdce2e58612f8,True,True,True,True
18,cand_7b08320f31dae1c5e9f4,fd,"[""state"",""fuel_type""]",PRESENT,PRESENT,PRESENT,59528,59728,f0cf4dc4c5da8b5bdc5e0cf8f61a373bf5bc0da4b52038017a47a3a01a9abe81,f0cf4dc4c5da8b5bdc5e0cf8f61a373bf5bc0da4b52038017a47a3a01a9abe81,f0cf4dc4c5da8b5bdc5e0cf8f61a373bf5bc0da4b52038017a47a3a01a9abe81,True,True,True,True
19,cand_e95bcd15c94c80f62716,fd,"[""state"",""suspension_indicator""]",PRESENT,PRESENT,PRESENT,59529,59729,6ce6c5f3e921087ca963905f8fad96869c601ac73217f1ae7a386842d686a882,6ce6c5f3e921087ca963905f8fad96869c601ac73217f1ae7a386842d686a882,6ce6c5f3e921087ca963905f8fad96869c601ac73217f1ae7a386842d686a882,True,True,True,True
20,cand_5e3a909effbf6f7d6e21,fd,"[""county"",""fuel_type""]",PRESENT,PRESENT,PRESENT,59530,59730,fb386bcb3ddf04e35bbfb9960ee3384eae46e32435d3bb721a14084018f42159,fb386bcb3ddf04e35bbfb9960ee3384eae46e32435d3bb721a14084018f42159,fb386bcb3ddf04e35bbfb9960ee3384eae46e32435d3bb721a14084018f42159,True,True,True,True
21,cand_cf35fb1b66d3371735fd,fd,"[""county"",""scofflaw_indicator""]",PRESENT,PRESENT,PRESENT,59531,59731,94cb17a327e80cef496e3da7c53c386deb013b495f1893da567f69d0ee447d46,94cb17a327e80cef496e3da7c53c386deb013b495f1893da567f69d0ee447d46,94cb17a327e80cef496e3da7c53c386deb013b495f1893da567f69d0ee447d46,True,True,True,True
22,cand_663a31a8fc0678a2324b,fd,"[""county"",""revocation_indicator""]",PRESENT,PRESENT,PRESENT,59532,59732,9a72dadbc8664c8b00edb8d78f3a657c09af2ae16a2b035217a54cf34fd9306a,9a72dadbc8664c8b00edb8d78f3a657c09af2ae16a2b035217a54cf34fd9306a,9a72dadbc8664c8b00edb8d78f3a657c09af2ae16a2b035217a54cf34fd9306a,True,True,True,True
23,cand_bb3c9704bc50457d0385,fd,"[""body_type"",""fuel_type""]",PRESENT,PRESENT,PRESENT,59533,59733,549f92848d6b7819e4c095cacaa44519dad6611740d40ad4c06823fbc6935713,549f92848d6b7819e4c095cacaa44519dad6611740d40ad4c06823fbc6935713,549f92848d6b7819e4c095cacaa44519dad6611740d40ad4c06823fbc6935713,True,True,True,True
24,cand_a658273d38918de4ed71,fd,"[""body_type"",""scofflaw_indicator""]",PRESENT,PRESENT,PRESENT,59534,59734,39e75082e4c9de20034495a785602e99745b1ce950685bbecd52f473a7bde29a,39e75082e4c9de20034495a785602e99745b1ce950685bbecd52f473a7bde29a,39e75082e4c9de20034495a785602e99745b1ce950685bbecd52f473a7bde29a,True,True,True,True
25,cand_9e3965b9e6ab7faacc4e,fd,"[""body_type"",""suspension_indicator""]",PRESENT,PRESENT,PRESENT,59535,59735,f80bd8b3374f2a59dec5f903dd8190d700a7356e34ff22aeb972f7bed7a3952f,f80bd8b3374f2a59dec5f903dd8190d700a7356e34ff22aeb972f7bed7a3952f,f80bd8b3374f2a59dec5f903dd8190d700a7356e34ff22aeb972f7bed7a3952f,True,True,True,True
26,cand_2bea04f8b2c85ff2a4e0,fd,"[""body_type"",""revocation_indicator""]",PRESENT,PRESENT,PRESENT,59536,59736,ad5477df5b974c9a962ba5eac390815b699551f1cddbd17f5110f1e8745ccac3,ad5477df5b974c9a962ba5eac390815b699551f1cddbd17f5110f1e8745ccac3,ad5477df5b974c9a962ba5eac390815b699551f1cddbd17f5110f1e8745ccac3,True,True,True,True
27,cand_d033eb981110aa21d3df,fd,"[""fuel_type"",""scofflaw_indicator""]",PRESENT,PRESENT,PRESENT,59537,59737,994b8d82a15a00e20b375e45cacbc23729275e112f971be3b42cacd237fc7121,994b8d82a15a00e20b375e45cacbc23729275e112f971be3b42cacd237fc7121,994b8d82a15a00e20b375e45cacbc23729275e112f971be3b42cacd237fc7121,True,True,True,True
28,cand_0ef1e644231e36b17de7,fd,"[""fuel_type"",""suspension_indicator""]",PRESENT,PRESENT,PRESENT,59538,59738,fe360fe594fedc725d337d71717d66b7c4e3652c6cc2dc186dca2cdb4fbed233,fe360fe594fedc725d337d71717d66b7c4e3652c6cc2dc186dca2cdb4fbed233,fe360fe594fedc725d337d71717d66b7c4e3652c6cc2dc186dca2cdb4fbed233,True,True,True,True
29,cand_dd4fa07161dcf5def8eb,fd,"[""fuel_type"",""revocation_indicator""]",PRESENT,PRESENT,PRESENT,59539,59739,a9678dec0b8ad5625dcfefdae79ed81c621275b5c6adb0bac7b8b715b86e1992,a9678dec0b8ad5625dcfefdae79ed81c621275b5c6adb0bac7b8b715b86e1992,a9678dec0b8ad5625dcfefdae79ed81c621275b5c6adb0bac7b8b715b86e1992,True,True,True,True
30,cand_5400d6d245a511006593,fd,"[""scofflaw_indicator"",""revocation_indicator""]",PRESENT,PRESENT,PRESENT,59540,59740,aa183f8a70934392610104efd7c93393c89640f7ee6cad79d3e5bbc4b9188b59,aa183f8a70934392610104efd7c93393c89640f7ee6cad79d3e5bbc4b9188b59,aa183f8a70934392610104efd7c93393c89640f7ee6cad79d3e5bbc4b9188b59,True,True,True,True
31,cand_d102d0d6903dbc44935f,fd,"[""suspension_indicator"",""revocation_indicator""]",PRESENT,PRESENT,PRESENT,59541,59741,039649766927b9d5cccd47a16010e988ccaf06c930389a92420c9e68080f8f67,039649766927b9d5cccd47a16010e988ccaf06c930389a92420c9e68080f8f67,039649766927b9d5cccd47a16010e988ccaf06c930389a92420c9e68080f8f67,True,True,True,True
