round,selected_count_before,objective_before,cost_before,remaining_candidates,feasible_candidates,budget_infeasible,lower_bound_pruned,native_evaluated,planner_calls,affected_replans,accepted_candidate,mechanism,realization_state,frozen_singleton_rank,frozen_singleton_improvement,contextual_improvement,objective_after,cost_after,round_elapsed_seconds
1,0,42791.986480127205,0,72,72,0,41,31,15358,15358,cand_f94acad130c4ac5b3553,mcv,PRESENT,1,20384.61382564497,20384.61382564497,22407.372654482235,4.15157882851945,3.753710361999765
2,1,22407.372654482235,4.15157882851945,71,71,0,0,71,35203,35203,cand_c6f83d66ce3d1e079f11,mcv,PRESENT,71,-7501.583693618428,137.78878921322394,22269.58386526901,8.30315765703890,8.736011245000554
3,2,22269.58386526901,8.30315765703890,70,70,0,0,70,34738,34738,cand_1f420ce5268e234e658c,mcv,PRESENT,62,-84.77559369633673,121.37541568165034,22148.20844958736,12.45473648555835,8.843277974001467
4,3,22148.20844958736,12.45473648555835,69,69,0,0,69,34264,34264,cand_6ca6020979af5e5766a4,mcv,PRESENT,67,-476.8862785355668,60.29845774263595,22087.909991844725,16.60631531407780,8.485700922999968
5,4,22087.909991844725,16.60631531407780,68,68,0,0,68,33750,33750,cand_bb3c9704bc50457d0385,fd,PRESENT,8,31.107817889096623,27.21737504345947,22060.692616801265,22.789344058787502,8.299274855000476
6,5,22060.692616801265,22.789344058787502,67,67,0,0,67,33267,33267,cand_93041865e5a926191d54,mcv,PRESENT,9,20.344711004006967,22.21064361131721,22038.481973189948,26.940922887306952,8.55402943900117
7,6,22038.481973189948,26.940922887306952,66,66,0,0,66,32807,32807,cand_850ffdf5fc1ceee3e08d,fd,PRESENT,69,-1018.7062588807312,17.149605772912764,22021.332367417035,33.123951632016654,8.585936329000106
8,7,22021.332367417035,33.123951632016654,65,65,0,0,65,32304,32304,cand_560443d79842b416ea0d,mcv,PRESENT,15,3.4291882145626005,1.8754719454555016,22019.45689547158,37.275530460536104,8.161111729001277
9,8,22019.45689547158,37.275530460536104,64,64,0,0,64,31799,31799,cand_663a31a8fc0678a2324b,fd,PRESENT,13,5.522889216510521,1.3009766423092515,22018.15591882927,43.458559205245806,7.959515049000402
10,9,22018.15591882927,43.458559205245806,63,63,0,0,63,31302,31302,cand_7531356383a7948fede1,mcv,PRESENT,10,15.06961175845936,0.9587157006026246,22017.197203128668,47.610138033765256,8.09879620600077
11,10,22017.197203128668,47.610138033765256,62,62,0,0,62,30807,30807,cand_0fdc909a2a3cf9718db9,mcv,PRESENT,17,3.0358430065898574,0.5905395575537113,22016.606663571114,51.761716862284706,8.080284150999432
12,11,22016.606663571114,51.761716862284706,61,61,0,0,61,30302,30302,cand_cfb64b0bf69c059cd760,fd,PRESENT,65,-118.95554357945366,1.447358815905318,22015.15930475521,57.944745606994408,7.801587714999187
13,12,22015.15930475521,57.944745606994408,60,60,0,0,60,29828,29828,cand_9e3965b9e6ab7faacc4e,fd,PRESENT,52,-9.363792696749442,0.2551089628250338,22014.904195792384,64.127774351704110,7.5189039899996715
14,13,22014.904195792384,64.127774351704110,59,59,0,0,59,29330,29330,cand_0ef1e644231e36b17de7,fd,PRESENT,22,0.7428815298480913,0.24295341300603468,22014.661242379378,70.310803096413812,7.589738654998655
15,14,22014.661242379378,70.310803096413812,58,58,0,0,58,28833,28833,cand_2bea04f8b2c85ff2a4e0,fd,PRESENT,58,-29.3646895803613,0.1946690443328407,22014.466573335045,76.493831841123514,7.694804132001082
16,15,22014.466573335045,76.493831841123514,57,57,0,0,57,28317,28317,cand_dd4fa07161dcf5def8eb,fd,PRESENT,51,-8.53048349024175,0.12511221053136978,22014.341461124513,82.676860585833216,7.205837366000196
17,16,22014.341461124513,82.676860585833216,56,56,0,0,56,27811,27811,cand_b6cafc68143c6fa37e85,fd,PRESENT,50,-7.1683843449136475,0.1149866098567145,22014.226474514657,88.859889330542918,7.106543526000678
18,17,22014.226474514657,88.859889330542918,55,55,0,0,55,27283,27283,cand_cf35fb1b66d3371735fd,fd,PRESENT,29,0.17167868109390838,0.07657251050477498,22014.149902004152,95.042918075252620,7.004117333000977
19,18,22014.149902004152,95.042918075252620,54,54,0,0,54,26797,26797,cand_f002ec4adfff3911240b,fd,PRESENT,53,-9.992377083661268,0.0337100175456726,22014.116191986606,101.225946819962322,7.034819331000108
20,19,22014.116191986606,101.225946819962322,53,53,0,0,53,26253,26253,cand_044e770ab213d0ef37b1,fd,PRESENT,24,0.24715598092006985,0.015783018643560354,22014.100408967963,107.408975564672024,6.936038934001772
21,20,22014.100408967963,107.408975564672024,52,52,0,0,52,25741,25741,cand_d17d4fee04bca1295fdb,fd,PRESENT,30,0.14918068338738522,0.011793280787969707,22014.088615687175,113.592004309381726,6.601090553998802
22,21,22014.088615687175,113.592004309381726,51,51,0,0,51,25257,25257,cand_d102d0d6903dbc44935f,fd,PRESENT,46,-0.288257565771346,0.008880674115061993,22014.07973501306,119.775033054091428,6.497280203999253
23,22,22014.07973501306,119.775033054091428,50,50,0,0,50,24756,24756,cand_a658273d38918de4ed71,fd,PRESENT,25,0.24311840323207434,0.00671348454488907,22014.073021528515,125.958061798801130,6.451422303000072
24,23,22014.073021528515,125.958061798801130,49,49,0,0,49,24257,24257,cand_d033eb981110aa21d3df,fd,PRESENT,36,0.028604632141650654,0.003708725518663414,22014.069312802996,132.141090543510832,6.470054891000473
25,24,22014.069312802996,132.141090543510832,48,48,0,0,48,23755,23755,cand_6505783b203dc0346b49,fd,PRESENT,18,2.1017820649358328,0.002609561019198736,22014.066703241977,138.324119288220534,6.280287319001218
26,25,22014.066703241977,138.324119288220534,47,47,0,0,47,23296,23296,cand_e95bcd15c94c80f62716,fd,PRESENT,44,-0.18546641190187074,0.001920013197377557,22014.06478322878,144.507148032930236,6.015966392000337
27,26,22014.06478322878,144.507148032930236,46,46,0,0,46,22825,22825,cand_9a47b4882350bf5fccf9,fd,PRESENT,16,3.0699159787691315,0.0009762893532752059,22014.063806939426,150.690176777639938,5.982944066001437
28,27,22014.063806939426,150.690176777639938,45,45,0,0,45,22307,22307,cand_835deeb29a9e7947a98b,fd,PRESENT,37,0.019443351789959706,0.0009361121628899127,22014.062870827263,156.873205522349640,5.840917257999536
29,28,22014.062870827263,156.873205522349640,44,44,0,0,44,21783,21783,cand_5e3a909effbf6f7d6e21,fd,PRESENT,34,0.04186249639315065,0.0008504461402480956,22014.062020381123,163.056234267059342,5.693996463000076
30,29,22014.062020381123,163.056234267059342,43,43,0,0,43,21294,21294,cand_7b08320f31dae1c5e9f4,fd,PRESENT,31,0.1193643804435851,0.0005391092963691335,22014.061481271827,169.239263011769044,5.5742527799993695
31,30,22014.061481271827,169.239263011769044,42,42,0,0,42,20798,20798,cand_5400d6d245a511006593,fd,PRESENT,39,0.0007236695528263226,0.00016442540436401032,22014.061316846422,175.422291756478746,5.4811157589992945
32,31,22014.061316846422,175.422291756478746,41,41,0,0,41,20308,20308,,,,,,0.0,22014.061316846422,175.422291756478746,5.467485303999638
