accepted_round,candidate_id,mechanism,realization_state,singleton_improvement,singleton_rank,singleton_percentile,contextual_improvement,interaction_gain,selected_count_before
1,cand_449fa599b32af3a5039b,mcv,PRESENT,2636.9524615251134,1,100.0,2636.9524615251134,0.0,0
2,cand_57ecad07b9ddfc92cbe9,mcv,PRESENT,864.2016803218912,4,99.93342210386152,864.2016803218903,-9.094947017729282e-13,1
3,cand_8800308d8e997ed3f8ad,mcv,PRESENT,414.45945387792744,6,99.88903683976919,414.459453877927,-4.547473508864641e-13,2
4,cand_ec94d4fcaa39e54f2f3f,mcv,PRESENT,149.58996765804295,11,99.7780736795384,149.5899676580425,-4.547473508864641e-13,3
5,cand_c9321427349837fbbce7,mcv,PRESENT,142.79917710054542,12,99.75588104749224,142.7989913207466,-0.00018577979881229112,4
6,cand_50e40f909d08e40748f4,mcv,PRESENT,117.87613172133752,13,99.73368841544607,117.87613172133752,0.0,5
7,cand_6e828ab1e97b874ef25a,mcv,PRESENT,24.596515725757854,28,99.40079893475367,24.596515725757172,-6.821210263296962e-13,6
8,cand_4fa98ecd2ad6069efe03,mcv,PRESENT,12.284172000143371,41,99.11229471815358,12.284172000143371,0.0,7
9,cand_61bd8d15a2050d1f9514,mcv,PRESENT,9.288267231090686,45,99.02352418996892,9.27199073211682,-0.016276498973866182,8
10,cand_cef18d243e8dc73a4663,mcv,PRESENT,9.263514327875782,46,99.00133155792277,9.26351432787601,2.2737367544323206e-13,9
11,cand_b003decb3dc0d1078d24,mcv,PRESENT,8.57435374148281,49,98.93475366178428,9.013980565493966,0.4396268240111567,10
12,cand_3b241c7ba815af7c635d,mcv,PRESENT,8.983527465484258,47,98.97913892587661,8.983527465484258,0.0,11
13,cand_0f6d24f9d2bd31d7fb7b,mcv,PRESENT,7.713024544638756,53,98.84598313359965,7.713024544638984,2.2737367544323206e-13,12
14,cand_7a944bbfa4a6afec5f05,mcv,PRESENT,7.348022362940355,59,98.71282734132268,7.3524809266846205,0.0044585637442651205,13
15,cand_42438001f797a0f49f75,mcv,PRESENT,6.981354050086338,61,98.66844207723035,6.981354050086111,-2.2737367544323206e-13,14
16,cand_8b1bffbe8ae4affeb912,mcv,PRESENT,6.417150668045906,65,98.57967154904571,6.417150668045906,0.0,15
17,cand_87d189706a45647005d0,mcv,PRESENT,8.557130039430376,50,98.91256102973813,6.072094963902373,-2.4850350755280033,16
18,cand_44039dad73bc808f29b8,mcv,PRESENT,5.887570373374729,68,98.51309365290723,5.887570373374274,-4.547473508864641e-13,17
19,cand_28e06e079b7fe2ddeb13,mcv,PRESENT,5.158161507406476,76,98.33555259653795,5.042308644980494,-0.11585286242598158,18
20,cand_e6705691ad8647703baa,mcv,PRESENT,5.275832798231022,74,98.37993786063026,5.202209339280444,-0.07362345895057842,19
21,cand_8610d476a0cb88d48a72,mcv,PRESENT,4.472967778410748,83,98.18020417221483,4.472967778410066,-6.821210263296962e-13,20
22,cand_f2735ea5a5c0c05242bd,mcv,PRESENT,47.276697211375904,21,99.55614735907679,4.464589371893908,-42.812107839481996,21
23,cand_a7ce81ad2618c11f1ffa,mcv,PRESENT,6.56557869295284,63,98.62405681313804,4.322854368003618,-2.242724324949222,22
24,cand_9ccac2dc89e39971c55a,mcv,PRESENT,3.4798783257710966,100,97.80292942743009,4.2275613122769755,0.7476829865058789,23
25,cand_381d6c6f8b25371f6b73,mcv,PRESENT,4.083473851593226,94,97.93608521970705,4.083473851592771,-4.547473508864641e-13,24
26,cand_1086aac25bfb3ba422df,mcv,PRESENT,3.595423751700764,99,97.82512205947626,4.044359921912928,0.44893617021216414,25
27,cand_ea654d977d77db152ccf,mcv,PRESENT,0.06053194589821942,768,82.97825122059476,3.79975150442192,3.7392195585237005,26
28,cand_ade37bd28fc84c1141ca,mcv,PRESENT,4.278965671770493,88,98.06924101198402,3.602461301293488,-0.6765043704770051,27
29,cand_d8d57a00a67cc7f9fb4f,mcv,PRESENT,3.7866107352720064,97,97.86950732356857,3.5300940177869506,-0.2565167174850558,28
30,cand_8d548383ec2b7f8ae6b6,mcv,PRESENT,3.46116993749456,101,97.78073679538393,3.461167473835985,-2.4636585749249207e-06,29
31,cand_f36e7d2f513cb273a2d6,mcv,PRESENT,3.404882347158491,105,97.69196626719929,3.4048823471580363,-4.547473508864641e-13,30
32,cand_ccf7cccf750ab88f4a07,mcv,PRESENT,3.3674861020435856,109,97.60319573901465,3.3284310933204324,-0.03905500872315315,31
33,cand_6f14b3786d2f81d26e39,mcv,PRESENT,3.1689576174112517,116,97.44784731469153,3.1689576174112517,0.0,32
34,cand_1420db7ca1404e5cf7be,mcv,PRESENT,3.100221325455095,118,97.4034620505992,3.100221325455095,0.0,33
35,cand_9e9013be9d95a31d929b,mcv,PRESENT,2.8220998831739053,127,97.20372836218375,2.7543503418546607,-0.0677495413192446,34
36,cand_477b95f78964d9b306cc,mcv,PRESENT,2.69687151040398,133,97.07057256990679,2.6749743844391105,-0.0218971259648697,35
