ranking,retained_fraction,retained_count,accepted_candidate_recall,accepted_gain_recall,high_accepted_median_candidate_count,high_accepted_median_recall,high_accepted_p75_candidate_count,high_accepted_p75_recall,high_accepted_p90_candidate_count,high_accepted_p90_recall
raw,0.01,46,0.3055555555555556,0.972796964662925,53,0.6226415094339622,32,1.0,10,1.0
raw,0.02,91,0.6666666666666666,0.9907776129648534,53,1.0,32,1.0,10,1.0
raw,0.05,226,0.9722222222222222,0.9991571843471003,53,1.0,32,1.0,10,1.0
raw,0.1,451,0.9722222222222222,0.9991571843471003,53,1.0,32,1.0,10,1.0
raw,0.2,902,1.0,1.0,53,1.0,32,1.0,10,1.0
raw,0.3,1352,1.0,1.0,53,1.0,32,1.0,10,1.0
raw,0.4,1803,1.0,1.0,53,1.0,32,1.0,10,1.0
raw,0.5,2253,1.0,1.0,53,1.0,32,1.0,10,1.0
raw,0.75,3380,1.0,1.0,53,1.0,32,1.0,10,1.0
raw,1.0,4506,1.0,1.0,53,1.0,32,1.0,10,1.0
cost-aware,0.01,46,0.3055555555555556,0.972796964662925,53,0.6226415094339622,32,1.0,10,1.0
cost-aware,0.02,91,0.6666666666666666,0.9907776129648534,53,0.9811320754716981,32,1.0,10,1.0
cost-aware,0.05,226,0.9722222222222222,0.9991571843471003,53,1.0,32,1.0,10,1.0
cost-aware,0.1,451,0.9722222222222222,0.9991571843471003,53,1.0,32,1.0,10,1.0
cost-aware,0.2,902,1.0,1.0,53,1.0,32,1.0,10,1.0
cost-aware,0.3,1352,1.0,1.0,53,1.0,32,1.0,10,1.0
cost-aware,0.4,1803,1.0,1.0,53,1.0,32,1.0,10,1.0
cost-aware,0.5,2253,1.0,1.0,53,1.0,32,1.0,10,1.0
cost-aware,0.75,3380,1.0,1.0,53,1.0,32,1.0,10,1.0
cost-aware,1.0,4506,1.0,1.0,53,1.0,32,1.0,10,1.0
