region,candidate_id,mechanism,realization_state,singleton_improvement,singleton_rank,max_contextual_improvement,max_interaction_gain,round_of_max_contextual_improvement,ever_accepted
bottom_50pct,cand_d312560ffbeb0707958a,mcv,PRESENT,-0.2453961356450236,4069,3.705273137956283,3.9506692736013065,25,False
bottom_50pct,cand_5941f2acf286935de2d1,mcv,PRESENT,-0.8879411780917508,4264,3.1512769639819,4.039218142073651,14,False
bottom_50pct,cand_b09f0e0b1a74bcb34d94,mcv,PRESENT,-0.09470038274594117,3870,1.8310746624938474,1.9257750452397886,20,False
bottom_50pct,cand_bfb424d0d5dbfcebfc77,mcv,PRESENT,-243.01090084607404,4496,1.644271567718988,244.65517241379303,5,False
bottom_50pct,cand_c7745fc53b64a74fce9a,mcv,PRESENT,-0.004463898709218483,3376,1.5696463517379016,1.57411025044712,14,False
bottom_50pct,cand_cc722df19101c8ad472f,mcv,PRESENT,-0.08639201294590748,3841,1.4877182375005304,1.574110250446438,6,False
bottom_50pct,cand_e7c0b6f044c48adee6a6,mcv,PRESENT,-0.24223510752290167,4066,1.3318751429235363,1.574110250446438,27,False
bottom_50pct,cand_cf89fb28c74d531c4506,mcv,PRESENT,-0.3705042505325764,4156,1.203605999914089,1.5741102504466653,20,False
bottom_50pct,cand_00a430d8b0ee7d20afe9,mcv,PRESENT,-0.028818871992370987,3638,1.191832763411412,1.220651635403783,19,False
bottom_50pct,cand_05d016bfdaa03aaedb97,mcv,PRESENT,-0.01697087838056177,3542,1.1802011531553944,1.1971720315359562,6,False
bottom_50pct,cand_ff069dfd64484e10ba81,mcv,PRESENT,-0.07003522412469465,3806,1.149950619243782,1.2199858433684767,19,False
bottom_50pct,cand_dd817306b4de47b867e6,mcv,PRESENT,-0.2390830847189136,4064,1.0994822429124724,1.338565327631386,20,False
bottom_50pct,cand_e62eafe704c1172479cd,mcv,PRESENT,-1.4049632006126558,4314,1.0063450033783283,2.411308203990984,9,False
bottom_50pct,cand_6c45b5161ae19440684f,mcv,PRESENT,-0.004495214897360711,3377,0.7633242898016306,0.7678195046989913,23,False
bottom_50pct,cand_0a304b0eec0e235c4597,mcv,PRESENT,-105.82949903831468,4485,0.7260565172407496,106.55555555555543,13,False
bottom_50pct,cand_29f95b5f25785faa89a1,mcv,PRESENT,-3.432259145963144,4396,0.7225967551137273,4.154855901076871,19,False
bottom_50pct,cand_0c0afa6bf0694611ce88,mcv,PRESENT,-0.01578420269470371,3527,0.7155265153726305,0.7313107180673342,13,False
bottom_50pct,cand_344e14190081068b800e,fd,PRESENT,-0.15319737069057737,3955,0.6976448065222485,0.8508421772128258,19,False
bottom_50pct,cand_9b4b289550a1a2507445,mcv,PRESENT,-12.001135599307418,4453,0.6839707836709294,12.685106382978347,8,False
bottom_50pct,cand_a52c990a2151ed9dcbba,mcv,PRESENT,-4.4862074887414565,4409,0.682171506692157,5.1683789954336135,19,False
bottom_80pct,cand_d312560ffbeb0707958a,mcv,PRESENT,-0.2453961356450236,4069,3.705273137956283,3.9506692736013065,25,False
bottom_80pct,cand_5941f2acf286935de2d1,mcv,PRESENT,-0.8879411780917508,4264,3.1512769639819,4.039218142073651,14,False
bottom_80pct,cand_431ccc40f62d4c62a1f0,mcv,PRESENT,0.008409403048062813,1143,1.9002612017291085,1.8918517986810457,12,False
bottom_80pct,cand_b09f0e0b1a74bcb34d94,mcv,PRESENT,-0.09470038274594117,3870,1.8310746624938474,1.9257750452397886,20,False
bottom_80pct,cand_bfb424d0d5dbfcebfc77,mcv,PRESENT,-243.01090084607404,4496,1.644271567718988,244.65517241379303,5,False
bottom_80pct,cand_dc12ad3c19bcb812fa9c,mcv,PRESENT,0.01872932537662564,1015,1.5929743312151459,1.5742450058385202,35,False
bottom_80pct,cand_614fc9ae1091e0001bd9,mcv,PRESENT,0.006246640827157535,1181,1.5803568912740502,1.5741102504468927,17,False
bottom_80pct,cand_c7745fc53b64a74fce9a,mcv,PRESENT,-0.004463898709218483,3376,1.5696463517379016,1.57411025044712,14,False
bottom_80pct,cand_cc722df19101c8ad472f,mcv,PRESENT,-0.08639201294590748,3841,1.4877182375005304,1.574110250446438,6,False
bottom_80pct,cand_e7c0b6f044c48adee6a6,mcv,PRESENT,-0.24223510752290167,4066,1.3318751429235363,1.574110250446438,27,False
bottom_80pct,cand_cf89fb28c74d531c4506,mcv,PRESENT,-0.3705042505325764,4156,1.203605999914089,1.5741102504466653,20,False
bottom_80pct,cand_c7c2ae38ff9d566a3b66,mcv,PRESENT,0.0028071468741472927,1256,1.2017296109527251,1.1989224640785778,23,False
bottom_80pct,cand_00a430d8b0ee7d20afe9,mcv,PRESENT,-0.028818871992370987,3638,1.191832763411412,1.220651635403783,19,False
bottom_80pct,cand_05d016bfdaa03aaedb97,mcv,PRESENT,-0.01697087838056177,3542,1.1802011531553944,1.1971720315359562,6,False
bottom_80pct,cand_ff069dfd64484e10ba81,mcv,PRESENT,-0.07003522412469465,3806,1.149950619243782,1.2199858433684767,19,False
bottom_80pct,cand_dd817306b4de47b867e6,mcv,PRESENT,-0.2390830847189136,4064,1.0994822429124724,1.338565327631386,20,False
bottom_80pct,cand_e62eafe704c1172479cd,mcv,PRESENT,-1.4049632006126558,4314,1.0063450033783283,2.411308203990984,9,False
bottom_80pct,cand_6c45b5161ae19440684f,mcv,PRESENT,-0.004495214897360711,3377,0.7633242898016306,0.7678195046989913,23,False
bottom_80pct,cand_0a304b0eec0e235c4597,mcv,PRESENT,-105.82949903831468,4485,0.7260565172407496,106.55555555555543,13,False
bottom_80pct,cand_29f95b5f25785faa89a1,mcv,PRESENT,-3.432259145963144,4396,0.7225967551137273,4.154855901076871,19,False
singleton_nonpositive,cand_d312560ffbeb0707958a,mcv,PRESENT,-0.2453961356450236,4069,3.705273137956283,3.9506692736013065,25,False
singleton_nonpositive,cand_5941f2acf286935de2d1,mcv,PRESENT,-0.8879411780917508,4264,3.1512769639819,4.039218142073651,14,False
singleton_nonpositive,cand_b09f0e0b1a74bcb34d94,mcv,PRESENT,-0.09470038274594117,3870,1.8310746624938474,1.9257750452397886,20,False
singleton_nonpositive,cand_bfb424d0d5dbfcebfc77,mcv,PRESENT,-243.01090084607404,4496,1.644271567718988,244.65517241379303,5,False
singleton_nonpositive,cand_c7745fc53b64a74fce9a,mcv,PRESENT,-0.004463898709218483,3376,1.5696463517379016,1.57411025044712,14,False
singleton_nonpositive,cand_cc722df19101c8ad472f,mcv,PRESENT,-0.08639201294590748,3841,1.4877182375005304,1.574110250446438,6,False
singleton_nonpositive,cand_e7c0b6f044c48adee6a6,mcv,PRESENT,-0.24223510752290167,4066,1.3318751429235363,1.574110250446438,27,False
singleton_nonpositive,cand_cf89fb28c74d531c4506,mcv,PRESENT,-0.3705042505325764,4156,1.203605999914089,1.5741102504466653,20,False
singleton_nonpositive,cand_00a430d8b0ee7d20afe9,mcv,PRESENT,-0.028818871992370987,3638,1.191832763411412,1.220651635403783,19,False
singleton_nonpositive,cand_05d016bfdaa03aaedb97,mcv,PRESENT,-0.01697087838056177,3542,1.1802011531553944,1.1971720315359562,6,False
singleton_nonpositive,cand_ff069dfd64484e10ba81,mcv,PRESENT,-0.07003522412469465,3806,1.149950619243782,1.2199858433684767,19,False
singleton_nonpositive,cand_dd817306b4de47b867e6,mcv,PRESENT,-0.2390830847189136,4064,1.0994822429124724,1.338565327631386,20,False
singleton_nonpositive,cand_e62eafe704c1172479cd,mcv,PRESENT,-1.4049632006126558,4314,1.0063450033783283,2.411308203990984,9,False
singleton_nonpositive,cand_6c45b5161ae19440684f,mcv,PRESENT,-0.004495214897360711,3377,0.7633242898016306,0.7678195046989913,23,False
singleton_nonpositive,cand_0a304b0eec0e235c4597,mcv,PRESENT,-105.82949903831468,4485,0.7260565172407496,106.55555555555543,13,False
singleton_nonpositive,cand_29f95b5f25785faa89a1,mcv,PRESENT,-3.432259145963144,4396,0.7225967551137273,4.154855901076871,19,False
singleton_nonpositive,cand_0c0afa6bf0694611ce88,mcv,PRESENT,-0.01578420269470371,3527,0.7155265153726305,0.7313107180673342,13,False
singleton_nonpositive,cand_344e14190081068b800e,fd,PRESENT,-0.15319737069057737,3955,0.6976448065222485,0.8508421772128258,19,False
singleton_nonpositive,cand_9b4b289550a1a2507445,mcv,PRESENT,-12.001135599307418,4453,0.6839707836709294,12.685106382978347,8,False
singleton_nonpositive,cand_a52c990a2151ed9dcbba,mcv,PRESENT,-4.4862074887414565,4409,0.682171506692157,5.1683789954336135,19,False
