candidate_id,relation_name,mechanism,attributes,definition,precedence_rank,realization_state,singleton_objective,singleton_improvement,affected_query_count,reused_query_count,native_evaluator_count,planner_calls,elapsed_seconds,singleton_rank
cand_f94acad130c4ac5b3553,public.dmv,mcv,"['record_type', 'body_type']","{'attnums': [1, 5], 'statistics_name': 'pgextadv_acq_6c18528aff03d754df3cac92', 'stxkind': 'm'}",3,PRESENT,22282.75459549353,20556.948046232934,489,1474,1,489,0.15457713599971612,1
cand_c614cf6de073226f0aa4,public.dmv,mcv,"['record_type', 'registration_class']","{'attnums': [1, 2], 'statistics_name': 'pgextadv_acq_2ec9b8cb3d864231133fe9a5', 'stxkind': 'm'}",0,PRESENT,41445.99105638861,1393.7115853378564,503,1460,1,503,0.15300385400041705,2
cand_f5f353d914b36187882c,public.dmv,mcv,"['record_type', 'state']","{'attnums': [1, 3], 'statistics_name': 'pgextadv_acq_b3b20bee28e71aafeee01625', 'stxkind': 'm'}",1,PRESENT,42590.549396273935,249.15324545252952,518,1445,1,518,0.14446923900140973,3
cand_ea5acfb9a4e9bf9c4ee2,public.dmv,mcv,"['record_type', 'county']","{'attnums': [1, 4], 'statistics_name': 'pgextadv_acq_a38dded9f82765431624fedc', 'stxkind': 'm'}",2,PRESENT,42616.192020984694,223.51062074177025,498,1465,1,498,0.16677513500144414,4
cand_a06f9852e67c463f73a2,public.dmv,fd,"['registration_class', 'fuel_type']","{'attnums': [2, 6], 'statistics_name': 'pgextadv_acq_6b116e22bcfe42b5172188a7', 'stxkind': 'f'}",47,PRESENT,42786.24000539541,53.462636331052636,474,1489,1,474,0.1479463420000684,5
cand_79ef5e4c653bbbb46dec,public.dmv,fd,"['record_type', 'fuel_type']","{'attnums': [1, 6], 'statistics_name': 'pgextadv_acq_0ba3b9125e6c2fe00c3f4288', 'stxkind': 'f'}",40,PRESENT,42805.6876225059,34.01501922056195,514,1449,1,514,0.16423918600048637,6
cand_b18e2586ffe14b36f703,public.dmv,mcv,"['body_type', 'revocation_indicator']","{'attnums': [5, 11], 'statistics_name': 'pgextadv_acq_ef60f3250d8c2e24b4f8946a', 'stxkind': 'm'}",29,PRESENT,42809.171504793005,30.531136933459493,516,1447,1,516,0.16637151299983088,7
cand_93041865e5a926191d54,public.dmv,mcv,"['state', 'county']","{'attnums': [3, 4], 'statistics_name': 'pgextadv_acq_890daee9ade586a094ba2b43', 'stxkind': 'm'}",15,PRESENT,42821.375551086436,18.327090640028473,460,1503,1,460,0.15407217900065007,8
cand_7531356383a7948fede1,public.dmv,mcv,"['county', 'body_type']","{'attnums': [4, 5], 'statistics_name': 'pgextadv_acq_05d21c40c2af8b9702c579b9', 'stxkind': 'm'}",21,PRESENT,42823.53411873224,16.168522994223167,495,1468,1,495,0.1480003790002229,9
cand_d0bacba4d271fabbb378,public.dmv,mcv,"['county', 'fuel_type']","{'attnums': [4, 6], 'statistics_name': 'pgextadv_acq_788cb1f7de9e3b6093b84284', 'stxkind': 'm'}",22,PRESENT,42828.635739948804,11.06690177765995,489,1474,1,489,0.1766569020001043,10
cand_e25a986fe1b364e78595,public.dmv,mcv,"['record_type', 'suspension_indicator']","{'attnums': [1, 10], 'statistics_name': 'pgextadv_acq_6460eef9504ac6563f482dc2', 'stxkind': 'm'}",6,PRESENT,42829.18278591678,10.519855809681758,528,1435,1,528,0.16189060599936056,11
cand_9f93544dce1d63b0f711,public.dmv,mcv,"['registration_class', 'county']","{'attnums': [2, 4], 'statistics_name': 'pgextadv_acq_c3496b98ad3b8ca66df99c96', 'stxkind': 'm'}",9,PRESENT,42835.486190568845,4.216451157619304,479,1484,1,479,0.1438747419997526,12
cand_663a31a8fc0678a2324b,public.dmv,fd,"['county', 'revocation_indicator']","{'attnums': [4, 11], 'statistics_name': 'pgextadv_acq_99e15f9307d9cadc363beeb7', 'stxkind': 'f'}",61,PRESENT,42836.894873618934,2.807768107530137,497,1466,1,497,0.1621145240005717,13
cand_560443d79842b416ea0d,public.dmv,mcv,"['state', 'scofflaw_indicator']","{'attnums': [3, 9], 'statistics_name': 'pgextadv_acq_f5ce8d2f6fbfd9b1e4e3fabc', 'stxkind': 'm'}",18,PRESENT,42837.26865836349,2.4339833629710483,505,1458,1,505,0.16608841299967025,14
cand_9a47b4882350bf5fccf9,public.dmv,fd,"['record_type', 'state']","{'attnums': [1, 3], 'statistics_name': 'pgextadv_acq_6b430b6b5992af8ccb069a30', 'stxkind': 'f'}",37,PRESENT,42837.29120264443,2.4114390820323024,518,1445,1,518,0.17294072699951357,15
cand_0fdc909a2a3cf9718db9,public.dmv,mcv,"['state', 'revocation_indicator']","{'attnums': [3, 11], 'statistics_name': 'pgextadv_acq_58c9c6ad959339ef08ac2161', 'stxkind': 'm'}",20,PRESENT,42837.31443714487,2.388204581591708,505,1458,1,505,0.14518756100005703,16
cand_bb3c9704bc50457d0385,public.dmv,fd,"['body_type', 'fuel_type']","{'attnums': [5, 6], 'statistics_name': 'pgextadv_acq_203be9faecbb584e51cfef7d', 'stxkind': 'f'}",62,PRESENT,42837.72464204483,1.9779996816359926,483,1480,1,483,0.15508839299945976,17
cand_2cc7a6ce91fea1a3633f,public.dmv,mcv,"['fuel_type', 'revocation_indicator']","{'attnums': [6, 11], 'statistics_name': 'pgextadv_acq_8d0c249b14095c1b4cce284f', 'stxkind': 'm'}",32,PRESENT,42838.09446449869,1.608177227775741,506,1457,1,506,0.1416600649990869,18
cand_d81088ebd0b428f317e8,public.dmv,mcv,"['fuel_type', 'suspension_indicator']","{'attnums': [6, 10], 'statistics_name': 'pgextadv_acq_2e87f6117b8c9269a2f267dc', 'stxkind': 'm'}",31,PRESENT,42838.10830100229,1.5943407241720706,497,1466,1,497,0.14575672699902498,19
cand_6161166747fb16ce38eb,public.dmv,mcv,"['county', 'revocation_indicator']","{'attnums': [4, 11], 'statistics_name': 'pgextadv_acq_280486d41b30ab61faa56ff9', 'stxkind': 'm'}",25,PRESENT,42838.30608824122,1.3965534852468409,497,1466,1,497,0.1707730910002283,20
cand_0ef1e644231e36b17de7,public.dmv,fd,"['fuel_type', 'suspension_indicator']","{'attnums': [6, 10], 'statistics_name': 'pgextadv_acq_d4a432f71c376ea4b242759e', 'stxkind': 'f'}",67,PRESENT,42839.02379098053,0.6788507459350512,497,1466,1,497,0.14371584299988172,21
cand_6505783b203dc0346b49,public.dmv,fd,"['state', 'body_type']","{'attnums': [3, 5], 'statistics_name': 'pgextadv_acq_3adbcce75f4e03db6b855963', 'stxkind': 'f'}",52,PRESENT,42839.029589470454,0.6730522560101235,459,1504,1,459,0.1604306989993347,22
cand_5005700887020f58d09a,public.dmv,mcv,"['body_type', 'suspension_indicator']","{'attnums': [5, 10], 'statistics_name': 'pgextadv_acq_3175f53b20bef6b33e303a49', 'stxkind': 'm'}",28,PRESENT,42839.05168161211,0.6509601143552572,498,1465,1,498,0.16764494300150545,23
cand_4766516fe513466787e9,public.dmv,mcv,"['suspension_indicator', 'revocation_indicator']","{'attnums': [10, 11], 'statistics_name': 'pgextadv_acq_f61678e977b209098afc610a', 'stxkind': 'm'}",35,PRESENT,42839.422762451264,0.2798792752000736,501,1462,1,501,0.15220782100004726,24
cand_cf35fb1b66d3371735fd,public.dmv,fd,"['county', 'scofflaw_indicator']","{'attnums': [4, 9], 'statistics_name': 'pgextadv_acq_d2a64f8bcecfc324a058807d', 'stxkind': 'f'}",59,PRESENT,42839.43943328692,0.26320843954454176,486,1477,1,486,0.14818300300066767,25
cand_7b08320f31dae1c5e9f4,public.dmv,fd,"['state', 'fuel_type']","{'attnums': [3, 6], 'statistics_name': 'pgextadv_acq_b50b5a3570354561e4708e23', 'stxkind': 'f'}",53,PRESENT,42839.503415326886,0.19922639957803767,496,1467,1,496,0.1595938999998907,26
cand_799d0072c9c0e8bc7bb8,public.dmv,mcv,"['body_type', 'scofflaw_indicator']","{'attnums': [5, 9], 'statistics_name': 'pgextadv_acq_f5608866ab2fd87567b23585', 'stxkind': 'm'}",27,PRESENT,42839.56337466299,0.139267063474108,499,1464,1,499,0.1763870360009605,27
cand_a658273d38918de4ed71,public.dmv,fd,"['body_type', 'scofflaw_indicator']","{'attnums': [5, 9], 'statistics_name': 'pgextadv_acq_5c7b6a1060c7ac49de5c91b8', 'stxkind': 'f'}",63,PRESENT,42839.62688249211,0.07575923435069853,499,1464,1,499,0.15693286799978523,28
cand_044e770ab213d0ef37b1,public.dmv,fd,"['registration_class', 'scofflaw_indicator']","{'attnums': [2, 9], 'statistics_name': 'pgextadv_acq_c8f008004c37b638b2844341', 'stxkind': 'f'}",48,PRESENT,42839.62718526728,0.07545645918435184,512,1451,1,512,0.16095539900015865,29
cand_7bad1214667cfa5a9e86,public.dmv,mcv,"['fuel_type', 'scofflaw_indicator']","{'attnums': [6, 9], 'statistics_name': 'pgextadv_acq_892ecdfec082be8a3805942a', 'stxkind': 'm'}",30,PRESENT,42839.64449230464,0.058149421827693004,502,1461,1,502,0.15405643400117697,30
cand_08a7c0809e27527cb40f,public.dmv,mcv,"['record_type', 'scofflaw_indicator']","{'attnums': [1, 9], 'statistics_name': 'pgextadv_acq_8f426a292d58b97d83a09e9a', 'stxkind': 'm'}",5,PRESENT,42839.65519873032,0.047442996146855876,524,1439,1,524,0.17132051000044157,31
cand_5e3a909effbf6f7d6e21,public.dmv,fd,"['county', 'fuel_type']","{'attnums': [4, 6], 'statistics_name': 'pgextadv_acq_b2596adf61486d4fb03545c4', 'stxkind': 'f'}",58,PRESENT,42839.655910570196,0.046731156267924234,489,1474,1,489,0.15981462799936708,32
cand_d033eb981110aa21d3df,public.dmv,fd,"['fuel_type', 'scofflaw_indicator']","{'attnums': [6, 9], 'statistics_name': 'pgextadv_acq_4c1b5837e3647601e32f5ba2', 'stxkind': 'f'}",66,PRESENT,42839.675327256715,0.027314469749398995,502,1461,1,502,0.15917498300041188,33
cand_835deeb29a9e7947a98b,public.dmv,fd,"['record_type', 'scofflaw_indicator']","{'attnums': [1, 9], 'statistics_name': 'pgextadv_acq_093b404b2ed85ef98519469d', 'stxkind': 'f'}",41,PRESENT,42839.67778121717,0.02486050929292105,524,1439,1,524,0.15626761100065778,34
cand_867399ba1c9a9eab8364,public.dmv,fd,"['state', 'scofflaw_indicator']","{'attnums': [3, 9], 'statistics_name': 'pgextadv_acq_3d4da78d118983d5381996c5', 'stxkind': 'f'}",54,PRESENT,42839.69539263154,0.007249094924191013,505,1458,1,505,0.1622041659993556,35
cand_86d407b8a724ee28f443,public.dmv,fd,"['scofflaw_indicator', 'suspension_indicator']","{'attnums': [9, 10], 'statistics_name': 'pgextadv_acq_7adcc982e7ef9e35157da58c', 'stxkind': 'f'}",69,PRESENT,42839.6999084884,0.0027332380632287823,497,1466,1,497,0.1563989770002081,36
cand_5400d6d245a511006593,public.dmv,fd,"['scofflaw_indicator', 'revocation_indicator']","{'attnums': [9, 11], 'statistics_name': 'pgextadv_acq_ba86de044a03bdb4fb7592a2', 'stxkind': 'f'}",70,PRESENT,42839.701243660245,0.0013980662188259885,490,1473,1,490,0.15138172600018152,37
cand_6b0e7e9b7d7eb883405b,public.dmv,fd,"['record_type', 'county']","{'attnums': [1, 4], 'statistics_name': 'pgextadv_acq_fe515998db2a5eb538c50adf', 'stxkind': 'f'}",38,ABSENT_NATIVE,42839.702641726464,0.0,498,1465,1,498,0.15638592399955087,38
cand_4647f51bb46042cafc21,public.dmv,mcv,"['scofflaw_indicator', 'revocation_indicator']","{'attnums': [9, 11], 'statistics_name': 'pgextadv_acq_5dc5995bc7e813553c0b2fca', 'stxkind': 'm'}",34,PRESENT,42839.70393032014,-0.0012885936739621684,490,1473,1,490,0.1551678340001672,39
cand_a5d58adc88429a8a1a93,public.dmv,mcv,"['scofflaw_indicator', 'suspension_indicator']","{'attnums': [9, 10], 'statistics_name': 'pgextadv_acq_f78765647b7231be6bbc6d13', 'stxkind': 'm'}",33,PRESENT,42839.70541199091,-0.002770264443824999,497,1466,1,497,0.16144611699928646,40
cand_323246ee68602507a57d,public.dmv,mcv,"['county', 'scofflaw_indicator']","{'attnums': [4, 9], 'statistics_name': 'pgextadv_acq_832d6287fdfe9945ca255086', 'stxkind': 'm'}",23,PRESENT,42839.775847069825,-0.07320534336031415,486,1477,1,486,0.1671826060010062,41
cand_67f23918cdad906be4ea,public.dmv,mcv,"['registration_class', 'scofflaw_indicator']","{'attnums': [2, 9], 'statistics_name': 'pgextadv_acq_11198f998b2fd725281c7831', 'stxkind': 'm'}",12,PRESENT,42839.78145021495,-0.07880848848435562,512,1451,1,512,0.17494511699987925,42
cand_e95bcd15c94c80f62716,public.dmv,fd,"['state', 'suspension_indicator']","{'attnums': [3, 10], 'statistics_name': 'pgextadv_acq_ebc7db0605a0bd390e6b7a84', 'stxkind': 'f'}",55,PRESENT,42839.83227965922,-0.12963793275412172,471,1492,1,471,0.15759586000058334,43
cand_d102d0d6903dbc44935f,public.dmv,fd,"['suspension_indicator', 'revocation_indicator']","{'attnums': [10, 11], 'statistics_name': 'pgextadv_acq_cd220a4de6b8b8d324be3993', 'stxkind': 'f'}",71,PRESENT,42839.98196701343,-0.27932528696692316,501,1462,1,501,0.16008198800045648,44
cand_d17d4fee04bca1295fdb,public.dmv,fd,"['registration_class', 'state']","{'attnums': [2, 3], 'statistics_name': 'pgextadv_acq_fa8532320fad21cf15d64326', 'stxkind': 'f'}",44,PRESENT,42840.01506568264,-0.31242395617300645,484,1479,1,484,0.1370322530001431,45
cand_0ffaccec3f557491b6ba,public.dmv,fd,"['state', 'revocation_indicator']","{'attnums': [3, 11], 'statistics_name': 'pgextadv_acq_322deb0bc72e3d9ba79d46b2', 'stxkind': 'f'}",56,PRESENT,42840.15224631271,-0.4496045862470055,505,1458,1,505,0.14415007900061028,46
cand_4c7d493f98b0c50576d2,public.dmv,fd,"['county', 'suspension_indicator']","{'attnums': [4, 10], 'statistics_name': 'pgextadv_acq_e0a9e847c8e394e9c5d8ec0a', 'stxkind': 'f'}",60,PRESENT,42840.7951393536,-1.0924976271344349,496,1467,1,496,0.157910173998971,47
cand_72a4065afe7511935b18,public.dmv,mcv,"['state', 'suspension_indicator']","{'attnums': [3, 10], 'statistics_name': 'pgextadv_acq_220a39f980e2b2657046235c', 'stxkind': 'm'}",19,PRESENT,42842.11499894745,-2.4123572209864506,471,1492,1,471,0.152805970999907,48
cand_f457f7acd881e6884fac,public.dmv,fd,"['county', 'body_type']","{'attnums': [4, 5], 'statistics_name': 'pgextadv_acq_7675aa87ee6523e37ab2a138', 'stxkind': 'f'}",57,PRESENT,42843.36384890026,-3.661207173798175,495,1468,1,495,0.1481381350004085,49
cand_dd4fa07161dcf5def8eb,public.dmv,fd,"['fuel_type', 'revocation_indicator']","{'attnums': [6, 11], 'statistics_name': 'pgextadv_acq_cd778a5a2ad4d7410b4e52ad', 'stxkind': 'f'}",68,PRESENT,42845.691851621035,-5.989209894571104,506,1457,1,506,0.13705192000088573,50
cand_b6cafc68143c6fa37e85,public.dmv,fd,"['record_type', 'suspension_indicator']","{'attnums': [1, 10], 'statistics_name': 'pgextadv_acq_d0346b501bef15a5ada01ab4', 'stxkind': 'f'}",42,PRESENT,42847.04526789283,-7.3426261663626065,528,1435,1,528,0.15829534900149156,51
cand_aea8cd0109869655caf1,public.dmv,fd,"['registration_class', 'county']","{'attnums': [2, 4], 'statistics_name': 'pgextadv_acq_6d855b03aa6d09d197cf9328', 'stxkind': 'f'}",45,PRESENT,42850.00602378815,-10.303382061683806,479,1484,1,479,0.13956818499900692,52
cand_1f373962efd7e5718e85,public.dmv,mcv,"['county', 'suspension_indicator']","{'attnums': [4, 10], 'statistics_name': 'pgextadv_acq_a0d3777d12543a21b4ac99ae', 'stxkind': 'm'}",24,PRESENT,42851.19576659703,-11.493124870568863,496,1467,1,496,0.1637385190006171,53
cand_f002ec4adfff3911240b,public.dmv,fd,"['record_type', 'revocation_indicator']","{'attnums': [1, 11], 'statistics_name': 'pgextadv_acq_84e21ec5cdfafd537dbdc459', 'stxkind': 'f'}",43,PRESENT,42852.019018262756,-12.3163765362915,544,1419,1,544,0.1627461569987645,54
cand_9e3965b9e6ab7faacc4e,public.dmv,fd,"['body_type', 'suspension_indicator']","{'attnums': [5, 10], 'statistics_name': 'pgextadv_acq_18a16ffd17df79f667d81a18', 'stxkind': 'f'}",64,PRESENT,42852.891768079484,-13.189126353019674,498,1465,1,498,0.15469902400036517,55
cand_01b1f84ca5c01d3f532f,public.dmv,fd,"['registration_class', 'suspension_indicator']","{'attnums': [2, 10], 'statistics_name': 'pgextadv_acq_1916ab10c968ecc5bcfb47eb', 'stxkind': 'f'}",49,PRESENT,42855.1795693859,-15.476927659437933,492,1471,1,492,0.15945340899997973,56
cand_2408bc6708d3e202809c,public.dmv,mcv,"['state', 'fuel_type']","{'attnums': [3, 6], 'statistics_name': 'pgextadv_acq_dde4086ae161c23b39c8e0c3', 'stxkind': 'm'}",17,PRESENT,42860.10686221836,-20.404220491895103,496,1467,1,496,0.16406183500112093,57
cand_2bea04f8b2c85ff2a4e0,public.dmv,fd,"['body_type', 'revocation_indicator']","{'attnums': [5, 11], 'statistics_name': 'pgextadv_acq_09d6edb3fc7d05ccdfc35b50', 'stxkind': 'f'}",65,PRESENT,42878.42062116715,-38.71797944068385,516,1447,1,516,0.16102041599879158,58
cand_b8a5e9986c1d9a33b825,public.dmv,mcv,"['registration_class', 'revocation_indicator']","{'attnums': [2, 11], 'statistics_name': 'pgextadv_acq_1cfc12764129dce3bf25108c', 'stxkind': 'm'}",14,PRESENT,42884.924001468105,-45.22135974164121,474,1489,1,474,0.16558450299999095,59
cand_7513ba127d94672ed612,public.dmv,mcv,"['registration_class', 'suspension_indicator']","{'attnums': [2, 10], 'statistics_name': 'pgextadv_acq_7c6a89e0d9a8018abf141ced', 'stxkind': 'm'}",13,PRESENT,42915.689167845216,-75.9865261187515,492,1471,1,492,0.16233696999915992,60
cand_bfad1c9b37411e1a5d68,public.dmv,fd,"['state', 'county']","{'attnums': [3, 4], 'statistics_name': 'pgextadv_acq_11e8f8cd017a063fa663a32b', 'stxkind': 'f'}",51,PRESENT,42935.488280742604,-95.78563901613961,460,1503,1,460,0.16223855300086143,61
cand_bc69a49224dd80292b07,public.dmv,mcv,"['record_type', 'revocation_indicator']","{'attnums': [1, 11], 'statistics_name': 'pgextadv_acq_684aab968451c9af69570496', 'stxkind': 'm'}",7,PRESENT,42951.64502423491,-111.94238250844501,544,1419,1,544,0.17340840699944238,62
cand_4818ce79b7b4b07709c2,public.dmv,mcv,"['registration_class', 'state']","{'attnums': [2, 3], 'statistics_name': 'pgextadv_acq_d4e26b2a32bcc576e9856539', 'stxkind': 'm'}",8,PRESENT,42960.28123203839,-120.57859031192493,484,1479,1,484,0.16227803799847607,63
cand_f9cdb92e50791f0d58b6,public.dmv,mcv,"['state', 'body_type']","{'attnums': [3, 5], 'statistics_name': 'pgextadv_acq_c4db07b8160888a21490c931', 'stxkind': 'm'}",16,PRESENT,42964.290803568234,-124.58816184176976,459,1504,1,459,0.146702643000026,64
cand_1f420ce5268e234e658c,public.dmv,mcv,"['registration_class', 'fuel_type']","{'attnums': [2, 6], 'statistics_name': 'pgextadv_acq_2fc9932246babe4b0af91324', 'stxkind': 'm'}",11,PRESENT,42969.31315068959,-129.61050896312372,474,1489,1,474,0.16169990799971856,65
cand_cfb64b0bf69c059cd760,public.dmv,fd,"['registration_class', 'revocation_indicator']","{'attnums': [2, 11], 'statistics_name': 'pgextadv_acq_a5594918018fe8730eed5b23', 'stxkind': 'f'}",50,PRESENT,42983.97258338716,-144.26994166069926,474,1489,1,474,0.1498052450006071,66
cand_6ca6020979af5e5766a4,public.dmv,mcv,"['record_type', 'fuel_type']","{'attnums': [1, 6], 'statistics_name': 'pgextadv_acq_0392e720db513bc0eef53297', 'stxkind': 'm'}",4,PRESENT,43053.743983863504,-214.04134213703946,514,1449,1,514,0.1716745430003357,67
cand_0275ee8f6b218bf6a5a1,public.dmv,mcv,"['body_type', 'fuel_type']","{'attnums': [5, 6], 'statistics_name': 'pgextadv_acq_f753a68abedf14db57963446', 'stxkind': 'm'}",26,PRESENT,43531.05141287087,-691.3487711444031,483,1480,1,483,0.15752814799998305,68
cand_850ffdf5fc1ceee3e08d,public.dmv,fd,"['record_type', 'registration_class']","{'attnums': [1, 2], 'statistics_name': 'pgextadv_acq_8a1bcfd1e21f0b485e0bbce4', 'stxkind': 'f'}",36,PRESENT,43900.102074381066,-1060.3994326546017,503,1460,1,503,0.15611916899979406,69
cand_c7f3b001bf1756cd2ed9,public.dmv,fd,"['registration_class', 'body_type']","{'attnums': [2, 5], 'statistics_name': 'pgextadv_acq_8c777df2dca8b5e52dfa0455', 'stxkind': 'f'}",46,PRESENT,45856.814738692825,-3017.1120969663607,465,1498,1,465,0.15346408400000655,70
cand_c6f83d66ce3d1e079f11,public.dmv,mcv,"['registration_class', 'body_type']","{'attnums': [2, 5], 'statistics_name': 'pgextadv_acq_377382992bb117f60627fd41', 'stxkind': 'm'}",10,PRESENT,50201.62170450655,-7361.919062780085,465,1498,1,465,0.13639950400101952,71
cand_0715050eb032f5528139,public.dmv,fd,"['record_type', 'body_type']","{'attnums': [1, 5], 'statistics_name': 'pgextadv_acq_004cff7a8d3a45ed5100db06', 'stxkind': 'f'}",39,PRESENT,73105.34505130215,-30265.64240957569,489,1474,1,489,0.15740103499956604,72
