run,ordinary_stats_digest,payload_bundle_digest,present,absent,empty_objective,design_objective,absolute_improvement,relative_improvement,improved,unchanged,worsened,analyze_seconds
B1,97a1d002d30e,ea1245a8fae1,30,1,41728.85747863739,21869.8524093003,19859.005069337087,0.47590579443742687,1553,85,325,0.30735574400023324
B2,ba3d6c376faf,340e7981627e,29,2,39826.79470110098,22329.257778698902,17497.53692240208,0.4393408270417095,1561,90,312,0.30658433600001445
B3,f364f3a66bbe,414f6533667d,29,2,40245.259209222146,21488.18346406888,18757.075745153266,0.46606919954574694,1542,90,331,0.29749898000045505
B4,6b43d35b5904,95f2866aef77,30,1,42552.68213176397,23786.399812544678,18766.282319219292,0.4410129133836894,1550,85,328,0.30389649300013843
B5,8e99ea168e69,b44914b60680,31,0,41070.79144747882,21100.834339206736,19969.957108272083,0.486232585359588,1557,79,327,0.29821265899954597
B6,cc6902cb36ee,a29aae761679,29,2,43303.49722783678,22688.114065044294,20615.383162792485,0.47606739599637465,1541,90,332,0.3134548009984428
B7,de604ec9f848,d7cc34a4b320,30,1,40320.67908537071,22679.8369331067,17640.842152264013,0.43751351793736337,1579,85,299,0.30596096299996134
B8,8cb6d51fcfce,1f4315d4c050,30,1,42398.628047378515,22909.342718842996,19489.28532853552,0.4596678295051703,1563,91,309,0.30627966999963974
B9,c824b15a1a3c,7c4f444c4c9a,31,0,41961.437717091954,21771.97022083176,20189.467496260193,0.4811433686419308,1566,84,313,0.3095790240004135
B10,f00acfc319dd,076f04a206b8,30,1,40491.79021711693,22492.32931321368,17999.460903903255,0.4445212426368448,1557,86,320,0.3086106819991983
