configuration_id,configuration_kind,role,n_mcv,n_fd,subset_id,mean_seconds,median_seconds,stddev_seconds,cv,min_seconds,max_seconds
empty,empty,fit,0,0,s0,0.12232945849999055,0.12232945849999055,0.002054650780733644,0.016796042473561694,0.12087660099996356,0.12378231600001754
fd-1-s0,fd-only,fit,0,1,s0,0.12976125899999147,0.12976125899999147,0.001696359067555089,0.013072923926818563,0.12856175199999598,0.13096076599998696
fd-1-s1,fd-only,fit,0,1,s1,0.129123906000018,0.129123906000018,0.0014703762255918649,0.011387327654041537,0.1280841930000065,0.13016361900002948
fd-1-s2,fd-only,fit,0,1,s2,0.13059285450000857,0.13059285450000857,0.0012683254126108383,0.009712058270468045,0.12969601300000022,0.13148969600001692
fd-12-s0,fd-only,fit,0,12,s0,0.192717088500018,0.192717088500018,0.0010986537262406995,0.0057008630360280525,0.19194022300001734,0.19349395400001868
fd-12-s1,fd-only,fit,0,12,s1,0.18599121150000997,0.18599121150000997,0.005976837745645713,0.032135054648242845,0.18176494900001217,0.19021747400000777
fd-12-s2,fd-only,fit,0,12,s2,0.20681055999997966,0.20681055999997966,0.005141968789893104,0.02486318295300593,0.20317463899999666,0.21044648099996266
fd-18-s0,fd-only,fit,0,18,s0,0.2304275225000083,0.2304275225000083,0.004081587925297336,0.017713109445496856,0.22754140400002143,0.2333136409999952
fd-18-s1,fd-only,fit,0,18,s1,0.23468029799997225,0.23468029799997225,0.0009969809635251166,0.004248251651381636,0.23397532599994975,0.23538526999999476
fd-18-s2,fd-only,fit,0,18,s2,0.2292517999999859,0.2292517999999859,0.004755926671179857,0.020745427827306696,0.22588885199996867,0.23261474800000315
fd-2-s0,fd-only,fit,0,2,s0,0.12851333750001004,0.12851333750001004,0.0008586432999020186,0.006681355543364917,0.12790618500002893,0.12912048999999115
fd-2-s1,fd-only,fit,0,2,s1,0.13368581550000158,0.13368581550000158,0.0005500619006236872,0.004114586865976672,0.1332968629999982,0.13407476800000495
fd-2-s2,fd-only,fit,0,2,s2,0.13853030300001024,0.13853030300001024,0.0028941046167625375,0.020891491277271832,0.13648386200003415,0.14057674399998632
fd-24-s0,fd-only,fit,0,24,s0,0.2811522584999864,0.2811522584999864,0.006835505794344901,0.02431246980128823,0.27631882599996516,0.2859856910000076
fd-24-s1,fd-only,fit,0,24,s1,0.2763604725000164,0.2763604725000164,0.0007837847333960062,0.002836095648215248,0.2758062530000416,0.2769146919999912
fd-24-s2,fd-only,fit,0,24,s2,0.26970662450000304,0.26970662450000304,0.0026337627492382574,0.009765287575419668,0.26784427299998015,0.27156897600002594
fd-30-s0,fd-only,fit,0,30,s0,0.3174849904999917,0.3174849904999917,0.002794551760186552,0.00880215394052345,0.31550894399998697,0.3194610369999964
fd-30-s1,fd-only,fit,0,30,s1,0.3076116759999934,0.3076116759999934,0.0068424941306361575,0.022243935014470338,0.3027733019999914,0.31245004999999537
fd-30-s2,fd-only,fit,0,30,s2,0.32995044499998016,0.32995044499998016,0.008340986336001348,0.025279512309801095,0.3240524770000093,0.33584841299995105
fd-36-s0,fd-only,fit,0,36,s0,0.3390535155000123,0.3390535155000123,0.0004755187037028619,0.0014024886395930752,0.33871727300004295,0.3393897579999816
fd-36-s1,fd-only,fit,0,36,s1,0.3355558915000074,0.3355558915000074,0.0013879070688158606,0.004136142752885714,0.334574492999991,0.33653729000002386
fd-36-s2,fd-only,fit,0,36,s2,0.3436412669999811,0.3436412669999811,0.002303458322473617,0.006703089947790652,0.3420124759999794,0.3452700579999828
fd-4-s0,fd-only,fit,0,4,s0,0.15210135899997113,0.15210135899997113,0.007831851068843742,0.05149099995119195,0.1465634039999486,0.15763931399999365
fd-4-s1,fd-only,fit,0,4,s1,0.14379505649998237,0.14379505649998237,0.004318624260494363,0.03003319005264199,0.14074132799999006,0.14684878499997467
fd-4-s2,fd-only,fit,0,4,s2,0.14859383499998557,0.14859383499998557,0.002155590980813548,0.014506597671523569,0.14706960199998775,0.1501180679999834
fd-8-s0,fd-only,fit,0,8,s0,0.16369594250002706,0.16369594250002706,0.0016061711331902535,0.00981191780724796,0.16256020800000215,0.16483167700005197
fd-8-s1,fd-only,fit,0,8,s1,0.16859812100000227,0.16859812100000227,0.0015508463914953472,0.009198479688248284,0.16750150699999722,0.1696947350000073
fd-8-s2,fd-only,fit,0,8,s2,0.16684660700002496,0.16684660700002496,0.00013072141643809704,0.0007834826178879232,0.16675417300001527,0.16693904100003465
mcv-1-s0,mcv-only,fit,1,0,s0,0.12686540799998625,0.12686540799998625,0.005610582595946964,0.04422468413097739,0.12289812699998492,0.13083268899998757
mcv-1-s1,mcv-only,fit,1,0,s1,0.12487327499997036,0.12487327499997036,0.000443411106118416,0.003550888739952734,0.1245597359999806,0.12518681399996012
mcv-1-s2,mcv-only,fit,1,0,s2,0.1279020715000172,0.1279020715000172,0.0008652250498734984,0.006764746182186596,0.12729026499999918,0.12851387800003522
mcv-12-s0,mcv-only,fit,12,0,s0,0.16385892450000483,0.16385892450000483,0.0010530170545952437,0.006426363762659828,0.16311432899999545,0.16460352000001421
mcv-12-s1,mcv-only,fit,12,0,s1,0.17691805700002305,0.17691805700002305,0.0023167024325008397,0.013094776597623033,0.17527990100001034,0.17855621300003577
mcv-12-s2,mcv-only,fit,12,0,s2,0.18015610000000493,0.18015610000000493,0.0022025188294528216,0.012225613395565075,0.17859868400000778,0.18171351600000207
mcv-18-s0,mcv-only,fit,18,0,s0,0.19913890099999776,0.19913890099999776,0.012481585857789461,0.0626777881926224,0.19031308699999272,0.2079647150000028
mcv-18-s1,mcv-only,fit,18,0,s1,0.20351342499998282,0.20351342499998282,0.006973965080253989,0.034267838007515115,0.19858208699997704,0.2084447629999886
mcv-18-s2,mcv-only,fit,18,0,s2,0.20655203550001033,0.20655203550001033,0.0013629504420907762,0.006598581508971419,0.20558828399998674,0.20751578700003392
mcv-2-s0,mcv-only,fit,2,0,s0,0.1326342499999953,0.1326342499999953,9.603358616392588e-05,0.0007240481712976044,0.13256634399999712,0.13270215599999347
mcv-2-s1,mcv-only,fit,2,0,s1,0.13118276650001803,0.13118276650001803,0.0010298621359067736,0.007850590160458554,0.1304545440000311,0.13191098900000497
mcv-2-s2,mcv-only,fit,2,0,s2,0.14033901649997915,0.14033901649997915,0.0021652224822756292,0.015428514010399602,0.13880797299998449,0.14187005999997382
mcv-24-s0,mcv-only,fit,24,0,s0,0.23254553799998234,0.23254553799998234,0.001119057292399312,0.004812207114459435,0.23175424499999053,0.23333683099997415
mcv-24-s1,mcv-only,fit,24,0,s1,0.228607331500001,0.228607331500001,0.0049927628951437625,0.02183990715601236,0.22507691499998828,0.23213774800001374
mcv-24-s2,mcv-only,fit,24,0,s2,0.22358674450001104,0.22358674450001104,0.004210221962525535,0.018830373741254267,0.2206096680000087,0.22656382100001338
mcv-30-s0,mcv-only,fit,30,0,s0,0.2548189215000036,0.2548189215000036,0.006283789970966364,0.024659824843369312,0.2503756109999813,0.25926223200002596
mcv-30-s1,mcv-only,fit,30,0,s1,0.24832296599998926,0.24832296599998926,0.005399820934523724,0.021745153182988145,0.24450471599999446,0.25214121599998407
mcv-30-s2,mcv-only,fit,30,0,s2,0.24395927650002136,0.24395927650002136,0.005408162673230787,0.022168301000147925,0.2401351280000199,0.24778342500002282
mcv-36-s0,mcv-only,fit,36,0,s0,0.2751489300000003,0.2751489300000003,0.007835467212865207,0.028477185838466458,0.26960841800001845,0.28068944199998214
mcv-36-s1,mcv-only,fit,36,0,s1,0.26289191000000756,0.26289191000000756,0.002160584568908491,0.008218528173455125,0.26136414600000535,0.26441967400000976
mcv-36-s2,mcv-only,fit,36,0,s2,0.2581929460000083,0.2581929460000083,5.907170041388569e-06,2.2878897866514055e-05,0.2581887690000144,0.2581971230000022
mcv-4-s0,mcv-only,fit,4,0,s0,0.14019315849998293,0.14019315849998293,0.0020044730692902603,0.014297937864710454,0.13877578199998197,0.14161053499998388
mcv-4-s1,mcv-only,fit,4,0,s1,0.13773815249999188,0.13773815249999188,0.0032779455121124267,0.023798384489821148,0.13542029500001718,0.1400560099999666
mcv-4-s2,mcv-only,fit,4,0,s2,0.14162152599999445,0.14162152599999445,0.0026638055950718694,0.01880932701623321,0.13973793099995646,0.14350512100003243
mcv-8-s0,mcv-only,fit,8,0,s0,0.15496122150000247,0.15496122150000247,0.0015385703106638358,0.009928744080426672,0.15387328799999977,0.15604915500000516
mcv-8-s1,mcv-only,fit,8,0,s1,0.15741185850001216,0.15741185850001216,0.00515629406621039,0.03275670661248175,0.15376580800000283,0.16105790900002148
mcv-8-s2,mcv-only,fit,8,0,s2,0.1614357210000037,0.1614357210000037,0.0023794312892183047,0.014739187055250617,0.15975320900002998,0.1631182329999774
mixed-1-1,mixed,held-out,1,1,heldout,0.13273350600002232,0.13273350600002232,0.00030294858670079227,0.0022823821643100524,0.1325192890000153,0.13294772300002933
mixed-1-12,mixed,held-out,1,12,heldout,0.1920355394999831,0.1920355394999831,0.001348702240441627,0.0070231908320373465,0.19108186299996532,0.19298921600000085
mixed-12-1,mixed,held-out,12,1,heldout,0.1728510574999973,0.1728510574999973,0.0004372882685386519,0.0025298559052128375,0.1725418479999803,0.1731602670000143
mixed-12-36,mixed,held-out,12,36,heldout,0.38535664450000695,0.38535664450000695,0.001918340392276753,0.0049780908663603395,0.384000173000004,0.3867131160000099
mixed-36-12,mixed,held-out,36,12,heldout,0.3348626549999949,0.3348626549999949,0.00327463130262861,0.009779028069369694,0.3325471410000205,0.33717816899996933
mixed-36-36,mixed,held-out,36,36,heldout,0.502996400499967,0.502996400499967,0.01038311708407142,0.020642527608052144,0.4956544279999662,0.5103383729999678
mixed-stability-12-0,mixed-stability,stability,12,12,s0,0.24303477199998724,0.24603925700000673,0.006270646307307992,0.02580143678908762,0.2358271979999813,0.2472378609999737
mixed-stability-12-1,mixed-stability,stability,12,12,s1,0.24064284333331898,0.2408524639999996,0.0005487091929312923,0.0022801808079173365,0.24002022399997713,0.2410558419999802
mixed-stability-12-2,mixed-stability,stability,12,12,s2,0.2561685026666585,0.25355271099999754,0.006069480186794471,0.023693311721044934,0.2518455179999819,0.2631072789999962
