run_id,configuration_id,configuration_kind,role,n_mcv,n_fd,statistics_target,repetition,elapsed_seconds,is_warmup,order_index
cal-4b9303f17e12,mcv-1-s0,mcv-only,fit,1,0,100,0,0.1302775070000166,True,0
cal-4b9303f17e12,mcv-1-s0,mcv-only,fit,1,0,100,1,0.13083268899998757,False,0
cal-4b9303f17e12,mcv-1-s0,mcv-only,fit,1,0,100,2,0.12289812699998492,False,0
cal-4b9303f17e12,fd-2-s2,fd-only,fit,0,2,100,0,0.13585031700000627,True,1
cal-4b9303f17e12,fd-2-s2,fd-only,fit,0,2,100,1,0.13648386200003415,False,1
cal-4b9303f17e12,fd-2-s2,fd-only,fit,0,2,100,2,0.14057674399998632,False,1
cal-4b9303f17e12,fd-8-s2,fd-only,fit,0,8,100,0,0.16441472200000362,True,2
cal-4b9303f17e12,fd-8-s2,fd-only,fit,0,8,100,1,0.16675417300001527,False,2
cal-4b9303f17e12,fd-8-s2,fd-only,fit,0,8,100,2,0.16693904100003465,False,2
cal-4b9303f17e12,fd-18-s1,fd-only,fit,0,18,100,0,0.22358356000000867,True,3
cal-4b9303f17e12,fd-18-s1,fd-only,fit,0,18,100,1,0.23538526999999476,False,3
cal-4b9303f17e12,fd-18-s1,fd-only,fit,0,18,100,2,0.23397532599994975,False,3
cal-4b9303f17e12,fd-18-s2,fd-only,fit,0,18,100,0,0.22767855899996903,True,4
cal-4b9303f17e12,fd-18-s2,fd-only,fit,0,18,100,1,0.22588885199996867,False,4
cal-4b9303f17e12,fd-18-s2,fd-only,fit,0,18,100,2,0.23261474800000315,False,4
cal-4b9303f17e12,mcv-2-s0,mcv-only,fit,2,0,100,0,0.12531793900001276,True,5
cal-4b9303f17e12,mcv-2-s0,mcv-only,fit,2,0,100,1,0.13270215599999347,False,5
cal-4b9303f17e12,mcv-2-s0,mcv-only,fit,2,0,100,2,0.13256634399999712,False,5
cal-4b9303f17e12,fd-1-s0,fd-only,fit,0,1,100,0,0.12564929800004165,True,6
cal-4b9303f17e12,fd-1-s0,fd-only,fit,0,1,100,1,0.12856175199999598,False,6
cal-4b9303f17e12,fd-1-s0,fd-only,fit,0,1,100,2,0.13096076599998696,False,6
cal-4b9303f17e12,fd-36-s2,fd-only,fit,0,36,100,0,0.3369156719999751,True,7
cal-4b9303f17e12,fd-36-s2,fd-only,fit,0,36,100,1,0.3452700579999828,False,7
cal-4b9303f17e12,fd-36-s2,fd-only,fit,0,36,100,2,0.3420124759999794,False,7
cal-4b9303f17e12,mcv-12-s0,mcv-only,fit,12,0,100,0,0.16388420600003428,True,8
cal-4b9303f17e12,mcv-12-s0,mcv-only,fit,12,0,100,1,0.16460352000001421,False,8
cal-4b9303f17e12,mcv-12-s0,mcv-only,fit,12,0,100,2,0.16311432899999545,False,8
cal-4b9303f17e12,fd-36-s1,fd-only,fit,0,36,100,0,0.3360608289999618,True,9
cal-4b9303f17e12,fd-36-s1,fd-only,fit,0,36,100,1,0.334574492999991,False,9
cal-4b9303f17e12,fd-36-s1,fd-only,fit,0,36,100,2,0.33653729000002386,False,9
cal-4b9303f17e12,mcv-36-s2,mcv-only,fit,36,0,100,0,0.2623182789999987,True,10
cal-4b9303f17e12,mcv-36-s2,mcv-only,fit,36,0,100,1,0.2581887690000144,False,10
cal-4b9303f17e12,mcv-36-s2,mcv-only,fit,36,0,100,2,0.2581971230000022,False,10
cal-4b9303f17e12,mcv-1-s2,mcv-only,fit,1,0,100,0,0.12340136299997084,True,11
cal-4b9303f17e12,mcv-1-s2,mcv-only,fit,1,0,100,1,0.12729026499999918,False,11
cal-4b9303f17e12,mcv-1-s2,mcv-only,fit,1,0,100,2,0.12851387800003522,False,11
cal-4b9303f17e12,mixed-stability-12-2,mixed-stability,stability,12,12,100,0,0.255625383999984,True,12
cal-4b9303f17e12,mixed-stability-12-2,mixed-stability,stability,12,12,100,1,0.25355271099999754,False,12
cal-4b9303f17e12,mixed-stability-12-2,mixed-stability,stability,12,12,100,2,0.2518455179999819,False,12
cal-4b9303f17e12,mixed-stability-12-2,mixed-stability,stability,12,12,100,3,0.2631072789999962,False,12
cal-4b9303f17e12,mcv-18-s2,mcv-only,fit,18,0,100,0,0.21306243800000857,True,13
cal-4b9303f17e12,mcv-18-s2,mcv-only,fit,18,0,100,1,0.20751578700003392,False,13
cal-4b9303f17e12,mcv-18-s2,mcv-only,fit,18,0,100,2,0.20558828399998674,False,13
cal-4b9303f17e12,fd-2-s1,fd-only,fit,0,2,100,0,0.13312418999998954,True,14
cal-4b9303f17e12,fd-2-s1,fd-only,fit,0,2,100,1,0.13407476800000495,False,14
cal-4b9303f17e12,fd-2-s1,fd-only,fit,0,2,100,2,0.1332968629999982,False,14
cal-4b9303f17e12,mixed-36-36,mixed,held-out,36,36,100,0,0.49859837200000356,True,15
cal-4b9303f17e12,mixed-36-36,mixed,held-out,36,36,100,1,0.5103383729999678,False,15
cal-4b9303f17e12,mixed-36-36,mixed,held-out,36,36,100,2,0.4956544279999662,False,15
cal-4b9303f17e12,mcv-8-s1,mcv-only,fit,8,0,100,0,0.15709840499999927,True,16
cal-4b9303f17e12,mcv-8-s1,mcv-only,fit,8,0,100,1,0.15376580800000283,False,16
cal-4b9303f17e12,mcv-8-s1,mcv-only,fit,8,0,100,2,0.16105790900002148,False,16
cal-4b9303f17e12,mcv-4-s0,mcv-only,fit,4,0,100,0,0.14033845300002667,True,17
cal-4b9303f17e12,mcv-4-s0,mcv-only,fit,4,0,100,1,0.13877578199998197,False,17
cal-4b9303f17e12,mcv-4-s0,mcv-only,fit,4,0,100,2,0.14161053499998388,False,17
cal-4b9303f17e12,fd-1-s2,fd-only,fit,0,1,100,0,0.13132760600001347,True,18
cal-4b9303f17e12,fd-1-s2,fd-only,fit,0,1,100,1,0.12969601300000022,False,18
cal-4b9303f17e12,fd-1-s2,fd-only,fit,0,1,100,2,0.13148969600001692,False,18
cal-4b9303f17e12,mixed-12-1,mixed,held-out,12,1,100,0,0.17719198800000413,True,19
cal-4b9303f17e12,mixed-12-1,mixed,held-out,12,1,100,1,0.1731602670000143,False,19
cal-4b9303f17e12,mixed-12-1,mixed,held-out,12,1,100,2,0.1725418479999803,False,19
cal-4b9303f17e12,mixed-stability-12-1,mixed-stability,stability,12,12,100,0,0.24646354499998324,True,20
cal-4b9303f17e12,mixed-stability-12-1,mixed-stability,stability,12,12,100,1,0.2410558419999802,False,20
cal-4b9303f17e12,mixed-stability-12-1,mixed-stability,stability,12,12,100,2,0.24002022399997713,False,20
cal-4b9303f17e12,mixed-stability-12-1,mixed-stability,stability,12,12,100,3,0.2408524639999996,False,20
cal-4b9303f17e12,fd-8-s1,fd-only,fit,0,8,100,0,0.16825336200002994,True,21
cal-4b9303f17e12,fd-8-s1,fd-only,fit,0,8,100,1,0.16750150699999722,False,21
cal-4b9303f17e12,fd-8-s1,fd-only,fit,0,8,100,2,0.1696947350000073,False,21
cal-4b9303f17e12,fd-4-s0,fd-only,fit,0,4,100,0,0.14774894099997482,True,22
cal-4b9303f17e12,fd-4-s0,fd-only,fit,0,4,100,1,0.15763931399999365,False,22
cal-4b9303f17e12,fd-4-s0,fd-only,fit,0,4,100,2,0.1465634039999486,False,22
cal-4b9303f17e12,mcv-4-s2,mcv-only,fit,4,0,100,0,0.1448800019999794,True,23
cal-4b9303f17e12,mcv-4-s2,mcv-only,fit,4,0,100,1,0.14350512100003243,False,23
cal-4b9303f17e12,mcv-4-s2,mcv-only,fit,4,0,100,2,0.13973793099995646,False,23
cal-4b9303f17e12,mcv-24-s2,mcv-only,fit,24,0,100,0,0.21907650500003228,True,24
cal-4b9303f17e12,mcv-24-s2,mcv-only,fit,24,0,100,1,0.2206096680000087,False,24
cal-4b9303f17e12,mcv-24-s2,mcv-only,fit,24,0,100,2,0.22656382100001338,False,24
cal-4b9303f17e12,mcv-30-s0,mcv-only,fit,30,0,100,0,0.25335907700002736,True,25
cal-4b9303f17e12,mcv-30-s0,mcv-only,fit,30,0,100,1,0.2503756109999813,False,25
cal-4b9303f17e12,mcv-30-s0,mcv-only,fit,30,0,100,2,0.25926223200002596,False,25
cal-4b9303f17e12,mcv-36-s0,mcv-only,fit,36,0,100,0,0.28118391900000006,True,26
cal-4b9303f17e12,mcv-36-s0,mcv-only,fit,36,0,100,1,0.26960841800001845,False,26
cal-4b9303f17e12,mcv-36-s0,mcv-only,fit,36,0,100,2,0.28068944199998214,False,26
cal-4b9303f17e12,fd-12-s0,fd-only,fit,0,12,100,0,0.1949956180000072,True,27
cal-4b9303f17e12,fd-12-s0,fd-only,fit,0,12,100,1,0.19349395400001868,False,27
cal-4b9303f17e12,fd-12-s0,fd-only,fit,0,12,100,2,0.19194022300001734,False,27
cal-4b9303f17e12,mcv-36-s1,mcv-only,fit,36,0,100,0,0.26495512900004314,True,28
cal-4b9303f17e12,mcv-36-s1,mcv-only,fit,36,0,100,1,0.26136414600000535,False,28
cal-4b9303f17e12,mcv-36-s1,mcv-only,fit,36,0,100,2,0.26441967400000976,False,28
cal-4b9303f17e12,fd-24-s1,fd-only,fit,0,24,100,0,0.2580303820000154,True,29
cal-4b9303f17e12,fd-24-s1,fd-only,fit,0,24,100,1,0.2769146919999912,False,29
cal-4b9303f17e12,fd-24-s1,fd-only,fit,0,24,100,2,0.2758062530000416,False,29
cal-4b9303f17e12,mixed-1-1,mixed,held-out,1,1,100,0,0.13037219000000277,True,30
cal-4b9303f17e12,mixed-1-1,mixed,held-out,1,1,100,1,0.1325192890000153,False,30
cal-4b9303f17e12,mixed-1-1,mixed,held-out,1,1,100,2,0.13294772300002933,False,30
cal-4b9303f17e12,fd-8-s0,fd-only,fit,0,8,100,0,0.16539063300001544,True,31
cal-4b9303f17e12,fd-8-s0,fd-only,fit,0,8,100,1,0.16256020800000215,False,31
cal-4b9303f17e12,fd-8-s0,fd-only,fit,0,8,100,2,0.16483167700005197,False,31
cal-4b9303f17e12,fd-4-s1,fd-only,fit,0,4,100,0,0.1391412129999594,True,32
cal-4b9303f17e12,fd-4-s1,fd-only,fit,0,4,100,1,0.14684878499997467,False,32
cal-4b9303f17e12,fd-4-s1,fd-only,fit,0,4,100,2,0.14074132799999006,False,32
cal-4b9303f17e12,mcv-30-s1,mcv-only,fit,30,0,100,0,0.23981637899998987,True,33
cal-4b9303f17e12,mcv-30-s1,mcv-only,fit,30,0,100,1,0.25214121599998407,False,33
cal-4b9303f17e12,mcv-30-s1,mcv-only,fit,30,0,100,2,0.24450471599999446,False,33
cal-4b9303f17e12,mcv-24-s1,mcv-only,fit,24,0,100,0,0.21400677000002588,True,34
cal-4b9303f17e12,mcv-24-s1,mcv-only,fit,24,0,100,1,0.23213774800001374,False,34
cal-4b9303f17e12,mcv-24-s1,mcv-only,fit,24,0,100,2,0.22507691499998828,False,34
cal-4b9303f17e12,fd-30-s0,fd-only,fit,0,30,100,0,0.30789803900000834,True,35
cal-4b9303f17e12,fd-30-s0,fd-only,fit,0,30,100,1,0.3194610369999964,False,35
cal-4b9303f17e12,fd-30-s0,fd-only,fit,0,30,100,2,0.31550894399998697,False,35
cal-4b9303f17e12,mcv-18-s0,mcv-only,fit,18,0,100,0,0.19032130400000824,True,36
cal-4b9303f17e12,mcv-18-s0,mcv-only,fit,18,0,100,1,0.19031308699999272,False,36
cal-4b9303f17e12,mcv-18-s0,mcv-only,fit,18,0,100,2,0.2079647150000028,False,36
cal-4b9303f17e12,mcv-2-s2,mcv-only,fit,2,0,100,0,0.13855015000001458,True,37
cal-4b9303f17e12,mcv-2-s2,mcv-only,fit,2,0,100,1,0.14187005999997382,False,37
cal-4b9303f17e12,mcv-2-s2,mcv-only,fit,2,0,100,2,0.13880797299998449,False,37
cal-4b9303f17e12,mcv-1-s1,mcv-only,fit,1,0,100,0,0.12573154599999725,True,38
cal-4b9303f17e12,mcv-1-s1,mcv-only,fit,1,0,100,1,0.1245597359999806,False,38
cal-4b9303f17e12,mcv-1-s1,mcv-only,fit,1,0,100,2,0.12518681399996012,False,38
cal-4b9303f17e12,fd-2-s0,fd-only,fit,0,2,100,0,0.1318108309999957,True,39
cal-4b9303f17e12,fd-2-s0,fd-only,fit,0,2,100,1,0.12790618500002893,False,39
cal-4b9303f17e12,fd-2-s0,fd-only,fit,0,2,100,2,0.12912048999999115,False,39
cal-4b9303f17e12,mixed-36-12,mixed,held-out,36,12,100,0,0.3356401360000518,True,40
cal-4b9303f17e12,mixed-36-12,mixed,held-out,36,12,100,1,0.3325471410000205,False,40
cal-4b9303f17e12,mixed-36-12,mixed,held-out,36,12,100,2,0.33717816899996933,False,40
cal-4b9303f17e12,mixed-stability-12-0,mixed-stability,stability,12,12,100,0,0.23697759499998483,True,41
cal-4b9303f17e12,mixed-stability-12-0,mixed-stability,stability,12,12,100,1,0.2358271979999813,False,41
cal-4b9303f17e12,mixed-stability-12-0,mixed-stability,stability,12,12,100,2,0.24603925700000673,False,41
cal-4b9303f17e12,mixed-stability-12-0,mixed-stability,stability,12,12,100,3,0.2472378609999737,False,41
cal-4b9303f17e12,fd-12-s1,fd-only,fit,0,12,100,0,0.18596012199998313,True,42
cal-4b9303f17e12,fd-12-s1,fd-only,fit,0,12,100,1,0.18176494900001217,False,42
cal-4b9303f17e12,fd-12-s1,fd-only,fit,0,12,100,2,0.19021747400000777,False,42
cal-4b9303f17e12,mixed-12-36,mixed,held-out,12,36,100,0,0.38565575500001614,True,43
cal-4b9303f17e12,mixed-12-36,mixed,held-out,12,36,100,1,0.384000173000004,False,43
cal-4b9303f17e12,mixed-12-36,mixed,held-out,12,36,100,2,0.3867131160000099,False,43
cal-4b9303f17e12,mixed-1-12,mixed,held-out,1,12,100,0,0.19053921800002627,True,44
cal-4b9303f17e12,mixed-1-12,mixed,held-out,1,12,100,1,0.19108186299996532,False,44
cal-4b9303f17e12,mixed-1-12,mixed,held-out,1,12,100,2,0.19298921600000085,False,44
cal-4b9303f17e12,fd-30-s1,fd-only,fit,0,30,100,0,0.29755624500000977,True,45
cal-4b9303f17e12,fd-30-s1,fd-only,fit,0,30,100,1,0.3027733019999914,False,45
cal-4b9303f17e12,fd-30-s1,fd-only,fit,0,30,100,2,0.31245004999999537,False,45
cal-4b9303f17e12,mcv-24-s0,mcv-only,fit,24,0,100,0,0.2163824080000154,True,46
cal-4b9303f17e12,mcv-24-s0,mcv-only,fit,24,0,100,1,0.23333683099997415,False,46
cal-4b9303f17e12,mcv-24-s0,mcv-only,fit,24,0,100,2,0.23175424499999053,False,46
cal-4b9303f17e12,fd-36-s0,fd-only,fit,0,36,100,0,0.33917321000001266,True,47
cal-4b9303f17e12,fd-36-s0,fd-only,fit,0,36,100,1,0.3393897579999816,False,47
cal-4b9303f17e12,fd-36-s0,fd-only,fit,0,36,100,2,0.33871727300004295,False,47
cal-4b9303f17e12,mcv-8-s0,mcv-only,fit,8,0,100,0,0.14691353200004187,True,48
cal-4b9303f17e12,mcv-8-s0,mcv-only,fit,8,0,100,1,0.15604915500000516,False,48
cal-4b9303f17e12,mcv-8-s0,mcv-only,fit,8,0,100,2,0.15387328799999977,False,48
cal-4b9303f17e12,empty,empty,fit,0,0,100,0,0.12036874000000353,True,49
cal-4b9303f17e12,empty,empty,fit,0,0,100,1,0.12087660099996356,False,49
cal-4b9303f17e12,empty,empty,fit,0,0,100,2,0.12378231600001754,False,49
cal-4b9303f17e12,fd-18-s0,fd-only,fit,0,18,100,0,0.2217388119999555,True,50
cal-4b9303f17e12,fd-18-s0,fd-only,fit,0,18,100,1,0.22754140400002143,False,50
cal-4b9303f17e12,fd-18-s0,fd-only,fit,0,18,100,2,0.2333136409999952,False,50
cal-4b9303f17e12,fd-1-s1,fd-only,fit,0,1,100,0,0.12702763400000094,True,51
cal-4b9303f17e12,fd-1-s1,fd-only,fit,0,1,100,1,0.13016361900002948,False,51
cal-4b9303f17e12,fd-1-s1,fd-only,fit,0,1,100,2,0.1280841930000065,False,51
cal-4b9303f17e12,fd-12-s2,fd-only,fit,0,12,100,0,0.2012038089999919,True,52
cal-4b9303f17e12,fd-12-s2,fd-only,fit,0,12,100,1,0.21044648099996266,False,52
cal-4b9303f17e12,fd-12-s2,fd-only,fit,0,12,100,2,0.20317463899999666,False,52
cal-4b9303f17e12,mcv-8-s2,mcv-only,fit,8,0,100,0,0.15408462499999587,True,53
cal-4b9303f17e12,mcv-8-s2,mcv-only,fit,8,0,100,1,0.1631182329999774,False,53
cal-4b9303f17e12,mcv-8-s2,mcv-only,fit,8,0,100,2,0.15975320900002998,False,53
cal-4b9303f17e12,fd-24-s0,fd-only,fit,0,24,100,0,0.28136227900000677,True,54
cal-4b9303f17e12,fd-24-s0,fd-only,fit,0,24,100,1,0.27631882599996516,False,54
cal-4b9303f17e12,fd-24-s0,fd-only,fit,0,24,100,2,0.2859856910000076,False,54
cal-4b9303f17e12,mcv-4-s1,mcv-only,fit,4,0,100,0,0.14152536400001736,True,55
cal-4b9303f17e12,mcv-4-s1,mcv-only,fit,4,0,100,1,0.13542029500001718,False,55
cal-4b9303f17e12,mcv-4-s1,mcv-only,fit,4,0,100,2,0.1400560099999666,False,55
cal-4b9303f17e12,mcv-12-s1,mcv-only,fit,12,0,100,0,0.1681931200000122,True,56
cal-4b9303f17e12,mcv-12-s1,mcv-only,fit,12,0,100,1,0.17855621300003577,False,56
cal-4b9303f17e12,mcv-12-s1,mcv-only,fit,12,0,100,2,0.17527990100001034,False,56
cal-4b9303f17e12,mcv-2-s1,mcv-only,fit,2,0,100,0,0.12983541400001286,True,57
cal-4b9303f17e12,mcv-2-s1,mcv-only,fit,2,0,100,1,0.13191098900000497,False,57
cal-4b9303f17e12,mcv-2-s1,mcv-only,fit,2,0,100,2,0.1304545440000311,False,57
cal-4b9303f17e12,mcv-12-s2,mcv-only,fit,12,0,100,0,0.18023420200000828,True,58
cal-4b9303f17e12,mcv-12-s2,mcv-only,fit,12,0,100,1,0.17859868400000778,False,58
cal-4b9303f17e12,mcv-12-s2,mcv-only,fit,12,0,100,2,0.18171351600000207,False,58
cal-4b9303f17e12,fd-24-s2,fd-only,fit,0,24,100,0,0.2604048679999664,True,59
cal-4b9303f17e12,fd-24-s2,fd-only,fit,0,24,100,1,0.26784427299998015,False,59
cal-4b9303f17e12,fd-24-s2,fd-only,fit,0,24,100,2,0.27156897600002594,False,59
cal-4b9303f17e12,fd-4-s2,fd-only,fit,0,4,100,0,0.14849207499997874,True,60
cal-4b9303f17e12,fd-4-s2,fd-only,fit,0,4,100,1,0.1501180679999834,False,60
cal-4b9303f17e12,fd-4-s2,fd-only,fit,0,4,100,2,0.14706960199998775,False,60
cal-4b9303f17e12,mcv-30-s2,mcv-only,fit,30,0,100,0,0.24887614599998642,True,61
cal-4b9303f17e12,mcv-30-s2,mcv-only,fit,30,0,100,1,0.24778342500002282,False,61
cal-4b9303f17e12,mcv-30-s2,mcv-only,fit,30,0,100,2,0.2401351280000199,False,61
cal-4b9303f17e12,mcv-18-s1,mcv-only,fit,18,0,100,0,0.19150644400002648,True,62
cal-4b9303f17e12,mcv-18-s1,mcv-only,fit,18,0,100,1,0.2084447629999886,False,62
cal-4b9303f17e12,mcv-18-s1,mcv-only,fit,18,0,100,2,0.19858208699997704,False,62
cal-4b9303f17e12,fd-30-s2,fd-only,fit,0,30,100,0,0.31837174300000015,True,63
cal-4b9303f17e12,fd-30-s2,fd-only,fit,0,30,100,1,0.3240524770000093,False,63
cal-4b9303f17e12,fd-30-s2,fd-only,fit,0,30,100,2,0.33584841299995105,False,63
