mechanism,target,realization,aggregate_objective,mean_qerror,objective_digest,estimate_vector_digest,qerror_vector_digest,sample_rows,source_population,statistics_digest,sample_semantic_digest,sample_binary_digest,snapshot_identity,acquisition_method,native_analyze_equivalent
native,100,A,41552.62617001414,21.167919597561966,fa9a3899cb5fbcdf8ffea607751e65ac7328cef5e5bc3b2b4937fd4852ab7bde,e96f81df95c21e7885020fb41fa8a5bf5a239d5cb58239700b9c4c025c28ca1e,aec790ce0e0a5567e00d997f1392aea56419d9350bc7bbabd7cee118f7019c5b,30000,11591877,62df036d222537aa9c058693380a46a057acf4243aa587137648ee921b3dc65a,61b628a159bc66fd32394805fd90f67fb7579fab6a7e8396bee904bd35004d83,43c9d75d456649b039b4675f32fcdf89a7d97dae24078e39244508d209bbdbd0,m2-26-native-replay-lineage,native_postgresql_analyze,True
native,100,B,42247.643406582014,21.52197830187571,56fd98eadd4a52b41813708caa9cb39a842140ff16946624cc6f9ea84b823ac7,0568b0ac3358b3d5b908f30e0ef501bb30dd1320104875c04ec0169e4ac6ec0f,4bc02f74f464021fb3c2213d563b56f2f850387ca0ec48996490bc6c4e9c5455,30000,11591877,49478fa02ebe8e5edd173e0296ed1b3993758b38d63169c3fed804f68c3f3fb9,8a53cff05403751dc31f6fe37cff12a2eda6d1d559ca9f76286e196e8a78e598,3a1bbcf7f5ed559d5e6f457e218b33349a2b6bc861f650fa6960aec3e9fabab7,m2-26-native-replay-lineage,native_postgresql_analyze,True
native,100,C,41332.14162575605,21.055599401811538,0081d80c6f4b8e31250535c90cff0e8f20945ca3273c0b33699da638fb98ca13,1ec30af2b41e6e881c51e3e75c1fc31d1b55e1601b59ac0ed166de6a531c0a20,62345819da47c04219e1fff7881baec82fa84037d3772aceb2d426b8d1035af5,30000,11591877,de29509011750a54912f1a03b6a1cc965500b15591729a658f40c45f8252b947,eb82ff0a6e41390e7598797d6d27cee50bae852010e8847f26299d5e6aa4aacb,5cc81ccd6a9822901e8716220bdb3069d6e59a43ad5ddef0960c339f2e9b7ead,m2-26-native-replay-lineage,native_postgresql_analyze,True
native,1000,A,41243.01397079315,21.010195604071907,a11d49eb404124770fc41017bb1bdfc67d956310df2a8f8d4eb27d52e7f070c1,add74cb461bd18606302e99a846bd99bb98f87ae581f325e91d1950111759723,0d226c3ddc6e81b253be305a8a5bef337b0f347731cc60cf06c5b946c5f9fc46,300000,11591877,b1cff2fef3857ffa35a6f4222ef19e14817da01f8d70041aea58c55cad29cd2e,f91021bf4d9ffebc8194c140f3cd3d1dbf9a806bf426dd6af4a7e2a362451ad5,e286cb7b5fd4c3e5ad7438ba7b48fb9b7946441c46ab411099b1de8706d8bff1,m2-26-native-replay-lineage,native_postgresql_analyze,True
native,1000,B,41669.36035690932,21.227386834900315,f5a25701e0dc175864b62688e26c6c41f30675763e60eca1b7a38edb2b889c03,d12540752fac9bd30f43fb9fe5b88d5983829ad75205b16d6f1061dd0f710623,9b310c6e6aa63599b6c0c4886e88ca5f817db3d7604c284a3cceef24263ccd08,300000,11591877,3cbc66c7cba235e18d9d628bdda3076b7dc2bbec14c91e74992d2128081793e1,d1f2ed09f05a5fe493b081fdf5cdbfa25d91b98c20b937602a3c2fb4ca60b122,8e1a0b3990b4c2d380300918b2663af25420f0be7c1811cbe082a88f97b30149,m2-26-native-replay-lineage,native_postgresql_analyze,True
native,1000,C,41434.44686486085,21.10771618179361,8ab7cafa954ecff195b057f58d5c7c47d1c6bf84c6c4a884e20702bb938db650,316c005ba7cde19b4fad0bbe20504cff3041b469dfa8a37f0cbf8b8fd41d1a44,917b66e0ae5261cbaf6c928d18b2511cf2b460d073330dfddf958a43fa7aed21,300000,11591877,33f948c714d42f737ee8b91cd49a37828614802dc8ae5495cb97df433d370d9a,d08241a8ad0467149d12974605da613d6636f1ec1ec671b69901285347816c94,eb1a1603a3138f9a1017f46ad9d2c9ad369c49118ff6e42c877ae3cb64555f23,m2-26-native-replay-lineage,native_postgresql_analyze,True
native,300,A,41504.594597889285,21.14345114512954,2b97c60c2d1afc0cb22a00cd1fe8841df976e3a5d8c319a39e7a51fac469d972,c01a69c98206df6bc8998f2bd717d6589e737fbf608f37d88c674d776a73cba0,067f992419ffbdc2943a863d5b5f23e5e4beb774870bb2a96a26cb8ae5217977,90000,11591877,1b02998517ae73d7fd868f9b0ee51b6cd18de2cbcd3656dbf2f36ceadeb1875c,ef191853b5cb42e3bf258ad5c89643a7fcaf30afe76a2879f6fc730d51a009c2,1b1be74df27a77f563e0536d81d06d7fb62fbd6dc6336d675317e31ac54157ee,m2-26-native-replay-lineage,native_postgresql_analyze,True
native,300,B,41617.038799813694,21.200732959660566,f0c440afb01256994c740fc2a8436fc7acfafc6228dccfee6d2669c59ce760e5,6c61d2aeb99f3e6d9c69ca9bc6e19659b61e14856c12916d5681ea19232ac9aa,5d481bbb323bba104a83405ad10757cd4da4860c23a8cd3c2432b5de5105c80a,90000,11591877,62ed37e67a3660d1436ce820eeb2c1831fe9203313a7269206105fe734542d92,921cc9fd1d33cb918cdb87e6d0be79d9a9dc8bbedf3caa44ab1c84963194452f,805b0b1d167c62e72c087546bf1dcc90a93d34e609fb1fa323f7ef507859edd0,m2-26-native-replay-lineage,native_postgresql_analyze,True
native,300,C,41354.11679624669,21.06679408876551,2318eb9fec51097b8c57398d1ddfe960b5d8f20ab7b696ec86a738479e4e6c28,2a59a57f07e1f3928a88cdf139caaab174430631a2a5bd3614afdbd74df38b9f,0066f40d93dc6df875de4c2a44bf85ab523f1fdb47d2bcb60e20cbfdbed6d860,90000,11591877,3cd7976987664bc73298276e8e57944a214e6d4373fa96caa4ed1842aef583e6,67f0af294e04471eead5f5f1b6aa339395bad72144fabfd20f95c68a55edd077,caa19d9962c60db72728741a82a3a65a5b58f09e7aa20525cfdfba15268c236b,m2-26-native-replay-lineage,native_postgresql_analyze,True
reservoir,100,A,90412.43341401726,46.0582951676094,cbe9f25b42b1bbe40090b31a4cf2b769ccb2c74334e5e41b1dacf6f212f431b6,742621bc8496e573d33f3bc61627c0ebe2b1c058b1b5e243272e3c87ea8dfed6,2fed1877589fc105d62c4ebffa04b2f5c12df0a9282175204d15718b57899013,30000,11591877,900bc3a0435e6c02b05891bf79ee06d771e8d301bd5bc6a4046a4612b68f91ec,2d980de424c057d515e0b5cf4f653ebb363a2337b6ca970e29264624945002d0,163f949e913bcf8486a8180bcc3acf6232d3e206ef4e2f55b0979a48ea024827,796fc76a6ecf5403e1dccd4ab3200312b3b84583409b691c8b874d5b8a44c400,deterministic_reservoir_v1,False
reservoir,100,B,89473.36058474664,45.57990860150109,cf034b94e41e4f1984d06a69d4b622ec3e24a251e59c4d2e7e6c0b76310ffb8f,40ff9ea7b711ea1dc1f1a2e83f0f92c682df3d74bf7524619378a7f28db517a9,b5de39ffda56fe65866dfa5cf55e1d7864a2abf36a8cf7ef66324d5118bf2cba,30000,11591877,bacfc87338d92bbd143b93bf2b08f13d77319c3b8aa073429be10d601d5b1fbc,1f1fe2381a9aa009264af739c22af93974fbf662a4cb04634fdf9faab4490cf9,ff0d004fbbbc724806799ba0249f054e23581e9aab2521619a2a027d789e0f43,796fc76a6ecf5403e1dccd4ab3200312b3b84583409b691c8b874d5b8a44c400,deterministic_reservoir_v1,False
reservoir,100,C,86425.35326539597,44.02717945257054,f7cb2b9e5c6d619c33dd9a89cbadbff0310d0c7cf0819eea438b09892dca5fc3,701ecb62c8de200c5b76162b6c6960db55a518abe89403fc063f3a480dad7c18,23e2814f8b2334b06de47237a13a7a67c0b9e91af127488250905f7262ed162a,30000,11591877,33dfc3223f9e8cac357138b9d406195f92d3815834209c132babaefadac05b7e,a5c0c7a2b0c4b63b097772bce91d71d8ec1003c62de54d5e9c303d61b3c7e89b,80d5c0a2be979b207eb205f59c23f9ad261dcf902c5d48303750c1f28fce35d2,796fc76a6ecf5403e1dccd4ab3200312b3b84583409b691c8b874d5b8a44c400,deterministic_reservoir_v1,False
reservoir,1000,A,55144.79867118358,28.092103245636054,30ff2102f88dce89a142c2ba878f32bea3803c183a10689257c541ee330413d7,f8995e02ea8b65cf9bc89a5e619f8a53d739e78c8f2d7c62ff06aa939ea2efb1,755d7f2015c1aabae10861640b913de5cbea175765316c124187b590d61d3f3c,300000,11591877,e1fd0ad5808bb3f98cfd4f846a4fe44cf76605f467ea2e6f19581acbc169a8d1,176149fa9cbd44994cdcf95297c94dcc494a16fcba4cd67e439ca8589b0c8605,76deec5de409e17f0578651f0848151f6998fee698904e26d836d00c34a58b5a,796fc76a6ecf5403e1dccd4ab3200312b3b84583409b691c8b874d5b8a44c400,deterministic_reservoir_v1,False
reservoir,1000,B,55043.41614422024,28.040456517687335,d19748f1693b7ed5cfd83fb422719cecaa92a7b03552438361dfc50cc882d49d,d9219faa4ef4ce51d9de29375f9faaca07790cb7b12548d4612acfcd24907a75,5c6cfdfa6058a4792b5eaff591f1e9357788d878e0bd9b86cceda7e40d5c936e,300000,11591877,e05078b3e23ad86b23243e535e92d186c13e6e5ebac484e32d51d9e2245409b0,6d85d0df2c66e9b6c0800c77e045378f77e5333f6b9fc6bc344bbf3aa52ec3e3,982208eb5976713ddcd9d9109870bea7fe0f52c985f9dd46779b77de6346b23b,796fc76a6ecf5403e1dccd4ab3200312b3b84583409b691c8b874d5b8a44c400,deterministic_reservoir_v1,False
reservoir,1000,C,55163.28845572963,28.101522392119016,6bd68be3825a498095d290fa7bcfa14c48fded2239a0a41c105b556550943649,daf93ef3a360f327f8b4f2a77e48adb7da7c7f19706584cc8216f97d8b0529e3,6950619bd5d81ecf905863004e3daf94b06e2e1c70c7b989238a323382cb7849,300000,11591877,0b5e4f0fe6de6297214d04b9421788a3ef3cf94cc64825328c1f39db97076d73,cf214ada23fb428bfa1d49facd2844ac856c285ed2f254b9d247e5881fecfc97,b20f265deefe17055cba6c1a3b7672afab11c05d3b1b651fa91a794fe12d8613,796fc76a6ecf5403e1dccd4ab3200312b3b84583409b691c8b874d5b8a44c400,deterministic_reservoir_v1,False
reservoir,300,A,88518.96470787973,45.0937161018236,d02a24183ff3278f9d6ce84da1cf7864ae5cd6b0c2aeb116ddadf3817b03cab7,b054c3c5322f665dabef5c5f6437980701e687021dc0706c473906aa6d11cd8a,a1fe50a46b63815c2f8b7a98a0a4efb766f72a377e47ab2bd873e7a6fb095534,90000,11591877,a888e3e1d37dcdc1d6eb8ad065e8425ba4376c81a35e0074bae11726b0fd0394,ca316c68de4e36b5678fe24b91831b503807599320e77e7e428d1cb5076b7b3f,102d6ddff6aedbe2ed8d0b55d8b4bb0f50eaca56f607e5d6de361d75c6314c27,796fc76a6ecf5403e1dccd4ab3200312b3b84583409b691c8b874d5b8a44c400,deterministic_reservoir_v1,False
reservoir,300,B,88656.3911013347,45.16372445304875,b57380ce0f877e079de4e22a76e5ebb42668f3c3102270586c5e25db41adfae1,499e10807fb19d2f14ca5e802ca0630fff20ebc452bb6942c936808d4e6d2b84,031be93702e0706bef97f6f9bedf88f15278f9bddd516d29be5b37fe36bdad03,90000,11591877,aaddee1cc473bf70785c02b5c8449ae5475c29836d8cd1ee0baaaa7691d15cc1,59d5930b0029601d9dddd0b7beaf50e197b628a306c6d500d4002510b90c31c1,d041bb259e316ed3ea85edd93070aba577c5b00d1d9e7d8898d2f38970e6e6a3,796fc76a6ecf5403e1dccd4ab3200312b3b84583409b691c8b874d5b8a44c400,deterministic_reservoir_v1,False
reservoir,300,C,89534.0112679705,45.61080553640882,6f41d450dcde5256cd4366a65ca5fc7ae388e87aa2304c8f8d00be55e2d10535,2a5c2e6383534d1427a73289f1464fbb048116fa040c1b19763efa77b2876390,49e1a0a1bf90b82bde6214adfee943160bd16e14a352dee502bec2508cd9ef90,90000,11591877,118ed6abb6407acebd426e3180ea29190ab5de1023b062182a9badf5067dbbb7,107623cc2b13182d7f08302863345b430fb891c30c7279593c33569ef00ac40f,0e37bcbb4b0875c45866fad169b6e84813a1a7d935d79eac4caa48fa230447ce,796fc76a6ecf5403e1dccd4ab3200312b3b84583409b691c8b874d5b8a44c400,deterministic_reservoir_v1,False
