mechanism,query_id,before_qerror,after_qerror,qerror_reduction,columns,sql
native,dmv.1037,23714.166666666668,23365.666666666668,348.5,"['body_type', 'fuel_type', 'record_type', 'registration_class', 'revocation_indicator', 'state']","SELECT COUNT(*) FROM DMV  WHERE Record_Type IN ('TRL', 'BOAT') AND Registration_Class IN ('PAS', 'COM', 'LTR', 'BOT', 'MOT', 'TRL', 'SRF', 'PSD', 'OMT', 'OMS', 'ATV', 'SNO', 'HOU', 'ORG', 'SEM', 'HIS', 'IRP', 'OMR', 'STA', 'AGR', 'SPO', 'FAR', 'RGL', 'MED') AND State IN ('NY', 'NJ', 'OK', 'PA', 'MD', 'IL', 'TX', 'FL', 'GA', 'CT', 'IN', 'OH', 'WI', 'MA', 'AZ', 'CA', 'VA', 'NC', 'TN', 'NH', 'AL', 'VT', 'SC', 'MO', 'MN', 'CO', 'MI', 'DE', 'WA', 'NT', 'RI', 'AR') AND Body_Type = 'SUBN' AND Fuel_Type IN ('GAS', 'NONE', 'DIESEL') AND Revocation_Indicator = 'N'"
native,dmv.179,8087.5,8043.916666666667,43.58333333333303,"['body_type', 'record_type', 'registration_class', 'revocation_indicator', 'state', 'suspension_indicator']","SELECT COUNT(*) FROM DMV  WHERE Record_Type = 'VEH' AND Registration_Class IN ('BOT', 'MOT') AND State IN ('NY', 'NJ', 'OK', 'PA', 'MD', 'IL', 'TX', 'FL', 'GA', 'CT', 'IN', 'OH', 'WI', 'MA', 'AZ', 'CA') AND Body_Type IN ('4DSD', 'PICK') AND Suspension_Indicator = 'N' AND Revocation_Indicator = 'N'"
native,dmv.1536,13.625,9.083333333333334,4.541666666666666,"['body_type', 'county', 'fuel_type', 'revocation_indicator', 'state', 'suspension_indicator']","SELECT COUNT(*) FROM DMV  WHERE State IN ('NY', 'NJ', 'OK', 'PA', 'MD', 'IL', 'TX', 'FL', 'GA', 'CT', 'IN', 'OH', 'WI', 'MA', 'AZ', 'CA', 'VA', 'NC', 'TN', 'NH', 'AL', 'VT', 'SC', 'MO', 'MN') AND County IN ('ERIE', 'WESTCHESTER', 'MONROE', 'KINGS', 'ONONDAGA', 'ORANGE', 'BRONX', 'RICHMOND', 'NEW YORK', 'ALBANY', 'DUTCHESS', 'SARATOGA', 'ROCKLAND', 'ONEIDA', 'NIAGARA', 'OUT-OF-STATE', 'ULSTER', 'BROOME', 'SCHENECTADY', 'RENSSELAER', 'OSWEGO', 'ONTARIO', 'CHAUTAUQUA', 'JEFFERSON', 'ST LAWRENCE', 'WAYNE') AND Body_Type IN ('W/DR', 'DCOM') AND Fuel_Type IN ('NONE', 'DIESEL') AND Suspension_Indicator = 'N' AND Revocation_Indicator = 'N'"
native,dmv.1305,15.14792899408284,12.8,2.3479289940828387,"['body_type', 'county', 'fuel_type', 'record_type', 'registration_class', 'revocation_indicator', 'scofflaw_indicator', 'state']","SELECT COUNT(*) FROM DMV  WHERE Record_Type = 'VEH' AND Registration_Class IN ('OMT', 'OMS', 'ATV', 'SNO', 'HOU', 'ORG', 'SEM', 'HIS', 'IRP', 'OMR', 'STA', 'AGR', 'SPO', 'FAR', 'RGL') AND State IN ('NY', 'NJ', 'OK', 'PA', 'MD', 'IL') AND County IN ('ONONDAGA', 'ORANGE', 'BRONX', 'RICHMOND', 'NEW YORK', 'ALBANY') AND Body_Type IN ('MOPD', 'TAXI', 'TOW', 'SEDN', 'REFG', 'RBM', 'RD/S', 'CMIX', 'TR/C', 'AMBU', 'LSV', 'FIRE', 'S/SP', 'HRSE', 'T/CR') AND Fuel_Type IN ('GAS', 'NONE', 'DIESEL') AND Scofflaw_Indicator = 'N' AND Revocation_Indicator = 'N'"
native,dmv.547,46.75675675675676,45.270270270270274,1.4864864864864842,"['body_type', 'fuel_type', 'record_type', 'registration_class']","SELECT COUNT(*) FROM DMV  WHERE Record_Type = 'VEH' AND Registration_Class IN ('PAS', 'COM', 'LTR', 'BOT', 'MOT', 'TRL', 'SRF', 'PSD', 'OMT', 'OMS', 'ATV', 'SNO', 'HOU', 'ORG', 'SEM', 'HIS', 'IRP', 'OMR', 'STA', 'AGR', 'SPO', 'FAR', 'RGL', 'MED', 'SCL', 'SPC', 'TRC') AND Body_Type = 'ATV' AND Fuel_Type IN ('DIESEL', 'ELECTRIC')"
native,dmv.1034,4.712643678160919,3.813953488372093,0.8986901897888262,"['fuel_type', 'record_type', 'registration_class', 'revocation_indicator', 'state']","SELECT COUNT(*) FROM DMV  WHERE Record_Type = 'VEH' AND Registration_Class IN ('PSD', 'OMT', 'OMS', 'ATV', 'SNO', 'HOU', 'ORG', 'SEM') AND State IN ('NY', 'NJ', 'OK', 'PA', 'MD', 'IL', 'TX', 'FL', 'GA', 'CT', 'IN', 'OH', 'WI', 'MA', 'AZ', 'CA', 'VA', 'NC', 'TN') AND Fuel_Type = 'ELECTRIC' AND Revocation_Indicator = 'N'"
native,dmv.111,12.696428571428571,11.85,0.8464285714285715,"['body_type', 'county', 'record_type', 'revocation_indicator', 'state']","SELECT COUNT(*) FROM DMV  WHERE Record_Type IN ('TRL', 'BOAT') AND State IN ('NY', 'NJ', 'OK', 'PA', 'MD', 'IL', 'TX', 'FL', 'GA', 'CT', 'IN', 'OH', 'WI', 'MA', 'AZ', 'CA', 'VA', 'NC', 'TN', 'NH', 'AL', 'VT', 'SC', 'MO', 'MN', 'CO', 'MI', 'DE', 'WA', 'NT') AND County IN ('SCHUYLER', 'HAMILTON') AND Body_Type IN ('4DSD', 'PICK', '2DSD', 'BOAT', 'LTRL', 'MCY', 'TRLR', 'VAN', 'CONV', 'ATV', 'SNOW') AND Revocation_Indicator = 'N'"
native,dmv.562,3.1728971962616823,2.383177570093458,0.7897196261682242,"['body_type', 'county', 'record_type', 'registration_class', 'revocation_indicator', 'scofflaw_indicator', 'state', 'suspension_indicator']","SELECT COUNT(*) FROM DMV  WHERE Record_Type = 'VEH' AND Registration_Class IN ('PAS', 'COM', 'LTR', 'BOT', 'MOT', 'TRL', 'SRF', 'PSD', 'OMT', 'OMS', 'ATV', 'SNO', 'HOU', 'ORG', 'SEM', 'HIS', 'IRP', 'OMR', 'STA', 'AGR', 'SPO', 'FAR', 'RGL', 'MED', 'SCL', 'SPC', 'TRC', 'OML', 'LMB', 'TOW', 'ORC') AND State IN ('CA', 'VA', 'NC', 'TN', 'NH', 'AL', 'VT', 'SC', 'MO', 'MN', 'CO', 'MI', 'DE', 'WA', 'NT', 'RI', 'AR', 'NV', 'ME', 'KY', 'DC', 'WV', 'UT', 'KS', 'LA', 'ON', 'NM', 'NU', 'MT', 'OR', 'NE', 'HI', 'IA', 'AK', 'MS', 'SD', 'QC', 'WY', 'ND') AND County IN ('SULLIVAN', 'CATTARAUGUS', 'MADISON', 'COLUMBIA', 'LIVINGSTON', 'WASHINGTON', 'HERKIMER', 'GENESEE', 'OTSEGO', 'FULTON', 'GREENE', 'FRANKLIN', 'MONTGOMERY', 'CHENANGO', 'TIOGA', 'DELAWARE', 'WYOMING', 'ALLEGANY', 'CORTLAND') AND Body_Type IN ('SUBN', '4DSD', 'PICK', '2DSD', 'BOAT', 'LTRL', 'MCY', 'TRLR') AND Scofflaw_Indicator = 'N' AND Suspension_Indicator = 'N' AND Revocation_Indicator = 'N'"
native,dmv.119,5.441144114411441,4.792635658914729,0.648508455496712,"['body_type', 'record_type', 'registration_class', 'suspension_indicator']","SELECT COUNT(*) FROM DMV  WHERE Record_Type = 'VEH' AND Registration_Class IN ('BOT', 'MOT', 'TRL', 'SRF', 'PSD', 'OMT', 'OMS', 'ATV', 'SNO', 'HOU', 'ORG', 'SEM', 'HIS') AND Body_Type IN ('TOW', 'SEDN', 'REFG', 'RBM', 'RD/S', 'CMIX', 'TR/C', 'AMBU', 'LSV', 'FIRE', 'S/SP', 'HRSE') AND Suspension_Indicator = 'N'"
native,dmv.893,2.7716993681410043,2.1924240431408655,0.5792753250001388,"['body_type', 'revocation_indicator', 'state']","SELECT COUNT(*) FROM DMV  WHERE State IN ('NY', 'NJ', 'OK', 'PA', 'MD', 'IL', 'TX', 'FL', 'GA') AND Body_Type IN ('TAXI', 'TOW') AND Revocation_Indicator = 'N'"
native,dmv.837,12.098529411764705,11.522408963585434,0.576120448179271,"['body_type', 'county', 'fuel_type', 'record_type', 'scofflaw_indicator', 'state']","SELECT COUNT(*) FROM DMV  WHERE Record_Type IN ('VEH', 'TRL') AND State = 'NY' AND County IN ('ORLEANS', 'SENECA', 'SCHOHARIE', 'LEWIS', 'YATES', 'SCHUYLER', 'HAMILTON') AND Body_Type IN ('PICK', '2DSD', 'BOAT', 'LTRL', 'MCY', 'TRLR', 'VAN', 'CONV', 'ATV', 'SNOW', 'DUMP', 'BUS', 'H/TR', 'UTIL', 'SEMI', 'TRAC') AND Fuel_Type IN ('DIESEL', 'ELECTRIC', 'FLEX') AND Scofflaw_Indicator = 'N'"
native,dmv.976,2.1475409836065573,1.5714285714285714,0.5761124121779859,"['body_type', 'county', 'fuel_type', 'revocation_indicator', 'scofflaw_indicator', 'state']","SELECT COUNT(*) FROM DMV  WHERE State IN ('CA', 'VA', 'NC', 'TN', 'NH', 'AL', 'VT', 'SC', 'MO', 'MN', 'CO', 'MI', 'DE', 'WA', 'NT', 'RI', 'AR', 'NV', 'ME', 'KY', 'DC', 'WV', 'UT', 'KS', 'LA', 'ON', 'NM', 'NU', 'MT', 'OR', 'NE', 'HI', 'IA', 'AK', 'MS', 'SD', 'QC', 'WY', 'ND', 'PR', 'ID') AND County IN ('STEUBEN', 'CLINTON', 'CAYUGA', 'WARREN', 'CHEMUNG', 'TOMPKINS', 'SULLIVAN', 'CATTARAUGUS', 'MADISON', 'COLUMBIA', 'LIVINGSTON', 'WASHINGTON', 'HERKIMER', 'GENESEE', 'OTSEGO', 'FULTON', 'GREENE') AND Body_Type IN ('SUBN', '4DSD', 'PICK', '2DSD', 'BOAT', 'LTRL', 'MCY', 'TRLR', 'VAN', 'CONV', 'ATV', 'SNOW', 'DUMP', 'BUS', 'H/TR', 'UTIL', 'SEMI', 'TRAC', 'H/WH') AND Fuel_Type IN ('GAS', 'NONE', 'DIESEL') AND Scofflaw_Indicator = 'N' AND Revocation_Indicator = 'N'"
native,dmv.1336,2.9226350525543876,2.372556801269967,0.5500782512844204,"['body_type', 'county', 'fuel_type', 'registration_class', 'revocation_indicator']","SELECT COUNT(*) FROM DMV  WHERE Registration_Class IN ('PAS', 'COM', 'LTR', 'BOT', 'MOT', 'TRL', 'SRF', 'PSD', 'OMT', 'OMS', 'ATV', 'SNO', 'HOU', 'ORG', 'SEM', 'HIS', 'IRP', 'OMR', 'STA', 'AGR', 'SPO', 'FAR', 'RGL', 'MED', 'SCL') AND County IN ('SUFFOLK', 'NASSAU', 'QUEENS', 'ERIE', 'WESTCHESTER', 'MONROE', 'KINGS', 'ONONDAGA', 'ORANGE', 'BRONX', 'RICHMOND', 'NEW YORK', 'ALBANY', 'DUTCHESS', 'SARATOGA', 'ROCKLAND', 'ONEIDA', 'NIAGARA', 'OUT-OF-STATE', 'ULSTER', 'BROOME', 'SCHENECTADY', 'RENSSELAER', 'OSWEGO', 'ONTARIO') AND Body_Type IN ('SUBN', '4DSD', 'PICK', '2DSD', 'BOAT', 'LTRL', 'MCY', 'TRLR', 'VAN', 'CONV', 'ATV', 'SNOW', 'DUMP', 'BUS', 'H/TR', 'UTIL', 'SEMI', 'TRAC', 'H/WH', 'DELV', 'FLAT', 'P/SH', 'STAK', 'TANK', 'MOPD', 'TAXI', 'TOW') AND Fuel_Type IN ('ELECTRIC', 'FLEX') AND Revocation_Indicator = 'N'"
native,dmv.1617,2.625099285146942,2.1384665156907148,0.48663276945622735,"['county', 'fuel_type', 'record_type', 'state']","SELECT COUNT(*) FROM DMV  WHERE Record_Type = 'VEH' AND State IN ('NY', 'NJ', 'OK', 'PA', 'MD', 'IL', 'TX', 'FL', 'GA', 'CT', 'IN', 'OH', 'WI', 'MA', 'AZ', 'CA', 'VA', 'NC', 'TN', 'NH', 'AL', 'VT', 'SC', 'MO', 'MN', 'CO', 'MI', 'DE', 'WA', 'NT', 'RI', 'AR', 'NV', 'ME', 'KY', 'DC', 'WV', 'UT', 'KS', 'LA', 'ON') AND County IN ('WESTCHESTER', 'MONROE', 'KINGS', 'ONONDAGA', 'ORANGE', 'BRONX', 'RICHMOND') AND Fuel_Type IN ('ELECTRIC', 'FLEX')"
native,dmv.246,7.62739322533137,7.153314917127072,0.4740783082042981,"['county', 'record_type', 'registration_class', 'scofflaw_indicator', 'suspension_indicator']","SELECT COUNT(*) FROM DMV  WHERE Record_Type = 'SNOW' AND Registration_Class IN ('PAS', 'COM', 'LTR', 'BOT', 'MOT', 'TRL', 'SRF', 'PSD', 'OMT', 'OMS', 'ATV', 'SNO', 'HOU', 'ORG', 'SEM', 'HIS', 'IRP', 'OMR', 'STA', 'AGR') AND County IN ('ESSEX', 'ORLEANS', 'SENECA', 'SCHOHARIE', 'LEWIS', 'YATES', 'SCHUYLER', 'HAMILTON') AND Scofflaw_Indicator = 'N' AND Suspension_Indicator = 'N'"
native,dmv.1795,2.182615047479912,1.7659574468085106,0.41665760067140156,"['fuel_type', 'record_type', 'scofflaw_indicator', 'suspension_indicator']",SELECT COUNT(*) FROM DMV  WHERE Record_Type = 'VEH' AND Fuel_Type IN ('ELECTRIC') AND Scofflaw_Indicator = 'N' AND Suspension_Indicator = 'N'
native,dmv.1730,2.499545867393279,2.1018329938900204,0.39771287350325846,"['body_type', 'county', 'fuel_type', 'record_type', 'registration_class', 'revocation_indicator', 'suspension_indicator']","SELECT COUNT(*) FROM DMV  WHERE Record_Type IN ('VEH', 'TRL') AND Registration_Class IN ('PAS', 'COM', 'LTR', 'BOT', 'MOT', 'TRL', 'SRF', 'PSD', 'OMT', 'OMS', 'ATV', 'SNO', 'HOU', 'ORG', 'SEM', 'HIS', 'IRP', 'OMR', 'STA', 'AGR', 'SPO', 'FAR', 'RGL', 'MED', 'SCL', 'SPC', 'TRC', 'OML', 'LMB', 'TOW', 'ORC', 'AMB', 'ORM', 'ITP', 'LMA') AND County IN ('NASSAU', 'QUEENS', 'ERIE', 'WESTCHESTER', 'MONROE', 'KINGS') AND Body_Type IN ('SUBN', '4DSD') AND Fuel_Type IN ('ELECTRIC', 'FLEX', 'COMP N/G', 'OTHER') AND Suspension_Indicator = 'N' AND Revocation_Indicator = 'N'"
native,dmv.1330,2.8859219700341194,2.491068570331007,0.3948533997031123,"['body_type', 'county', 'suspension_indicator']","SELECT COUNT(*) FROM DMV  WHERE County IN ('SUFFOLK', 'NASSAU', 'QUEENS', 'ERIE', 'WESTCHESTER', 'MONROE', 'KINGS', 'ONONDAGA', 'ORANGE', 'BRONX', 'RICHMOND', 'NEW YORK', 'ALBANY', 'DUTCHESS', 'SARATOGA', 'ROCKLAND', 'ONEIDA', 'NIAGARA', 'OUT-OF-STATE', 'ULSTER', 'BROOME', 'SCHENECTADY', 'RENSSELAER', 'OSWEGO', 'ONTARIO', 'CHAUTAUQUA', 'JEFFERSON') AND Body_Type IN ('TAXI', 'TOW', 'SEDN', 'REFG', 'RBM', 'RD/S', 'CMIX', 'TR/C', 'AMBU', 'LSV', 'FIRE', 'S/SP', 'HRSE') AND Suspension_Indicator = 'N'"
native,dmv.1141,2.231811383830386,1.8708702064896756,0.3609411773407105,"['fuel_type', 'record_type', 'revocation_indicator', 'scofflaw_indicator', 'state']","SELECT COUNT(*) FROM DMV  WHERE Record_Type = 'VEH' AND State IN ('NY', 'NJ', 'OK', 'PA', 'MD', 'IL', 'TX', 'FL', 'GA', 'CT', 'IN', 'OH', 'WI') AND Fuel_Type IN ('ELECTRIC', 'FLEX', 'COMP N/G', 'OTHER') AND Scofflaw_Indicator = 'N' AND Revocation_Indicator = 'N'"
native,dmv.1569,2.758123552700381,2.4251559934318556,0.3329675592685253,"['body_type', 'record_type', 'revocation_indicator', 'scofflaw_indicator', 'suspension_indicator']","SELECT COUNT(*) FROM DMV  WHERE Record_Type IN ('VEH', 'TRL') AND Body_Type IN ('TAXI', 'TOW', 'SEDN', 'REFG', 'RBM', 'RD/S', 'CMIX') AND Scofflaw_Indicator = 'N' AND Suspension_Indicator = 'N' AND Revocation_Indicator = 'N'"
reservoir,dmv.1037,55663.166666666664,33664.666666666664,21998.5,"['body_type', 'fuel_type', 'record_type', 'registration_class', 'revocation_indicator', 'state']","SELECT COUNT(*) FROM DMV  WHERE Record_Type IN ('TRL', 'BOAT') AND Registration_Class IN ('PAS', 'COM', 'LTR', 'BOT', 'MOT', 'TRL', 'SRF', 'PSD', 'OMT', 'OMS', 'ATV', 'SNO', 'HOU', 'ORG', 'SEM', 'HIS', 'IRP', 'OMR', 'STA', 'AGR', 'SPO', 'FAR', 'RGL', 'MED') AND State IN ('NY', 'NJ', 'OK', 'PA', 'MD', 'IL', 'TX', 'FL', 'GA', 'CT', 'IN', 'OH', 'WI', 'MA', 'AZ', 'CA', 'VA', 'NC', 'TN', 'NH', 'AL', 'VT', 'SC', 'MO', 'MN', 'CO', 'MI', 'DE', 'WA', 'NT', 'RI', 'AR') AND Body_Type = 'SUBN' AND Fuel_Type IN ('GAS', 'NONE', 'DIESEL') AND Revocation_Indicator = 'N'"
reservoir,dmv.179,19485.916666666668,11354.5,8131.416666666668,"['body_type', 'record_type', 'registration_class', 'revocation_indicator', 'state', 'suspension_indicator']","SELECT COUNT(*) FROM DMV  WHERE Record_Type = 'VEH' AND Registration_Class IN ('BOT', 'MOT') AND State IN ('NY', 'NJ', 'OK', 'PA', 'MD', 'IL', 'TX', 'FL', 'GA', 'CT', 'IN', 'OH', 'WI', 'MA', 'AZ', 'CA') AND Body_Type IN ('4DSD', 'PICK') AND Suspension_Indicator = 'N' AND Revocation_Indicator = 'N'"
reservoir,dmv.1100,5927.0,3467.0,2460.0,"['body_type', 'county', 'record_type', 'registration_class', 'suspension_indicator']","SELECT COUNT(*) FROM DMV  WHERE Record_Type = 'VEH' AND Registration_Class IN ('COM', 'LTR') AND County IN ('HERKIMER', 'GENESEE', 'OTSEGO', 'FULTON', 'GREENE', 'FRANKLIN', 'MONTGOMERY', 'CHENANGO', 'TIOGA', 'DELAWARE', 'WYOMING', 'ALLEGANY', 'CORTLAND', 'ESSEX', 'ORLEANS', 'SENECA', 'SCHOHARIE', 'LEWIS', 'YATES', 'SCHUYLER', 'HAMILTON') AND Body_Type IN ('BOAT', 'LTRL', 'MCY', 'TRLR') AND Suspension_Indicator = 'N'"
reservoir,dmv.1384,4472.333333333333,2526.8333333333335,1945.4999999999995,"['body_type', 'fuel_type', 'registration_class']","SELECT COUNT(*) FROM DMV  WHERE Registration_Class IN ('PAS', 'COM') AND Body_Type = 'TRAC' AND Fuel_Type = 'GAS'"
reservoir,dmv.1110,135.59782608695653,79.8804347826087,55.71739130434783,"['body_type', 'county', 'record_type', 'registration_class', 'scofflaw_indicator', 'state']","SELECT COUNT(*) FROM DMV  WHERE Record_Type = 'VEH' AND Registration_Class IN ('COM', 'LTR', 'BOT') AND State IN ('NY', 'NJ', 'OK', 'PA', 'MD', 'IL', 'TX', 'FL', 'GA') AND County IN ('JEFFERSON', 'ST LAWRENCE', 'WAYNE') AND Body_Type = 'SUBN' AND Scofflaw_Indicator = 'N'"
reservoir,dmv.547,102.37837837837837,62.270270270270274,40.1081081081081,"['body_type', 'fuel_type', 'record_type', 'registration_class']","SELECT COUNT(*) FROM DMV  WHERE Record_Type = 'VEH' AND Registration_Class IN ('PAS', 'COM', 'LTR', 'BOT', 'MOT', 'TRL', 'SRF', 'PSD', 'OMT', 'OMS', 'ATV', 'SNO', 'HOU', 'ORG', 'SEM', 'HIS', 'IRP', 'OMR', 'STA', 'AGR', 'SPO', 'FAR', 'RGL', 'MED', 'SCL', 'SPC', 'TRC') AND Body_Type = 'ATV' AND Fuel_Type IN ('DIESEL', 'ELECTRIC')"
reservoir,dmv.1885,23.423045812192072,13.712331789102139,9.710714023089933,"['county', 'fuel_type', 'record_type', 'scofflaw_indicator', 'suspension_indicator']","SELECT COUNT(*) FROM DMV  WHERE Record_Type = 'VEH' AND County IN ('SUFFOLK', 'NASSAU', 'QUEENS', 'ERIE', 'WESTCHESTER', 'MONROE', 'KINGS', 'ONONDAGA', 'ORANGE', 'BRONX', 'RICHMOND', 'NEW YORK', 'ALBANY', 'DUTCHESS', 'SARATOGA', 'ROCKLAND', 'ONEIDA') AND Fuel_Type = 'NONE' AND Scofflaw_Indicator = 'N' AND Suspension_Indicator = 'N'"
reservoir,dmv.255,19.0,10.904761904761905,8.095238095238095,"['county', 'record_type', 'registration_class', 'state']","SELECT COUNT(*) FROM DMV  WHERE Record_Type = 'VEH' AND Registration_Class IN ('BOT', 'MOT', 'TRL', 'SRF', 'PSD', 'OMT', 'OMS', 'ATV') AND State IN ('OK', 'PA', 'MD', 'IL', 'TX', 'FL', 'GA', 'CT', 'IN', 'OH', 'WI', 'MA', 'AZ', 'CA', 'VA', 'NC', 'TN', 'NH', 'AL', 'VT', 'SC', 'MO', 'MN', 'CO', 'MI', 'DE', 'WA', 'NT', 'RI', 'AR', 'NV') AND County IN ('CHENANGO', 'TIOGA', 'DELAWARE', 'WYOMING', 'ALLEGANY', 'CORTLAND', 'ESSEX', 'ORLEANS', 'SENECA', 'SCHOHARIE', 'LEWIS', 'YATES', 'SCHUYLER', 'HAMILTON')"
reservoir,dmv.736,13.387877021710622,7.904852105493225,5.483024916217397,"['body_type', 'county', 'fuel_type', 'record_type', 'registration_class', 'scofflaw_indicator', 'state']","SELECT COUNT(*) FROM DMV  WHERE Record_Type = 'VEH' AND Registration_Class = 'PAS' AND State IN ('NY', 'NJ', 'OK', 'PA', 'MD', 'IL', 'TX', 'FL', 'GA', 'CT', 'IN', 'OH', 'WI', 'MA', 'AZ', 'CA', 'VA', 'NC', 'TN', 'NH', 'AL', 'VT', 'SC', 'MO', 'MN', 'CO', 'MI', 'DE', 'WA') AND County IN ('ROCKLAND', 'ONEIDA', 'NIAGARA', 'OUT-OF-STATE', 'ULSTER', 'BROOME', 'SCHENECTADY', 'RENSSELAER', 'OSWEGO', 'ONTARIO', 'CHAUTAUQUA', 'JEFFERSON', 'ST LAWRENCE', 'WAYNE', 'PUTNAM', 'STEUBEN', 'CLINTON', 'CAYUGA', 'WARREN', 'CHEMUNG', 'TOMPKINS', 'SULLIVAN', 'CATTARAUGUS', 'MADISON', 'COLUMBIA', 'LIVINGSTON', 'WASHINGTON', 'HERKIMER', 'GENESEE', 'OTSEGO', 'FULTON') AND Body_Type IN ('4DSD', 'PICK', '2DSD', 'BOAT', 'LTRL', 'MCY', 'TRLR', 'VAN', 'CONV', 'ATV', 'SNOW', 'DUMP', 'BUS', 'H/TR', 'UTIL', 'SEMI', 'TRAC', 'H/WH', 'DELV', 'FLAT', 'P/SH', 'STAK', 'TANK') AND Fuel_Type IN ('NONE', 'DIESEL', 'ELECTRIC') AND Scofflaw_Indicator = 'N'"
reservoir,dmv.1114,12.103327495621716,6.949211908931699,5.1541155866900175,"['body_type', 'county', 'state']","SELECT COUNT(*) FROM DMV  WHERE State IN ('OK', 'PA', 'MD', 'IL', 'TX', 'FL', 'GA') AND County IN ('ONEIDA', 'NIAGARA', 'OUT-OF-STATE', 'ULSTER', 'BROOME', 'SCHENECTADY', 'RENSSELAER', 'OSWEGO', 'ONTARIO') AND Body_Type IN ('4DSD', 'PICK', '2DSD', 'BOAT', 'LTRL', 'MCY', 'TRLR', 'VAN', 'CONV', 'ATV', 'SNOW', 'DUMP', 'BUS', 'H/TR', 'UTIL', 'SEMI', 'TRAC')"
reservoir,dmv.1581,10.538788522848034,6.140276301806589,4.398512221041445,"['body_type', 'county', 'record_type', 'registration_class', 'revocation_indicator', 'scofflaw_indicator']","SELECT COUNT(*) FROM DMV  WHERE Record_Type IN ('VEH', 'TRL') AND Registration_Class IN ('OMT', 'OMS', 'ATV', 'SNO', 'HOU', 'ORG', 'SEM', 'HIS', 'IRP', 'OMR', 'STA', 'AGR', 'SPO', 'FAR', 'RGL', 'MED', 'SCL', 'SPC', 'TRC', 'OML', 'LMB', 'TOW', 'ORC', 'AMB', 'ORM') AND County IN ('QUEENS', 'ERIE', 'WESTCHESTER', 'MONROE') AND Body_Type IN ('LTRL', 'MCY') AND Scofflaw_Indicator = 'N' AND Revocation_Indicator = 'N'"
reservoir,dmv.1285,9.355153203342619,5.067316620241411,4.287836583101208,"['county', 'registration_class', 'revocation_indicator', 'scofflaw_indicator', 'suspension_indicator']","SELECT COUNT(*) FROM DMV  WHERE Registration_Class = 'OMS' AND County IN ('RICHMOND', 'NEW YORK', 'ALBANY', 'DUTCHESS', 'SARATOGA', 'ROCKLAND', 'ONEIDA', 'NIAGARA', 'OUT-OF-STATE', 'ULSTER') AND Scofflaw_Indicator = 'N' AND Suspension_Indicator = 'N' AND Revocation_Indicator = 'N'"
reservoir,dmv.337,9.202080237741455,5.462109955423477,3.7399702823179783,"['body_type', 'county', 'registration_class', 'revocation_indicator', 'scofflaw_indicator', 'state', 'suspension_indicator']","SELECT COUNT(*) FROM DMV  WHERE Registration_Class IN ('BOT', 'MOT', 'TRL', 'SRF', 'PSD', 'OMT', 'OMS', 'ATV', 'SNO', 'HOU', 'ORG', 'SEM', 'HIS', 'IRP') AND State IN ('NY', 'NJ', 'OK', 'PA', 'MD', 'IL', 'TX', 'FL') AND County IN ('CORTLAND', 'ESSEX', 'ORLEANS', 'SENECA', 'SCHOHARIE', 'LEWIS', 'YATES', 'SCHUYLER', 'HAMILTON') AND Body_Type = '4DSD' AND Scofflaw_Indicator = 'N' AND Suspension_Indicator = 'N' AND Revocation_Indicator = 'N'"
reservoir,dmv.1201,9.615384615384615,5.884615384615385,3.73076923076923,"['body_type', 'county', 'fuel_type', 'registration_class', 'revocation_indicator', 'scofflaw_indicator']","SELECT COUNT(*) FROM DMV  WHERE Registration_Class IN ('LTR', 'BOT', 'MOT', 'TRL', 'SRF') AND County IN ('OSWEGO', 'ONTARIO', 'CHAUTAUQUA', 'JEFFERSON', 'ST LAWRENCE', 'WAYNE', 'PUTNAM', 'STEUBEN', 'CLINTON', 'CAYUGA', 'WARREN', 'CHEMUNG', 'TOMPKINS') AND Body_Type IN ('TAXI', 'TOW', 'SEDN', 'REFG', 'RBM', 'RD/S', 'CMIX', 'TR/C', 'AMBU', 'LSV', 'FIRE', 'S/SP', 'HRSE', 'T/CR', 'SN/P', 'SWT', 'LIM', 'CUST', 'EMVR') AND Fuel_Type IN ('GAS', 'NONE') AND Scofflaw_Indicator = 'N' AND Revocation_Indicator = 'N'"
reservoir,dmv.562,6.593457943925234,3.4018691588785046,3.1915887850467293,"['body_type', 'county', 'record_type', 'registration_class', 'revocation_indicator', 'scofflaw_indicator', 'state', 'suspension_indicator']","SELECT COUNT(*) FROM DMV  WHERE Record_Type = 'VEH' AND Registration_Class IN ('PAS', 'COM', 'LTR', 'BOT', 'MOT', 'TRL', 'SRF', 'PSD', 'OMT', 'OMS', 'ATV', 'SNO', 'HOU', 'ORG', 'SEM', 'HIS', 'IRP', 'OMR', 'STA', 'AGR', 'SPO', 'FAR', 'RGL', 'MED', 'SCL', 'SPC', 'TRC', 'OML', 'LMB', 'TOW', 'ORC') AND State IN ('CA', 'VA', 'NC', 'TN', 'NH', 'AL', 'VT', 'SC', 'MO', 'MN', 'CO', 'MI', 'DE', 'WA', 'NT', 'RI', 'AR', 'NV', 'ME', 'KY', 'DC', 'WV', 'UT', 'KS', 'LA', 'ON', 'NM', 'NU', 'MT', 'OR', 'NE', 'HI', 'IA', 'AK', 'MS', 'SD', 'QC', 'WY', 'ND') AND County IN ('SULLIVAN', 'CATTARAUGUS', 'MADISON', 'COLUMBIA', 'LIVINGSTON', 'WASHINGTON', 'HERKIMER', 'GENESEE', 'OTSEGO', 'FULTON', 'GREENE', 'FRANKLIN', 'MONTGOMERY', 'CHENANGO', 'TIOGA', 'DELAWARE', 'WYOMING', 'ALLEGANY', 'CORTLAND') AND Body_Type IN ('SUBN', '4DSD', 'PICK', '2DSD', 'BOAT', 'LTRL', 'MCY', 'TRLR') AND Scofflaw_Indicator = 'N' AND Suspension_Indicator = 'N' AND Revocation_Indicator = 'N'"
reservoir,dmv.1935,7.294027565084226,4.572741194486984,2.7212863705972428,"['body_type', 'fuel_type', 'record_type', 'registration_class', 'revocation_indicator', 'scofflaw_indicator', 'state', 'suspension_indicator']","SELECT COUNT(*) FROM DMV  WHERE Record_Type = 'VEH' AND Registration_Class IN ('BOT', 'MOT', 'TRL', 'SRF') AND State IN ('NY', 'NJ', 'OK', 'PA', 'MD', 'IL', 'TX', 'FL', 'GA', 'CT', 'IN', 'OH', 'WI', 'MA', 'AZ', 'CA', 'VA', 'NC', 'TN', 'NH') AND Body_Type IN ('TANK', 'MOPD', 'TAXI', 'TOW', 'SEDN', 'REFG', 'RBM', 'RD/S', 'CMIX', 'TR/C', 'AMBU', 'LSV', 'FIRE', 'S/SP', 'HRSE', 'T/CR', 'SN/P', 'SWT', 'LIM') AND Fuel_Type = 'GAS' AND Scofflaw_Indicator = 'N' AND Suspension_Indicator = 'N' AND Revocation_Indicator = 'N'"
reservoir,dmv.265,6.123244382022472,3.542134831460674,2.581109550561798,"['body_type', 'county', 'fuel_type', 'record_type', 'scofflaw_indicator', 'state', 'suspension_indicator']","SELECT COUNT(*) FROM DMV  WHERE Record_Type IN ('VEH', 'TRL') AND State IN ('NJ', 'OK', 'PA', 'MD', 'IL', 'TX', 'FL', 'GA', 'CT', 'IN', 'OH', 'WI', 'MA', 'AZ', 'CA', 'VA', 'NC', 'TN', 'NH', 'AL', 'VT', 'SC', 'MO', 'MN', 'CO', 'MI', 'DE', 'WA', 'NT', 'RI', 'AR') AND County IN ('ALBANY', 'DUTCHESS', 'SARATOGA', 'ROCKLAND', 'ONEIDA', 'NIAGARA', 'OUT-OF-STATE', 'ULSTER', 'BROOME', 'SCHENECTADY', 'RENSSELAER') AND Body_Type IN ('4DSD', 'PICK', '2DSD', 'BOAT', 'LTRL', 'MCY', 'TRLR', 'VAN', 'CONV', 'ATV', 'SNOW', 'DUMP', 'BUS', 'H/TR', 'UTIL', 'SEMI', 'TRAC', 'H/WH', 'DELV', 'FLAT', 'P/SH', 'STAK', 'TANK', 'MOPD') AND Fuel_Type IN ('GAS', 'NONE') AND Scofflaw_Indicator = 'N' AND Suspension_Indicator = 'N'"
reservoir,dmv.404,5.68371925119901,3.3163581042751793,2.3673611469238307,"['body_type', 'county', 'fuel_type', 'record_type', 'registration_class', 'scofflaw_indicator', 'suspension_indicator']","SELECT COUNT(*) FROM DMV  WHERE Record_Type = 'VEH' AND Registration_Class = 'PAS' AND County IN ('BRONX', 'RICHMOND', 'NEW YORK', 'ALBANY', 'DUTCHESS', 'SARATOGA', 'ROCKLAND', 'ONEIDA', 'NIAGARA', 'OUT-OF-STATE', 'ULSTER', 'BROOME', 'SCHENECTADY') AND Body_Type IN ('BOAT', 'LTRL', 'MCY', 'TRLR', 'VAN', 'CONV') AND Fuel_Type IN ('GAS', 'NONE') AND Scofflaw_Indicator = 'N' AND Suspension_Indicator = 'N'"
reservoir,dmv.976,4.360655737704918,2.243559718969555,2.117096018735363,"['body_type', 'county', 'fuel_type', 'revocation_indicator', 'scofflaw_indicator', 'state']","SELECT COUNT(*) FROM DMV  WHERE State IN ('CA', 'VA', 'NC', 'TN', 'NH', 'AL', 'VT', 'SC', 'MO', 'MN', 'CO', 'MI', 'DE', 'WA', 'NT', 'RI', 'AR', 'NV', 'ME', 'KY', 'DC', 'WV', 'UT', 'KS', 'LA', 'ON', 'NM', 'NU', 'MT', 'OR', 'NE', 'HI', 'IA', 'AK', 'MS', 'SD', 'QC', 'WY', 'ND', 'PR', 'ID') AND County IN ('STEUBEN', 'CLINTON', 'CAYUGA', 'WARREN', 'CHEMUNG', 'TOMPKINS', 'SULLIVAN', 'CATTARAUGUS', 'MADISON', 'COLUMBIA', 'LIVINGSTON', 'WASHINGTON', 'HERKIMER', 'GENESEE', 'OTSEGO', 'FULTON', 'GREENE') AND Body_Type IN ('SUBN', '4DSD', 'PICK', '2DSD', 'BOAT', 'LTRL', 'MCY', 'TRLR', 'VAN', 'CONV', 'ATV', 'SNOW', 'DUMP', 'BUS', 'H/TR', 'UTIL', 'SEMI', 'TRAC', 'H/WH') AND Fuel_Type IN ('GAS', 'NONE', 'DIESEL') AND Scofflaw_Indicator = 'N' AND Revocation_Indicator = 'N'"
reservoir,dmv.536,4.910222557525462,2.836288193134666,2.073934364390796,"['body_type', 'county', 'fuel_type', 'record_type', 'registration_class', 'scofflaw_indicator']","SELECT COUNT(*) FROM DMV  WHERE Record_Type = 'VEH' AND Registration_Class IN ('PAS', 'COM', 'LTR', 'BOT', 'MOT', 'TRL', 'SRF', 'PSD', 'OMT', 'OMS', 'ATV', 'SNO', 'HOU', 'ORG', 'SEM', 'HIS', 'IRP') AND County IN ('BRONX', 'RICHMOND', 'NEW YORK', 'ALBANY', 'DUTCHESS', 'SARATOGA', 'ROCKLAND', 'ONEIDA', 'NIAGARA', 'OUT-OF-STATE', 'ULSTER', 'BROOME', 'SCHENECTADY', 'RENSSELAER') AND Body_Type IN ('MCY', 'TRLR', 'VAN', 'CONV', 'ATV', 'SNOW', 'DUMP', 'BUS', 'H/TR', 'UTIL', 'SEMI', 'TRAC', 'H/WH', 'DELV') AND Fuel_Type = 'NONE' AND Scofflaw_Indicator = 'N'"
