D,physical_median_s,hypothetical_steady_median_s,hypothetical_e2e_median_s,materialization_median_s,explain_physical_median_s,explain_hypothetical_median_s
1,0.3233509630008484,0.2767771500002709,0.7306941240021843,0.06681545898754848,0.25487492499814834,0.27650889299548
2,0.6636823049993836,0.5538479940005345,1.0077649680024479,0.13764755999000045,0.5225137239976902,0.5531927749980241
4,1.530146239005262,1.1392101189994719,1.5931270930013852,0.4197786399818142,1.1208255340025062,1.1379775449968292
8,3.271975362971716,2.2923143779989914,2.7462313520009047,1.033284183969954,2.238691179001762,2.2898420179917593
16,7.547658900977694,4.703986084990902,5.157903058992815,2.7860833589584217,4.805230199992366,4.698886209996999
32,16.460957275943656,9.537795855983859,9.991712829985772,6.7076661009996315,9.824914140008332,9.527656398990075
64,31.215456812889897,19.208258378042956,19.66217535204487,11.861437637031486,19.427661032001197,19.188817148031376
128,64.8166015229508,38.0907966019804,38.544713575982314,24.393711952958256,40.42288956999255,38.051605825006845
256,128.1606539739587,78.18245045805088,78.6363674320528,49.73012918798486,78.43052478597383,78.10396010402474
