accepted_order,candidate_id,mechanism,realization_state,singleton_improvement,improvement_class,singleton_rank_all,singleton_percentile_all,singleton_rank_mechanism,singleton_improvement_per_cost,cost_aware_rank_all,move_phase,contextual_objective_before,contextual_objective_after,contextual_improvement,neighboring_selected_design_size,affected_query_count
1,cand_449fa599b32af3a5039b,mcv,PRESENT,2636.9524615251134,positive,1,100.0,1,1509.0617520348355,1,greedy-add,5586.930692724469,2949.9782311993554,2636.9524615251134,0,6
2,cand_57ecad07b9ddfc92cbe9,mcv,PRESENT,864.2016803218912,positive,4,99.93342210386152,4,494.5609451994976,4,greedy-add,2949.9782311993554,2085.776550877465,864.2016803218903,1,5
3,cand_8800308d8e997ed3f8ad,mcv,PRESENT,414.45945387792744,positive,6,99.88903683976919,6,237.18474972229595,6,greedy-add,2085.776550877465,1671.317096999538,414.459453877927,2,10
4,cand_ec94d4fcaa39e54f2f3f,mcv,PRESENT,149.58996765804295,positive,11,99.7780736795384,11,85.6065863812808,11,greedy-add,1671.317096999538,1521.7271293414956,149.5899676580425,3,3
5,cand_c9321427349837fbbce7,mcv,PRESENT,142.79917710054542,positive,12,99.75588104749224,12,81.72038727609407,12,greedy-add,1521.7271293414956,1378.928138020749,142.7989913207466,4,5
6,cand_50e40f909d08e40748f4,mcv,PRESENT,117.87613172133752,positive,13,99.73368841544607,13,67.45755354103359,13,greedy-add,1378.928138020749,1261.0520062994115,117.87613172133752,5,5
7,cand_6e828ab1e97b874ef25a,mcv,PRESENT,24.596515725757854,positive,28,99.40079893475367,28,14.07596900461265,28,greedy-add,1261.0520062994115,1236.4554905736543,24.596515725757172,6,2
8,cand_4fa98ecd2ad6069efe03,mcv,PRESENT,12.284172000143371,positive,41,99.11229471815358,41,7.029923516373213,41,greedy-add,1236.4554905736543,1224.171318573511,12.284172000143371,7,5
9,cand_61bd8d15a2050d1f9514,mcv,PRESENT,9.288267231090686,positive,45,99.02352418996892,45,5.315442362207322,45,greedy-add,1224.171318573511,1214.899327841394,9.27199073211682,8,8
10,cand_cef18d243e8dc73a4663,mcv,PRESENT,9.263514327875782,positive,46,99.00133155792277,46,5.30127689656528,46,greedy-add,1214.899327841394,1205.635813513518,9.26351432787601,9,5
11,cand_b003decb3dc0d1078d24,mcv,PRESENT,8.57435374148281,positive,49,98.93475366178428,49,4.906887578930769,49,greedy-add,1205.635813513518,1196.6218329480241,9.013980565493966,10,3
12,cand_3b241c7ba815af7c635d,mcv,PRESENT,8.983527465484258,positive,47,98.97913892587661,47,5.141047438024748,47,greedy-add,1196.6218329480241,1187.6383054825399,8.983527465484258,11,5
13,cand_0f6d24f9d2bd31d7fb7b,mcv,PRESENT,7.713024544638756,positive,53,98.84598313359965,53,4.413970483976205,53,greedy-add,1187.6383054825399,1179.9252809379009,7.713024544638984,12,9
14,cand_7a944bbfa4a6afec5f05,mcv,PRESENT,7.348022362940355,positive,59,98.71282734132268,58,4.205088890603924,58,greedy-add,1179.9252809379009,1172.5728000112163,7.3524809266846205,13,3
15,cand_42438001f797a0f49f75,mcv,PRESENT,6.981354050086338,positive,61,98.66844207723035,60,3.9952538121622294,60,greedy-add,1172.5728000112163,1165.5914459611301,6.981354050086111,14,7
16,cand_8b1bffbe8ae4affeb912,mcv,PRESENT,6.417150668045906,positive,65,98.57967154904571,64,3.672374368323683,64,greedy-add,1165.5914459611301,1159.1742952930842,6.417150668045906,15,8
17,cand_87d189706a45647005d0,mcv,PRESENT,8.557130039430376,positive,50,98.91256102973813,50,4.897030886261862,50,greedy-add,1159.1742952930842,1153.1022003291819,6.072094963902373,16,9
18,cand_44039dad73bc808f29b8,mcv,PRESENT,5.887570373374729,positive,68,98.51309365290723,67,3.3693088489485628,67,greedy-add,1153.1022003291819,1147.2146299558076,5.887570373374274,17,4
19,cand_28e06e079b7fe2ddeb13,mcv,PRESENT,5.158161507406476,positive,76,98.33555259653795,75,2.9518864504457176,75,greedy-add,1147.2146299558076,1142.172321310827,5.042308644980494,18,7
20,cand_e6705691ad8647703baa,mcv,PRESENT,5.275832798231022,positive,74,98.37993786063026,73,3.019226778679465,73,greedy-add,1142.172321310827,1136.9701119715467,5.202209339280444,19,10
21,cand_8610d476a0cb88d48a72,mcv,PRESENT,4.472967778410748,positive,83,98.18020417221483,82,2.559767265800444,82,greedy-add,1136.9701119715467,1132.4971441931366,4.472967778410066,20,5
22,cand_f2735ea5a5c0c05242bd,mcv,PRESENT,47.276697211375904,positive,21,99.55614735907679,21,27.055267990290954,21,greedy-add,1132.4971441931366,1128.0325548212427,4.464589371893908,21,4
23,cand_a7ce81ad2618c11f1ffa,mcv,PRESENT,6.56557869295284,positive,63,98.62405681313804,62,3.7573160040130817,62,greedy-add,1128.0325548212427,1123.709700453239,4.322854368003618,22,6
24,cand_9ccac2dc89e39971c55a,mcv,PRESENT,3.4798783257710966,positive,100,97.80292942743009,98,1.9914470813474576,99,greedy-add,1123.709700453239,1119.482139140962,4.2275613122769755,23,6
25,cand_381d6c6f8b25371f6b73,mcv,PRESENT,4.083473851593226,positive,94,97.93608521970705,92,2.336869661013805,92,greedy-add,1119.482139140962,1115.3986652893693,4.083473851592771,24,2
26,cand_1086aac25bfb3ba422df,mcv,PRESENT,3.595423751700764,positive,99,97.82512205947626,97,2.0575708304241433,98,greedy-add,1115.3986652893693,1111.3543053674564,4.044359921912928,25,3
27,cand_ea654d977d77db152ccf,mcv,PRESENT,0.06053194589821942,positive,768,82.97825122059476,651,0.03464091433730798,741,greedy-add,1111.3543053674564,1107.5545538630345,3.79975150442192,26,5
28,cand_ade37bd28fc84c1141ca,mcv,PRESENT,4.278965671770493,positive,88,98.06924101198402,87,2.4487447262527757,87,greedy-add,1107.5545538630345,1103.952092561741,3.602461301293488,27,10
29,cand_d8d57a00a67cc7f9fb4f,mcv,PRESENT,3.7866107352720064,positive,97,97.86950732356857,95,2.1669823456500983,96,greedy-add,1103.952092561741,1100.421998543954,3.5300940177869506,28,4
30,cand_8d548383ec2b7f8ae6b6,mcv,PRESENT,3.46116993749456,positive,101,97.78073679538393,99,1.9807407399923276,100,greedy-add,1100.421998543954,1096.960831070118,3.461167473835985,29,3
31,cand_f36e7d2f513cb273a2d6,mcv,PRESENT,3.404882347158491,positive,105,97.69196626719929,103,1.9485287638836493,104,greedy-add,1096.960831070118,1093.55594872296,3.4048823471580363,30,1
32,cand_ccf7cccf750ab88f4a07,mcv,PRESENT,3.3674861020435856,positive,109,97.60319573901465,106,1.9271278308004702,107,greedy-add,1093.55594872296,1090.2275176296396,3.3284310933204324,31,6
33,cand_6f14b3786d2f81d26e39,mcv,PRESENT,3.1689576174112517,positive,116,97.44784731469153,113,1.813514958661388,114,greedy-add,1090.2275176296396,1087.0585600122283,3.1689576174112517,32,1
34,cand_1420db7ca1404e5cf7be,mcv,PRESENT,3.100221325455095,positive,118,97.4034620505992,115,1.7741789028616777,116,greedy-add,1087.0585600122283,1083.9583386867732,3.100221325455095,33,2
35,cand_9e9013be9d95a31d929b,mcv,PRESENT,2.8220998831739053,positive,127,97.20372836218375,124,1.615016977460653,125,greedy-add,1083.9583386867732,1081.2039883449186,2.7543503418546607,34,3
36,cand_477b95f78964d9b306cc,mcv,PRESENT,2.69687151040398,positive,133,97.07057256990679,130,1.5433519207810356,131,greedy-add,1081.2039883449186,1078.5290139604795,2.6749743844391105,35,6
