round,selected_count_before,current_objective,current_cost,remaining_add_candidates,budget_infeasible,no_improvement_bound_pruned,incumbent_bound_pruned,native_evaluated_moves,planner_calls,affected_query_replans,round_elapsed_seconds,accepted_candidate,objective_after,cost_after,accepted,prune_rate
1,0,5586.930692724469,0,226,0,0,199,27,127,127,0.15874171199538978,cand_449fa599b32af3a5039b,2949.9782311993554,1.747411898796996,True,0.8805309734513275
2,1,2949.9782311993554,1.747411898796996,225,0,0,193,32,159,159,0.20581531499919947,cand_57ecad07b9ddfc92cbe9,2085.776550877465,3.494823797593992,True,0.8577777777777778
3,2,2085.776550877465,3.494823797593992,224,0,0,184,40,188,188,0.2929933080013143,cand_8800308d8e997ed3f8ad,1671.317096999538,5.242235696390988,True,0.8214285714285714
4,3,1671.317096999538,5.242235696390988,223,0,0,174,49,236,236,0.3431627880054293,cand_ec94d4fcaa39e54f2f3f,1521.7271293414956,6.989647595187984,True,0.7802690582959642
5,4,1521.7271293414956,6.989647595187984,222,0,0,171,51,253,253,0.3621821760025341,cand_c9321427349837fbbce7,1378.928138020749,8.737059493984980,True,0.7702702702702703
6,5,1378.928138020749,8.737059493984980,221,0,0,166,55,296,296,0.41504203400108963,cand_50e40f909d08e40748f4,1261.0520062994115,10.484471392781976,True,0.751131221719457
7,6,1261.0520062994115,10.484471392781976,220,0,0,146,74,424,424,0.6121337799995672,cand_6e828ab1e97b874ef25a,1236.4554905736543,12.231883291578972,True,0.6636363636363637
8,7,1236.4554905736543,12.231883291578972,219,0,0,81,138,772,772,1.1537923260038951,cand_4fa98ecd2ad6069efe03,1224.171318573511,13.979295190375968,True,0.3698630136986301
9,8,1224.171318573511,13.979295190375968,218,0,0,58,160,869,869,1.3214415649999864,cand_61bd8d15a2050d1f9514,1214.899327841394,15.726707089172964,True,0.26605504587155965
10,9,1214.899327841394,15.726707089172964,217,0,0,46,171,911,911,1.4307529419966158,cand_cef18d243e8dc73a4663,1205.635813513518,17.474118987969960,True,0.2119815668202765
11,10,1205.635813513518,17.474118987969960,216,0,0,46,170,906,906,1.4854310719965724,cand_b003decb3dc0d1078d24,1196.6218329480241,19.221530886766956,True,0.21296296296296297
12,11,1196.6218329480241,19.221530886766956,215,0,0,46,169,903,903,1.5383693900002982,cand_3b241c7ba815af7c635d,1187.6383054825399,20.968942785563952,True,0.21395348837209302
13,12,1187.6383054825399,20.968942785563952,214,0,0,36,178,951,951,1.6471367740014102,cand_0f6d24f9d2bd31d7fb7b,1179.9252809379009,22.716354684360948,True,0.16822429906542055
14,13,1179.9252809379009,22.716354684360948,213,0,0,32,181,966,966,1.77330257200083,cand_7a944bbfa4a6afec5f05,1172.5728000112163,24.463766583157944,True,0.15023474178403756
15,14,1172.5728000112163,24.463766583157944,212,0,0,32,180,963,963,1.8289509690002888,cand_42438001f797a0f49f75,1165.5914459611301,26.211178481954940,True,0.1509433962264151
16,15,1165.5914459611301,26.211178481954940,211,0,0,30,181,963,963,1.8725246809990495,cand_8b1bffbe8ae4affeb912,1159.1742952930842,27.958590380751936,True,0.14218009478672985
17,16,1159.1742952930842,27.958590380751936,210,0,0,26,184,972,972,1.9306070689999615,cand_87d189706a45647005d0,1153.1022003291819,29.706002279548932,True,0.12380952380952381
18,17,1153.1022003291819,29.706002279548932,209,0,0,25,184,969,969,1.9989863349983352,cand_44039dad73bc808f29b8,1147.2146299558076,31.453414178345928,True,0.11961722488038277
19,18,1147.2146299558076,31.453414178345928,208,0,0,24,184,967,967,2.09595864599396,cand_28e06e079b7fe2ddeb13,1142.172321310827,33.200826077142924,True,0.11538461538461539
20,19,1142.172321310827,33.200826077142924,207,0,0,20,187,979,979,2.1314646909959265,cand_e6705691ad8647703baa,1136.9701119715467,34.948237975939920,True,0.0966183574879227
21,20,1136.9701119715467,34.948237975939920,206,0,0,18,188,980,980,2.2308639240000048,cand_8610d476a0cb88d48a72,1132.4971441931366,36.695649874736916,True,0.08737864077669903
22,21,1132.4971441931366,36.695649874736916,205,0,0,19,186,973,973,2.203865225004847,cand_f2735ea5a5c0c05242bd,1128.0325548212427,38.443061773533912,True,0.09268292682926829
23,22,1128.0325548212427,38.443061773533912,204,0,0,18,186,969,969,2.2440503649995662,cand_a7ce81ad2618c11f1ffa,1123.709700453239,40.190473672330908,True,0.08823529411764706
24,23,1123.709700453239,40.190473672330908,203,0,0,18,185,963,963,2.303969460997905,cand_9ccac2dc89e39971c55a,1119.482139140962,41.937885571127904,True,0.08866995073891626
25,24,1119.482139140962,41.937885571127904,202,0,0,17,185,959,959,2.343492307001725,cand_381d6c6f8b25371f6b73,1115.3986652893693,43.685297469924900,True,0.08415841584158416
26,25,1115.3986652893693,43.685297469924900,201,0,0,18,183,954,954,2.376140425003541,cand_1086aac25bfb3ba422df,1111.3543053674564,45.432709368721896,True,0.08955223880597014
27,26,1111.3543053674564,45.432709368721896,200,0,0,13,187,971,971,2.5086125769958016,cand_ade37bd28fc84c1141ca,1107.7518440661631,47.180121267518892,True,0.065
28,27,1107.7518440661631,47.180121267518892,199,0,0,12,187,962,962,2.5607136959952186,cand_d8d57a00a67cc7f9fb4f,1104.221750048376,48.927533166315888,True,0.06030150753768844
29,28,1104.221750048376,48.927533166315888,198,0,0,11,187,959,959,2.632286619002116,cand_8d548383ec2b7f8ae6b6,1100.76058257454,50.674945065112884,True,0.05555555555555555
30,29,1100.76058257454,50.674945065112884,197,0,0,8,189,967,967,2.656465243002458,cand_f36e7d2f513cb273a2d6,1097.355700227382,52.422356963909880,True,0.04060913705583756
31,30,1097.355700227382,52.422356963909880,196,0,0,9,187,965,965,2.705942838001647,cand_ccf7cccf750ab88f4a07,1094.0272691340615,54.169768862706876,True,0.04591836734693878
32,31,1094.0272691340615,54.169768862706876,195,0,0,10,185,955,955,2.7122780320059974,cand_6f14b3786d2f81d26e39,1090.8583115166502,55.917180761503872,True,0.05128205128205128
33,32,1090.8583115166502,55.917180761503872,194,0,0,10,184,954,954,2.7359721229950082,cand_1420db7ca1404e5cf7be,1087.7580901911952,57.664592660300868,True,0.05154639175257732
34,33,1087.7580901911952,57.664592660300868,193,0,0,10,183,950,950,2.7648183169949334,cand_9e9013be9d95a31d929b,1085.0037398493405,59.412004559097864,True,0.05181347150259067
35,34,1085.0037398493405,59.412004559097864,192,0,0,10,182,947,947,2.8168131050042575,cand_477b95f78964d9b306cc,1082.3287654649014,61.159416457894860,True,0.052083333333333336
36,35,1082.3287654649014,61.159416457894860,191,0,0,8,183,947,947,2.8559634359990014,cand_f7c6fb9cdc5ac588654f,1079.662803634806,62.906828356691856,True,0.041884816753926704
37,36,1079.662803634806,62.906828356691856,190,0,0,8,182,943,943,2.937821334002365,cand_039a80bdf65c1ea4a2b6,1077.2019025077232,64.654240255488852,True,0.042105263157894736
38,37,1077.2019025077232,64.654240255488852,189,0,0,8,181,941,941,2.935568314002012,cand_75d6ab6bcdb4d5b4544a,1074.759757125379,66.401652154285848,True,0.042328042328042326
39,38,1074.759757125379,66.401652154285848,188,0,0,8,180,934,934,3.015390615000797,cand_4cbc727edd33adc9e4ae,1072.379334080631,68.149064053082844,True,0.0425531914893617
40,39,1072.379334080631,68.149064053082844,187,0,0,8,179,931,931,3.029450096000801,cand_ee5e34320b4d278ebe56,1070.030949575071,69.896475951879840,True,0.0427807486631016
41,40,1070.030949575071,69.896475951879840,186,0,0,6,180,934,934,3.120308201003354,cand_83de2fe54a1402fbb4d7,1067.8017522966998,71.643887850676836,True,0.03225806451612903
42,41,1067.8017522966998,71.643887850676836,185,0,0,6,179,931,931,3.1385362170040025,cand_70d3c61d1c1af3792df9,1065.6143229436043,74.9850259394421777,True,0.032432432432432434
43,42,1065.6143229436043,74.9850259394421777,184,0,0,6,178,923,923,3.1955501639968134,cand_50fe0fbcd88548914158,1063.4432162519113,76.7324378382391737,True,0.03260869565217391
44,43,1063.4432162519113,76.7324378382391737,183,0,0,157,26,128,128,0.5439701940049417,cand_331445ebfb468230772b,998.6422227127005,78.4798497370361697,True,0.8579234972677595
45,44,998.6422227127005,78.4798497370361697,182,0,0,6,176,914,914,3.226265608005633,cand_018a7da6c028871b96ea,996.5058541285223,80.2272616358331657,True,0.03296703296703297
46,45,996.5058541285223,80.2272616358331657,181,0,0,6,175,911,911,3.263241161002952,cand_5268eb470bdaa430c408,994.3726245475899,81.9746735346301617,True,0.03314917127071823
47,46,994.3726245475899,81.9746735346301617,180,0,0,6,174,904,904,3.288414874004957,cand_481f60b0e72e9fe06bc2,992.2552431959249,83.7220854334271577,True,0.03333333333333333
48,47,992.2552431959249,83.7220854334271577,179,0,0,5,174,901,901,3.40503425100178,cand_04b210a04ba4f6be985b,990.1832798494676,85.4694973322241537,True,0.027932960893854747
49,48,990.1832798494676,85.4694973322241537,178,0,0,5,173,898,898,3.1992968790000305,cand_b240da9bc9d6224862d6,988.1180022973303,87.2169092310211497,True,0.028089887640449437
50,49,988.1180022973303,87.2169092310211497,177,0,0,5,172,896,896,3.4072898519953014,cand_e4bed9ca8874797ffed7,986.2846901353124,88.9643211298181457,True,0.02824858757062147
51,50,986.2846901353124,88.9643211298181457,176,0,0,5,171,892,892,3.402384209999582,cand_b968725e2259713b88f7,984.5023538373264,90.7117330286151417,True,0.028409090909090908
52,51,984.5023538373264,90.7117330286151417,175,0,0,5,170,887,887,3.447076066004229,cand_b07663b5adfe71cbb864,982.774872164129,92.4591449274121377,True,0.02857142857142857
53,52,982.774872164129,92.4591449274121377,174,0,0,5,169,884,884,3.472745268998551,cand_58e63ce8ad3e712827dd,981.0713841382197,94.2065568262091337,True,0.028735632183908046
54,53,981.0713841382197,94.2065568262091337,173,0,0,5,168,881,881,3.5055494729967904,cand_a5ea581bb45b37510ac2,979.3706264500805,95.9539687250061297,True,0.028901734104046242
55,54,979.3706264500805,95.9539687250061297,172,0,0,5,167,877,877,3.505749645999458,cand_2ed0f038c6f18978624b,977.6778744214737,97.7013806238031257,True,0.029069767441860465
56,55,977.6778744214737,97.7013806238031257,171,0,0,5,166,875,875,3.5611265930056106,cand_02f9ec546e2c8140d63e,975.9928777444062,99.4487925226001217,True,0.029239766081871343
57,56,975.9928777444062,99.4487925226001217,170,0,0,5,165,871,871,3.6354425090030418,cand_b654917100dc68487715,974.3840938511252,102.7899306113654634,True,0.029411764705882353
58,57,974.3840938511252,102.7899306113654634,169,0,0,5,164,867,867,3.6062052069974015,cand_35ae7c285c75a6383d9b,972.8005820738232,104.5373425101624594,True,0.029585798816568046
59,58,972.8005820738232,104.5373425101624594,168,0,0,5,163,866,866,3.621374732996628,cand_3e595fe493142dbe2014,971.3724118873765,106.2847544089594554,True,0.02976190476190476
60,59,971.3724118873765,106.2847544089594554,167,0,0,5,162,860,860,3.674306663000607,cand_d058042cb251383c3570,969.2290270518828,108.0321663077564514,True,0.029940119760479042
61,60,969.2290270518828,108.0321663077564514,166,0,0,5,161,856,856,3.678867053000431,cand_f637986864fa60dd488f,967.4254746856926,109.7795782065534474,True,0.030120481927710843
62,61,967.4254746856926,109.7795782065534474,165,0,0,5,160,851,851,3.6989196380018257,cand_85f41fcdb04cb24776dd,966.1040389910561,111.5269901053504434,True,0.030303030303030304
63,62,966.1040389910561,111.5269901053504434,164,0,0,5,159,845,845,3.697898004997114,cand_bf9a7a8f3c02f710a33a,964.799563270952,113.2744020041474394,True,0.03048780487804878
64,63,964.799563270952,113.2744020041474394,163,0,0,4,159,841,841,3.7492599980032537,cand_183c9814100e51ab2a39,963.5233390962388,115.0218139029444354,True,0.024539877300613498
65,64,963.5233390962388,115.0218139029444354,162,0,0,4,158,835,835,3.8816832960001193,cand_b1af6ad500a7dd0fcebb,962.4512778227486,116.7692258017414314,True,0.024691358024691357
66,65,962.4512778227486,116.7692258017414314,161,0,0,4,157,829,829,3.8215697830019053,cand_0c65c575ba0117fe078d,961.4176197516746,118.5166377005384274,True,0.024844720496894408
67,66,961.4176197516746,118.5166377005384274,160,0,0,5,155,822,822,3.837550957003259,cand_124cd5901772b276a5ae,959.3511416917728,120.2640495993354234,True,0.03125
68,67,959.3511416917728,120.2640495993354234,159,0,0,4,155,819,819,3.8471810390037717,cand_07683d9eb5a1ba91f441,957.7305101708051,122.0114614981324194,True,0.025157232704402517
69,68,957.7305101708051,122.0114614981324194,158,0,0,4,154,815,815,3.8498466840028414,cand_864723d1cde663cf0ae2,956.715532364176,123.7588733969294154,True,0.02531645569620253
70,69,956.715532364176,123.7588733969294154,157,0,0,4,153,811,811,3.879773432992806,cand_db2d55504f0491ddd17c,955.7230854091246,125.5062852957264114,True,0.025477707006369428
71,70,955.7230854091246,125.5062852957264114,156,0,0,4,152,806,806,3.8526839640035178,cand_3ee79cb7bfe8ffec912b,954.9098643954632,127.2536971945234074,True,0.02564102564102564
72,71,954.9098643954632,127.2536971945234074,155,0,0,4,151,800,800,3.845383625004615,cand_1e148617518e825ea544,953.9584762227744,129.0011090933204034,True,0.025806451612903226
73,72,953.9584762227744,129.0011090933204034,154,0,0,4,150,795,795,3.857718188002764,cand_ed88c00743dee3aca0c1,953.195966562128,130.7485209921173994,True,0.025974025974025976
74,73,953.195966562128,130.7485209921173994,153,0,0,4,149,789,789,3.9324567389994627,cand_0a13a0a89a8179a53161,952.4410574498836,132.4959328909143954,True,0.026143790849673203
75,74,952.4410574498836,132.4959328909143954,152,0,0,3,149,791,791,3.9446677379964967,cand_56732c3d3b0dcf440ffe,951.7827189471893,134.2433447897113914,True,0.019736842105263157
76,75,951.7827189471893,134.2433447897113914,151,0,0,3,148,786,786,3.9843345710032736,cand_65011d7be7b583b4a90a,951.1517818143691,135.9907566885083874,True,0.019867549668874173
77,76,951.1517818143691,135.9907566885083874,150,0,0,1,149,785,785,4.037517359000049,cand_7beddf5935c3c66e8d8e,950.5362919183708,137.7381685873053834,True,0.006666666666666667
78,77,950.5362919183708,137.7381685873053834,149,0,0,1,148,781,781,4.0977424119992065,cand_112c95f7e92f39199f7b,949.9764954807117,139.4855804861023794,True,0.006711409395973154
79,78,949.9764954807117,139.4855804861023794,148,0,0,1,147,776,776,4.123734667999088,cand_ba1daa555fdaa08cc9dd,949.4231995125766,141.2329923848993754,True,0.006756756756756757
80,79,949.4231995125766,141.2329923848993754,147,0,0,1,146,768,768,4.109699168999214,cand_f8a6286739c0e9d24de9,948.913549337899,142.9804042836963714,True,0.006802721088435374
81,80,948.913549337899,142.9804042836963714,146,0,0,2,144,760,760,4.037133418998565,cand_0fd5113ae36c12c5203a,948.0773621232871,144.7278161824933674,True,0.0136986301369863
82,81,948.0773621232871,144.7278161824933674,145,0,0,1,144,759,759,4.111221398001362,cand_fe695df3b6b2c02062a1,947.5720733934718,146.4752280812903634,True,0.006896551724137931
83,82,947.5720733934718,146.4752280812903634,144,0,0,1,143,754,754,4.108386995998444,cand_4be74506316ce42fb70a,947.0896914378501,148.2226399800873594,True,0.006944444444444444
84,83,947.0896914378501,148.2226399800873594,143,0,0,2,141,739,739,4.1166209779985365,cand_d2802a2b68937c9e8b92,946.4552085770317,149.9700518788843554,True,0.013986013986013986
85,84,946.4552085770317,149.9700518788843554,142,0,0,6,136,723,723,3.9832245120051084,cand_a3809685157feb3c8443,943.6292441293589,151.7174637776813514,True,0.04225352112676056
86,85,943.6292441293589,151.7174637776813514,141,0,0,1,140,734,734,4.159881638996012,cand_51e3b546d3d2da59a676,943.1600050028477,153.4648756764783474,True,0.0070921985815602835
87,86,943.1600050028477,153.4648756764783474,140,0,0,1,139,729,729,4.156945362999977,cand_ca8b2ddd79d99e80f79c,942.7346240726482,155.2122875752753434,True,0.007142857142857143
88,87,942.7346240726482,155.2122875752753434,139,0,0,2,137,720,720,4.225278338002681,cand_cfe4160d223a30e906b6,941.760295752478,156.9596994740723394,True,0.014388489208633094
89,88,941.760295752478,156.9596994740723394,138,0,0,1,137,721,721,4.1234312029992,cand_78e3beef5978834cc970,941.4063499260866,158.7071113728693354,True,0.007246376811594203
90,89,941.4063499260866,158.7071113728693354,137,0,0,1,136,718,718,4.15408792499511,cand_4e0a0283c72566b0846b,941.0554679834529,160.4545232716663314,True,0.0072992700729927005
91,90,941.0554679834529,160.4545232716663314,136,0,0,1,135,711,711,4.227158892004809,cand_c6cd30b55aa3b4fad7b9,940.7219078244099,162.2019351704633274,True,0.007352941176470588
92,91,940.7219078244099,162.2019351704633274,135,0,0,1,134,703,703,4.1856881769999745,cand_302653948f00b010bacf,940.4849504177932,163.9493470692603234,True,0.007407407407407408
93,92,940.4849504177932,163.9493470692603234,134,0,0,1,133,697,697,4.221148377000645,cand_5812ed9d378fdd43c70d,940.2604025655233,165.6967589680573194,True,0.007462686567164179
94,93,940.2604025655233,165.6967589680573194,133,0,0,1,132,692,692,4.237359216000186,cand_58f36035c2a5618f8b30,940.043232061063,167.4441708668543154,True,0.007518796992481203
95,94,940.043232061063,167.4441708668543154,132,0,0,1,131,688,688,4.205535420005617,cand_fc5f5c48167583b4e691,939.8561881536608,169.1915827656513114,True,0.007575757575757576
96,95,939.8561881536608,169.1915827656513114,131,0,0,1,130,684,684,4.193803884998488,cand_309c0e5e39ca6c078ec6,939.6720429477152,170.9389946644483074,True,0.007633587786259542
97,96,939.6720429477152,170.9389946644483074,130,0,0,1,129,678,678,4.22783082100068,cand_acf9ac801ea9622c3c35,939.4990977422358,172.6864065632453034,True,0.007692307692307693
98,97,939.4990977422358,172.6864065632453034,129,0,0,1,128,674,674,4.17266539800039,cand_036477fae086759165c9,939.3562493039975,174.4338184620422994,True,0.007751937984496124
99,98,939.3562493039975,174.4338184620422994,128,0,0,6,122,653,653,4.0612857900050585,cand_3fa2eba87f1d709a0ce0,937.6746314239156,176.1812303608392954,True,0.046875
100,99,937.6746314239156,176.1812303608392954,127,0,0,0,127,664,664,4.205651423006202,cand_df60c6e48fac007eae2e,937.5977083469925,177.9286422596362914,True,0.0
101,100,937.5977083469925,177.9286422596362914,126,0,0,0,126,660,660,4.177507321997837,cand_5b7d924a788bf2305714,937.5478946795187,179.6760541584332874,True,0.0
102,101,937.5478946795187,179.6760541584332874,125,0,0,0,125,654,654,4.274568763998104,cand_c0609d46dd5c82cc2486,937.5000130610816,181.4234660572302834,True,0.0
103,102,937.5000130610816,181.4234660572302834,124,0,0,2,122,645,645,4.17181795900251,cand_4805f0d30026df8f6484,936.4451352829235,183.1708779560272794,True,0.016129032258064516
104,103,936.4451352829235,183.1708779560272794,123,0,0,0,123,646,646,4.161841775996436,cand_ac94b02b624db07543c6,936.4095188445674,184.9182898548242754,True,0.0
105,104,936.4095188445674,184.9182898548242754,122,0,0,0,122,645,645,4.140980222997314,cand_facb4600507005739399,936.3941283465638,186.6657017536212714,True,0.0
106,105,936.3941283465638,186.6657017536212714,121,0,0,0,121,640,640,4.183674723004515,cand_5156234abdd021959e64,936.3841286440054,188.4131136524182674,True,0.0
107,106,936.3841286440054,188.4131136524182674,120,0,0,0,120,635,635,4.129322029999457,cand_2cb6a897e76ad672bd39,936.3751093383299,190.1605255512152634,True,0.0
108,107,936.3751093383299,190.1605255512152634,119,0,0,0,119,631,631,4.25111228699825,cand_4d492ec06bf28997e96a,936.3662315167903,191.9079374500122594,True,0.0
109,108,936.3662315167903,191.9079374500122594,118,0,0,0,118,623,623,4.198320037998201,cand_74a354f6deffa32929a3,936.3616314558348,193.6553493488092554,True,0.0
110,109,936.3616314558348,193.6553493488092554,117,0,0,0,117,616,616,4.2885492839996004,cand_7adaf5095a7c23451601,936.3584041825216,195.4027612476062514,True,0.0
111,110,936.3584041825216,195.4027612476062514,116,0,0,0,116,614,614,4.258434112998657,,936.3584041825216,195.4027612476062514,False,0.0
