config_id,name,source,selected_design,selected_count,mcv_count,fd_count,includes_absent_native,overlap,status,same_realization,objective,hypothetical_objective,physical_objective,estimate_vector_digest,hypothetical_estimate_vector_digest,physical_estimate_vector_digest,query_count,physical_payload_match,estimate_exact_count,q_error_exact_count,selected_payload_exact_count,full_repository_payload_exact_count,ordinary_statistics_digest,relation_metadata_digest,h_rebuild_seconds,h_evaluation_seconds,p_rebuild_seconds,p_evaluation_seconds,wall_seconds
cfg-01,empty,empty design,[],0,0,0,False,False,PASS,True,42791.986480127205,42791.986480127205,42791.986480127205,f3254350d068cbd625fffd5537cd25573961da71779977e73811c1d6acb4a93f,f3254350d068cbd625fffd5537cd25573961da71779977e73811c1d6acb4a93f,f3254350d068cbd625fffd5537cd25573961da71779977e73811c1d6acb4a93f,1963,True,1963,1963,0,72,bf6db08fd40e3873e1fc51675b0ff77de011b20fa20bcdf4f2e5817c4f7fc4fc,2719280b2687ede4c6dd367cd65a1228e35cc5769169cd9c37416f2627b300bf,0.5512221570006659,0.7864191680000658,0.0936944940003741,0.33478596699933405,1.8555533060007292
cfg-02,mcv-singleton,MCV singleton,['cand_c614cf6de073226f0aa4'],1,1,0,False,False,PASS,True,40246.67365894937,40246.67365894937,40246.67365894937,a9cac00dcfb085f9c53c2cf11352c56ebc86d90e616ea55071241e1dcba3b98b,a9cac00dcfb085f9c53c2cf11352c56ebc86d90e616ea55071241e1dcba3b98b,a9cac00dcfb085f9c53c2cf11352c56ebc86d90e616ea55071241e1dcba3b98b,1963,True,1963,1963,1,72,bf6db08fd40e3873e1fc51675b0ff77de011b20fa20bcdf4f2e5817c4f7fc4fc,2719280b2687ede4c6dd367cd65a1228e35cc5769169cd9c37416f2627b300bf,0.4991837100005796,0.7240960070012079,0.09045893199981947,0.2922416069995961,1.6877060999995592
cfg-03,fd-singleton,FD singleton,['cand_850ffdf5fc1ceee3e08d'],1,0,1,False,False,PASS,True,43810.692739007936,43810.692739007936,43810.692739007936,6529d0e5a3adbb593660045a4d75b77658c794e25cc34e3fe7d3cbe91c075066,6529d0e5a3adbb593660045a4d75b77658c794e25cc34e3fe7d3cbe91c075066,6529d0e5a3adbb593660045a4d75b77658c794e25cc34e3fe7d3cbe91c075066,1963,True,1963,1963,1,72,bf6db08fd40e3873e1fc51675b0ff77de011b20fa20bcdf4f2e5817c4f7fc4fc,2719280b2687ede4c6dd367cd65a1228e35cc5769169cd9c37416f2627b300bf,0.5030946299993957,0.7578702939990762,0.09460423299969989,0.29192850300023565,1.727117738000743
cfg-04,absent-native-singleton,ABSENT_NATIVE singleton,['cand_6b0e7e9b7d7eb883405b'],1,0,1,True,False,PASS,True,42791.986480127205,42791.986480127205,42791.986480127205,f3254350d068cbd625fffd5537cd25573961da71779977e73811c1d6acb4a93f,f3254350d068cbd625fffd5537cd25573961da71779977e73811c1d6acb4a93f,f3254350d068cbd625fffd5537cd25573961da71779977e73811c1d6acb4a93f,1963,True,1963,1963,1,72,bf6db08fd40e3873e1fc51675b0ff77de011b20fa20bcdf4f2e5817c4f7fc4fc,2719280b2687ede4c6dd367cd65a1228e35cc5769169cd9c37416f2627b300bf,0.47215397599939024,0.7297934510006598,0.09740369700011797,0.29011033800088626,1.665636079998876
cfg-05,mcv-small,first three MCV candidates,"['cand_c614cf6de073226f0aa4', 'cand_f5f353d914b36187882c', 'cand_ea5acfb9a4e9bf9c4ee2']",3,3,0,False,True,PASS,True,40248.472509638756,40248.472509638756,40248.472509638756,3e160dbdef70a9448df35fe5eb3bf682ff16c77819dd91ab4874c91bdc4abcb6,3e160dbdef70a9448df35fe5eb3bf682ff16c77819dd91ab4874c91bdc4abcb6,3e160dbdef70a9448df35fe5eb3bf682ff16c77819dd91ab4874c91bdc4abcb6,1963,True,1963,1963,3,72,bf6db08fd40e3873e1fc51675b0ff77de011b20fa20bcdf4f2e5817c4f7fc4fc,2719280b2687ede4c6dd367cd65a1228e35cc5769169cd9c37416f2627b300bf,0.46994477000043844,0.7106225569987146,0.10649637300048198,0.30710575500052073,1.670455827999831
cfg-06,fd-small,first three FD candidates,"['cand_850ffdf5fc1ceee3e08d', 'cand_9a47b4882350bf5fccf9', 'cand_6b0e7e9b7d7eb883405b']",3,0,3,True,True,PASS,True,43807.45757218062,43807.45757218062,43807.45757218062,8f752fe27dce87986ee1c28be696ee4056b493c81b9ba5a9ed22bbe523e4bfa6,8f752fe27dce87986ee1c28be696ee4056b493c81b9ba5a9ed22bbe523e4bfa6,8f752fe27dce87986ee1c28be696ee4056b493c81b9ba5a9ed22bbe523e4bfa6,1963,True,1963,1963,3,72,bf6db08fd40e3873e1fc51675b0ff77de011b20fa20bcdf4f2e5817c4f7fc4fc,2719280b2687ede4c6dd367cd65a1228e35cc5769169cd9c37416f2627b300bf,0.5137335690014879,0.742702310999448,0.10755008300111513,0.27069348199984233,1.7122348449993297
cfg-07,mixed-small,two MCV plus two FD,"['cand_c614cf6de073226f0aa4', 'cand_f5f353d914b36187882c', 'cand_850ffdf5fc1ceee3e08d', 'cand_9a47b4882350bf5fccf9']",4,2,2,False,True,PASS,True,40247.81266675045,40247.81266675045,40247.81266675045,3492b33737f41737385cfc82739a7fc1e44d1e1231ff6dee75a18d48b14ef43c,3492b33737f41737385cfc82739a7fc1e44d1e1231ff6dee75a18d48b14ef43c,3492b33737f41737385cfc82739a7fc1e44d1e1231ff6dee75a18d48b14ef43c,1963,True,1963,1963,4,72,bf6db08fd40e3873e1fc51675b0ff77de011b20fa20bcdf4f2e5817c4f7fc4fc,2719280b2687ede4c6dd367cd65a1228e35cc5769169cd9c37416f2627b300bf,0.4858214729993051,0.7305796130003728,0.10163329699935275,0.284575727999254,1.6807669779991556
cfg-08,same-columns-mcv-fd,same-column MCV/FD pair,"['cand_c614cf6de073226f0aa4', 'cand_850ffdf5fc1ceee3e08d']",2,1,1,False,True,PASS,True,40246.67365894937,40246.67365894937,40246.67365894937,a9cac00dcfb085f9c53c2cf11352c56ebc86d90e616ea55071241e1dcba3b98b,a9cac00dcfb085f9c53c2cf11352c56ebc86d90e616ea55071241e1dcba3b98b,a9cac00dcfb085f9c53c2cf11352c56ebc86d90e616ea55071241e1dcba3b98b,1963,True,1963,1963,2,72,bf6db08fd40e3873e1fc51675b0ff77de011b20fa20bcdf4f2e5817c4f7fc4fc,2719280b2687ede4c6dd367cd65a1228e35cc5769169cd9c37416f2627b300bf,0.4876512390001153,0.710058567001397,0.09998919700046827,0.2670888479988207,1.644098667000435
cfg-09,mcv-medium,first eight MCV candidates,"['cand_c614cf6de073226f0aa4', 'cand_f5f353d914b36187882c', 'cand_ea5acfb9a4e9bf9c4ee2', 'cand_f94acad130c4ac5b3553', 'cand_6ca6020979af5e5766a4', 'cand_08a7c0809e27527cb40f', 'cand_e25a986fe1b364e78595', 'cand_bc69a49224dd80292b07']",8,8,0,False,True,PASS,True,40236.25127585438,40236.25127585438,40236.25127585438,e60459b000e888cb0fe747d9db262dea223a705526bbc1e4897dc8cb1eda9fc4,e60459b000e888cb0fe747d9db262dea223a705526bbc1e4897dc8cb1eda9fc4,e60459b000e888cb0fe747d9db262dea223a705526bbc1e4897dc8cb1eda9fc4,1963,True,1963,1963,8,72,bf6db08fd40e3873e1fc51675b0ff77de011b20fa20bcdf4f2e5817c4f7fc4fc,2719280b2687ede4c6dd367cd65a1228e35cc5769169cd9c37416f2627b300bf,0.48319554299996526,0.7613118860008399,0.12031643699992856,0.30633744199985813,1.747860204999597
cfg-10,fd-medium,first eight FD candidates,"['cand_850ffdf5fc1ceee3e08d', 'cand_9a47b4882350bf5fccf9', 'cand_6b0e7e9b7d7eb883405b', 'cand_0715050eb032f5528139', 'cand_79ef5e4c653bbbb46dec', 'cand_835deeb29a9e7947a98b', 'cand_b6cafc68143c6fa37e85', 'cand_f002ec4adfff3911240b']",8,0,8,True,True,PASS,True,43671.80369057236,43671.80369057236,43671.80369057236,e776d4fdaaf1a3fbb6165b8ab394a6e62537791b5cff610ae61a08f0957f5126,e776d4fdaaf1a3fbb6165b8ab394a6e62537791b5cff610ae61a08f0957f5126,e776d4fdaaf1a3fbb6165b8ab394a6e62537791b5cff610ae61a08f0957f5126,1963,True,1963,1963,8,72,bf6db08fd40e3873e1fc51675b0ff77de011b20fa20bcdf4f2e5817c4f7fc4fc,2719280b2687ede4c6dd367cd65a1228e35cc5769169cd9c37416f2627b300bf,0.5001899440012494,0.7628810759997577,0.1347119929996552,0.2770257650008716,1.7538415149992943
cfg-11,mixed-medium,five MCV plus five FD,"['cand_c614cf6de073226f0aa4', 'cand_f5f353d914b36187882c', 'cand_ea5acfb9a4e9bf9c4ee2', 'cand_f94acad130c4ac5b3553', 'cand_6ca6020979af5e5766a4', 'cand_850ffdf5fc1ceee3e08d', 'cand_9a47b4882350bf5fccf9', 'cand_6b0e7e9b7d7eb883405b', 'cand_0715050eb032f5528139', 'cand_79ef5e4c653bbbb46dec']",10,5,5,True,True,PASS,True,40236.25883666133,40236.25883666133,40236.25883666133,08bb2a3d6156a6a82549a89a72104eecd4113649f1919765541f2d0610df500d,08bb2a3d6156a6a82549a89a72104eecd4113649f1919765541f2d0610df500d,08bb2a3d6156a6a82549a89a72104eecd4113649f1919765541f2d0610df500d,1963,True,1963,1963,10,72,bf6db08fd40e3873e1fc51675b0ff77de011b20fa20bcdf4f2e5817c4f7fc4fc,2719280b2687ede4c6dd367cd65a1228e35cc5769169cd9c37416f2627b300bf,0.509600370998669,0.7064896909996605,0.13822869300020102,0.28503356900000654,1.7174945080005273
cfg-12,mcv-large,all MCV candidates,"['cand_c614cf6de073226f0aa4', 'cand_f5f353d914b36187882c', 'cand_ea5acfb9a4e9bf9c4ee2', 'cand_f94acad130c4ac5b3553', 'cand_6ca6020979af5e5766a4', 'cand_08a7c0809e27527cb40f', 'cand_e25a986fe1b364e78595', 'cand_bc69a49224dd80292b07', 'cand_4818ce79b7b4b07709c2', 'cand_9f93544dce1d63b0f711', 'cand_c6f83d66ce3d1e079f11', 'cand_1f420ce5268e234e658c', 'cand_67f23918cdad906be4ea', 'cand_7513ba127d94672ed612', 'cand_b8a5e9986c1d9a33b825', 'cand_93041865e5a926191d54', 'cand_f9cdb92e50791f0d58b6', 'cand_2408bc6708d3e202809c', 'cand_560443d79842b416ea0d', 'cand_72a4065afe7511935b18', 'cand_0fdc909a2a3cf9718db9', 'cand_7531356383a7948fede1', 'cand_d0bacba4d271fabbb378', 'cand_323246ee68602507a57d', 'cand_1f373962efd7e5718e85', 'cand_6161166747fb16ce38eb', 'cand_0275ee8f6b218bf6a5a1', 'cand_799d0072c9c0e8bc7bb8', 'cand_5005700887020f58d09a', 'cand_b18e2586ffe14b36f703', 'cand_7bad1214667cfa5a9e86', 'cand_d81088ebd0b428f317e8', 'cand_2cc7a6ce91fea1a3633f', 'cand_a5d58adc88429a8a1a93', 'cand_4647f51bb46042cafc21', 'cand_4766516fe513466787e9']",36,36,0,False,True,PASS,True,40257.25765711435,40257.25765711435,40257.25765711435,c60469d20afc444b0190fe89880281d60a86270bd3cb8bd95ee9e3670ab82371,c60469d20afc444b0190fe89880281d60a86270bd3cb8bd95ee9e3670ab82371,c60469d20afc444b0190fe89880281d60a86270bd3cb8bd95ee9e3670ab82371,1963,True,1963,1963,36,72,bf6db08fd40e3873e1fc51675b0ff77de011b20fa20bcdf4f2e5817c4f7fc4fc,2719280b2687ede4c6dd367cd65a1228e35cc5769169cd9c37416f2627b300bf,0.48571280800024397,0.7293820499999129,0.2265859349990933,0.3198497449993738,1.8353633039987471
cfg-13,fd-large,all FD candidates,"['cand_850ffdf5fc1ceee3e08d', 'cand_9a47b4882350bf5fccf9', 'cand_6b0e7e9b7d7eb883405b', 'cand_0715050eb032f5528139', 'cand_79ef5e4c653bbbb46dec', 'cand_835deeb29a9e7947a98b', 'cand_b6cafc68143c6fa37e85', 'cand_f002ec4adfff3911240b', 'cand_d17d4fee04bca1295fdb', 'cand_aea8cd0109869655caf1', 'cand_c7f3b001bf1756cd2ed9', 'cand_a06f9852e67c463f73a2', 'cand_044e770ab213d0ef37b1', 'cand_01b1f84ca5c01d3f532f', 'cand_cfb64b0bf69c059cd760', 'cand_bfad1c9b37411e1a5d68', 'cand_6505783b203dc0346b49', 'cand_7b08320f31dae1c5e9f4', 'cand_867399ba1c9a9eab8364', 'cand_e95bcd15c94c80f62716', 'cand_0ffaccec3f557491b6ba', 'cand_f457f7acd881e6884fac', 'cand_5e3a909effbf6f7d6e21', 'cand_cf35fb1b66d3371735fd', 'cand_4c7d493f98b0c50576d2', 'cand_663a31a8fc0678a2324b', 'cand_bb3c9704bc50457d0385', 'cand_a658273d38918de4ed71', 'cand_9e3965b9e6ab7faacc4e', 'cand_2bea04f8b2c85ff2a4e0', 'cand_d033eb981110aa21d3df', 'cand_0ef1e644231e36b17de7', 'cand_dd4fa07161dcf5def8eb', 'cand_86d407b8a724ee28f443', 'cand_5400d6d245a511006593', 'cand_d102d0d6903dbc44935f']",36,0,36,True,True,PASS,True,47011.45735473652,47011.45735473652,47011.45735473652,c70141974894b3dafac07f49456ac9d6b0bc3873a6abf83878c18b46e757ce55,c70141974894b3dafac07f49456ac9d6b0bc3873a6abf83878c18b46e757ce55,c70141974894b3dafac07f49456ac9d6b0bc3873a6abf83878c18b46e757ce55,1963,True,1963,1963,36,72,bf6db08fd40e3873e1fc51675b0ff77de011b20fa20bcdf4f2e5817c4f7fc4fc,2719280b2687ede4c6dd367cd65a1228e35cc5769169cd9c37416f2627b300bf,0.48262601799979166,0.7149865769988537,0.29099245900033566,0.28461513799993554,1.8484691679987009
cfg-14,full-universe,all 72 candidates,"['cand_c614cf6de073226f0aa4', 'cand_f5f353d914b36187882c', 'cand_ea5acfb9a4e9bf9c4ee2', 'cand_f94acad130c4ac5b3553', 'cand_6ca6020979af5e5766a4', 'cand_08a7c0809e27527cb40f', 'cand_e25a986fe1b364e78595', 'cand_bc69a49224dd80292b07', 'cand_4818ce79b7b4b07709c2', 'cand_9f93544dce1d63b0f711', 'cand_c6f83d66ce3d1e079f11', 'cand_1f420ce5268e234e658c', 'cand_67f23918cdad906be4ea', 'cand_7513ba127d94672ed612', 'cand_b8a5e9986c1d9a33b825', 'cand_93041865e5a926191d54', 'cand_f9cdb92e50791f0d58b6', 'cand_2408bc6708d3e202809c', 'cand_560443d79842b416ea0d', 'cand_72a4065afe7511935b18', 'cand_0fdc909a2a3cf9718db9', 'cand_7531356383a7948fede1', 'cand_d0bacba4d271fabbb378', 'cand_323246ee68602507a57d', 'cand_1f373962efd7e5718e85', 'cand_6161166747fb16ce38eb', 'cand_0275ee8f6b218bf6a5a1', 'cand_799d0072c9c0e8bc7bb8', 'cand_5005700887020f58d09a', 'cand_b18e2586ffe14b36f703', 'cand_7bad1214667cfa5a9e86', 'cand_d81088ebd0b428f317e8', 'cand_2cc7a6ce91fea1a3633f', 'cand_a5d58adc88429a8a1a93', 'cand_4647f51bb46042cafc21', 'cand_4766516fe513466787e9', 'cand_850ffdf5fc1ceee3e08d', 'cand_9a47b4882350bf5fccf9', 'cand_6b0e7e9b7d7eb883405b', 'cand_0715050eb032f5528139', 'cand_79ef5e4c653bbbb46dec', 'cand_835deeb29a9e7947a98b', 'cand_b6cafc68143c6fa37e85', 'cand_f002ec4adfff3911240b', 'cand_d17d4fee04bca1295fdb', 'cand_aea8cd0109869655caf1', 'cand_c7f3b001bf1756cd2ed9', 'cand_a06f9852e67c463f73a2', 'cand_044e770ab213d0ef37b1', 'cand_01b1f84ca5c01d3f532f', 'cand_cfb64b0bf69c059cd760', 'cand_bfad1c9b37411e1a5d68', 'cand_6505783b203dc0346b49', 'cand_7b08320f31dae1c5e9f4', 'cand_867399ba1c9a9eab8364', 'cand_e95bcd15c94c80f62716', 'cand_0ffaccec3f557491b6ba', 'cand_f457f7acd881e6884fac', 'cand_5e3a909effbf6f7d6e21', 'cand_cf35fb1b66d3371735fd', 'cand_4c7d493f98b0c50576d2', 'cand_663a31a8fc0678a2324b', 'cand_bb3c9704bc50457d0385', 'cand_a658273d38918de4ed71', 'cand_9e3965b9e6ab7faacc4e', 'cand_2bea04f8b2c85ff2a4e0', 'cand_d033eb981110aa21d3df', 'cand_0ef1e644231e36b17de7', 'cand_dd4fa07161dcf5def8eb', 'cand_86d407b8a724ee28f443', 'cand_5400d6d245a511006593', 'cand_d102d0d6903dbc44935f']",72,36,36,True,True,PASS,True,40257.25765711435,40257.25765711435,40257.25765711435,c60469d20afc444b0190fe89880281d60a86270bd3cb8bd95ee9e3670ab82371,c60469d20afc444b0190fe89880281d60a86270bd3cb8bd95ee9e3670ab82371,c60469d20afc444b0190fe89880281d60a86270bd3cb8bd95ee9e3670ab82371,1963,True,1963,1963,72,72,bf6db08fd40e3873e1fc51675b0ff77de011b20fa20bcdf4f2e5817c4f7fc4fc,2719280b2687ede4c6dd367cd65a1228e35cc5769169cd9c37416f2627b300bf,0.4746045159990899,0.8073751590000029,0.43829471100070805,0.32384244599961676,2.1255138070009707
cfg-15,trajectory-prefix-1,M2.17d accepted trajectory prefix 1,['cand_f94acad130c4ac5b3553'],1,1,0,False,False,PASS,True,22407.372654482235,22407.372654482235,22407.372654482235,1a561d45e50c7526b5c485ce84d4b6808d4d8118f5f8215d216e6e602d54adb0,1a561d45e50c7526b5c485ce84d4b6808d4d8118f5f8215d216e6e602d54adb0,1a561d45e50c7526b5c485ce84d4b6808d4d8118f5f8215d216e6e602d54adb0,1963,True,1963,1963,1,72,bf6db08fd40e3873e1fc51675b0ff77de011b20fa20bcdf4f2e5817c4f7fc4fc,2719280b2687ede4c6dd367cd65a1228e35cc5769169cd9c37416f2627b300bf,0.4930390860008629,0.7950826210017112,0.09422614600043744,0.3227838379989407,1.790016900999035
cfg-16,trajectory-prefix-5,M2.17d accepted trajectory prefix 5,"['cand_f94acad130c4ac5b3553', 'cand_6ca6020979af5e5766a4', 'cand_c6f83d66ce3d1e079f11', 'cand_1f420ce5268e234e658c', 'cand_bb3c9704bc50457d0385']",5,4,1,False,True,PASS,True,22060.692616801265,22060.692616801265,22060.692616801265,26b94cc5f0a3f9c261b373baeb1d4344c7b2e476e92de5ade3fd97610404440a,26b94cc5f0a3f9c261b373baeb1d4344c7b2e476e92de5ade3fd97610404440a,26b94cc5f0a3f9c261b373baeb1d4344c7b2e476e92de5ade3fd97610404440a,1963,True,1963,1963,5,72,bf6db08fd40e3873e1fc51675b0ff77de011b20fa20bcdf4f2e5817c4f7fc4fc,2719280b2687ede4c6dd367cd65a1228e35cc5769169cd9c37416f2627b300bf,0.4872292159998324,0.8131943919997866,0.11409050500151352,0.3535143519984558,1.8486368149988266
cfg-17,trajectory-prefix-10,M2.17d accepted trajectory prefix 10,"['cand_f94acad130c4ac5b3553', 'cand_6ca6020979af5e5766a4', 'cand_c6f83d66ce3d1e079f11', 'cand_1f420ce5268e234e658c', 'cand_93041865e5a926191d54', 'cand_560443d79842b416ea0d', 'cand_7531356383a7948fede1', 'cand_850ffdf5fc1ceee3e08d', 'cand_663a31a8fc0678a2324b', 'cand_bb3c9704bc50457d0385']",10,7,3,False,True,PASS,True,22017.197203128668,22017.197203128668,22017.197203128668,703a2bc7e56e5b0c198cb882b1929620c8bd72609378ed1b01af0aafa9fbc744,703a2bc7e56e5b0c198cb882b1929620c8bd72609378ed1b01af0aafa9fbc744,703a2bc7e56e5b0c198cb882b1929620c8bd72609378ed1b01af0aafa9fbc744,1963,True,1963,1963,10,72,bf6db08fd40e3873e1fc51675b0ff77de011b20fa20bcdf4f2e5817c4f7fc4fc,2719280b2687ede4c6dd367cd65a1228e35cc5769169cd9c37416f2627b300bf,0.4933902760003548,0.8555741780000972,0.14425601800030563,0.2937956940004369,1.8678628230009053
cfg-18,trajectory-prefix-20,M2.17d accepted trajectory prefix 20,"['cand_f94acad130c4ac5b3553', 'cand_6ca6020979af5e5766a4', 'cand_c6f83d66ce3d1e079f11', 'cand_1f420ce5268e234e658c', 'cand_93041865e5a926191d54', 'cand_560443d79842b416ea0d', 'cand_0fdc909a2a3cf9718db9', 'cand_7531356383a7948fede1', 'cand_850ffdf5fc1ceee3e08d', 'cand_b6cafc68143c6fa37e85', 'cand_f002ec4adfff3911240b', 'cand_044e770ab213d0ef37b1', 'cand_cfb64b0bf69c059cd760', 'cand_cf35fb1b66d3371735fd', 'cand_663a31a8fc0678a2324b', 'cand_bb3c9704bc50457d0385', 'cand_9e3965b9e6ab7faacc4e', 'cand_2bea04f8b2c85ff2a4e0', 'cand_0ef1e644231e36b17de7', 'cand_dd4fa07161dcf5def8eb']",20,8,12,False,True,PASS,True,22014.100408967963,22014.100408967963,22014.100408967963,39b4d4751f55a8fd7809cdaaebaebbd6a015caf02ec45374d86deddd58a3c53c,39b4d4751f55a8fd7809cdaaebaebbd6a015caf02ec45374d86deddd58a3c53c,39b4d4751f55a8fd7809cdaaebaebbd6a015caf02ec45374d86deddd58a3c53c,1963,True,1963,1963,20,72,bf6db08fd40e3873e1fc51675b0ff77de011b20fa20bcdf4f2e5817c4f7fc4fc,2719280b2687ede4c6dd367cd65a1228e35cc5769169cd9c37416f2627b300bf,0.4946736020010576,0.7958439029989677,0.19417808199978026,0.3248707420007122,1.888340227998924
cfg-19,trajectory-prefix-30,M2.17d accepted trajectory prefix 30,"['cand_f94acad130c4ac5b3553', 'cand_6ca6020979af5e5766a4', 'cand_c6f83d66ce3d1e079f11', 'cand_1f420ce5268e234e658c', 'cand_93041865e5a926191d54', 'cand_560443d79842b416ea0d', 'cand_0fdc909a2a3cf9718db9', 'cand_7531356383a7948fede1', 'cand_850ffdf5fc1ceee3e08d', 'cand_9a47b4882350bf5fccf9', 'cand_835deeb29a9e7947a98b', 'cand_b6cafc68143c6fa37e85', 'cand_f002ec4adfff3911240b', 'cand_d17d4fee04bca1295fdb', 'cand_044e770ab213d0ef37b1', 'cand_cfb64b0bf69c059cd760', 'cand_6505783b203dc0346b49', 'cand_7b08320f31dae1c5e9f4', 'cand_e95bcd15c94c80f62716', 'cand_5e3a909effbf6f7d6e21', 'cand_cf35fb1b66d3371735fd', 'cand_663a31a8fc0678a2324b', 'cand_bb3c9704bc50457d0385', 'cand_a658273d38918de4ed71', 'cand_9e3965b9e6ab7faacc4e', 'cand_2bea04f8b2c85ff2a4e0', 'cand_d033eb981110aa21d3df', 'cand_0ef1e644231e36b17de7', 'cand_dd4fa07161dcf5def8eb', 'cand_d102d0d6903dbc44935f']",30,8,22,False,True,PASS,True,22014.061481271827,22014.061481271827,22014.061481271827,f4eaaa9e7340c30fc9069d6eb453d1bd21171e7a2da2599ae90cc7831b949f5f,f4eaaa9e7340c30fc9069d6eb453d1bd21171e7a2da2599ae90cc7831b949f5f,f4eaaa9e7340c30fc9069d6eb453d1bd21171e7a2da2599ae90cc7831b949f5f,1963,True,1963,1963,30,72,bf6db08fd40e3873e1fc51675b0ff77de011b20fa20bcdf4f2e5817c4f7fc4fc,2719280b2687ede4c6dd367cd65a1228e35cc5769169cd9c37416f2627b300bf,0.4840710919997946,0.7588666310002736,0.24167108599976928,0.29850605399951746,1.8609368960005668
cfg-20,final-design-31,M2.17d final 31-object design,"['cand_f94acad130c4ac5b3553', 'cand_6ca6020979af5e5766a4', 'cand_c6f83d66ce3d1e079f11', 'cand_1f420ce5268e234e658c', 'cand_93041865e5a926191d54', 'cand_560443d79842b416ea0d', 'cand_0fdc909a2a3cf9718db9', 'cand_7531356383a7948fede1', 'cand_850ffdf5fc1ceee3e08d', 'cand_9a47b4882350bf5fccf9', 'cand_835deeb29a9e7947a98b', 'cand_b6cafc68143c6fa37e85', 'cand_f002ec4adfff3911240b', 'cand_d17d4fee04bca1295fdb', 'cand_044e770ab213d0ef37b1', 'cand_cfb64b0bf69c059cd760', 'cand_6505783b203dc0346b49', 'cand_7b08320f31dae1c5e9f4', 'cand_e95bcd15c94c80f62716', 'cand_5e3a909effbf6f7d6e21', 'cand_cf35fb1b66d3371735fd', 'cand_663a31a8fc0678a2324b', 'cand_bb3c9704bc50457d0385', 'cand_a658273d38918de4ed71', 'cand_9e3965b9e6ab7faacc4e', 'cand_2bea04f8b2c85ff2a4e0', 'cand_d033eb981110aa21d3df', 'cand_0ef1e644231e36b17de7', 'cand_dd4fa07161dcf5def8eb', 'cand_5400d6d245a511006593', 'cand_d102d0d6903dbc44935f']",31,8,23,False,True,PASS,True,22014.061316846422,22014.061316846422,22014.061316846422,24cc3f4f9cc2e4987d877e4bb7874f458cf84a9aa781733adb5d3a29189551a4,24cc3f4f9cc2e4987d877e4bb7874f458cf84a9aa781733adb5d3a29189551a4,24cc3f4f9cc2e4987d877e4bb7874f458cf84a9aa781733adb5d3a29189551a4,1963,True,1963,1963,31,72,bf6db08fd40e3873e1fc51675b0ff77de011b20fa20bcdf4f2e5817c4f7fc4fc,2719280b2687ede4c6dd367cd65a1228e35cc5769169cd9c37416f2627b300bf,0.4523935130000609,0.7085304779993749,0.23005871700115677,0.29065929900025367,1.7542738759984786
cfg-21,random-7,deterministic random subset seed 20261001 size 7,"['cand_93041865e5a926191d54', 'cand_72a4065afe7511935b18', 'cand_7bad1214667cfa5a9e86', 'cand_835deeb29a9e7947a98b', 'cand_c7f3b001bf1756cd2ed9', 'cand_cfb64b0bf69c059cd760', 'cand_0ef1e644231e36b17de7']",7,3,4,False,True,PASS,True,45795.201337111925,45795.201337111925,45795.201337111925,21bc63c7285ff390076032272827f39662c2b9b4387274d1e454dc1b2c3521a6,21bc63c7285ff390076032272827f39662c2b9b4387274d1e454dc1b2c3521a6,21bc63c7285ff390076032272827f39662c2b9b4387274d1e454dc1b2c3521a6,1963,True,1963,1963,7,72,bf6db08fd40e3873e1fc51675b0ff77de011b20fa20bcdf4f2e5817c4f7fc4fc,2719280b2687ede4c6dd367cd65a1228e35cc5769169cd9c37416f2627b300bf,0.48105345299882174,0.7214497940003639,0.11864081000021542,0.2791635649991804,1.6749856440001167
cfg-22,random-17,deterministic random subset seed 20261001 size 17,"['cand_6ca6020979af5e5766a4', 'cand_9f93544dce1d63b0f711', 'cand_67f23918cdad906be4ea', 'cand_f9cdb92e50791f0d58b6', 'cand_2408bc6708d3e202809c', 'cand_323246ee68602507a57d', 'cand_1f373962efd7e5718e85', 'cand_6161166747fb16ce38eb', 'cand_799d0072c9c0e8bc7bb8', 'cand_850ffdf5fc1ceee3e08d', 'cand_f002ec4adfff3911240b', 'cand_044e770ab213d0ef37b1', 'cand_bfad1c9b37411e1a5d68', 'cand_6505783b203dc0346b49', 'cand_0ffaccec3f557491b6ba', 'cand_cf35fb1b66d3371735fd', 'cand_86d407b8a724ee28f443']",17,9,8,True,True,PASS,True,44119.243489127024,44119.243489127024,44119.243489127024,8a9f57ea13a730fa8b23789ee61484ffe8a38633b80c9c4e945024086f5bef86,8a9f57ea13a730fa8b23789ee61484ffe8a38633b80c9c4e945024086f5bef86,8a9f57ea13a730fa8b23789ee61484ffe8a38633b80c9c4e945024086f5bef86,1963,True,1963,1963,17,72,bf6db08fd40e3873e1fc51675b0ff77de011b20fa20bcdf4f2e5817c4f7fc4fc,2719280b2687ede4c6dd367cd65a1228e35cc5769169cd9c37416f2627b300bf,0.4498850210002274,0.7024560869995184,0.17735798200010322,0.3183353009990242,1.7224720000012894
cfg-23,random-29,deterministic random subset seed 20261001 size 29,"['cand_f94acad130c4ac5b3553', 'cand_e25a986fe1b364e78595', 'cand_bc69a49224dd80292b07', 'cand_1f420ce5268e234e658c', 'cand_323246ee68602507a57d', 'cand_1f373962efd7e5718e85', 'cand_0275ee8f6b218bf6a5a1', 'cand_799d0072c9c0e8bc7bb8', 'cand_5005700887020f58d09a', 'cand_b18e2586ffe14b36f703', 'cand_d81088ebd0b428f317e8', 'cand_2cc7a6ce91fea1a3633f', 'cand_a5d58adc88429a8a1a93', 'cand_9a47b4882350bf5fccf9', 'cand_79ef5e4c653bbbb46dec', 'cand_835deeb29a9e7947a98b', 'cand_f002ec4adfff3911240b', 'cand_d17d4fee04bca1295fdb', 'cand_aea8cd0109869655caf1', 'cand_c7f3b001bf1756cd2ed9', 'cand_bfad1c9b37411e1a5d68', 'cand_6505783b203dc0346b49', 'cand_867399ba1c9a9eab8364', 'cand_f457f7acd881e6884fac', 'cand_663a31a8fc0678a2324b', 'cand_a658273d38918de4ed71', 'cand_2bea04f8b2c85ff2a4e0', 'cand_0ef1e644231e36b17de7', 'cand_86d407b8a724ee28f443']",29,13,16,True,True,PASS,True,22380.095962944568,22380.095962944568,22380.095962944568,1629f75d75badf1ce9732ee779765a8eb2e77ae2639cb237184fc5d6d8693456,1629f75d75badf1ce9732ee779765a8eb2e77ae2639cb237184fc5d6d8693456,1629f75d75badf1ce9732ee779765a8eb2e77ae2639cb237184fc5d6d8693456,1963,True,1963,1963,29,72,bf6db08fd40e3873e1fc51675b0ff77de011b20fa20bcdf4f2e5817c4f7fc4fc,2719280b2687ede4c6dd367cd65a1228e35cc5769169cd9c37416f2627b300bf,0.5213864050001575,0.8141526660001546,0.2389080909997574,0.33071397400090063,1.9850702160001674
cfg-24,random-43,deterministic random subset seed 20261001 size 43,"['cand_ea5acfb9a4e9bf9c4ee2', 'cand_f94acad130c4ac5b3553', 'cand_08a7c0809e27527cb40f', 'cand_e25a986fe1b364e78595', 'cand_bc69a49224dd80292b07', 'cand_4818ce79b7b4b07709c2', 'cand_9f93544dce1d63b0f711', 'cand_67f23918cdad906be4ea', 'cand_7513ba127d94672ed612', 'cand_b8a5e9986c1d9a33b825', 'cand_93041865e5a926191d54', 'cand_f9cdb92e50791f0d58b6', 'cand_2408bc6708d3e202809c', 'cand_0fdc909a2a3cf9718db9', 'cand_7531356383a7948fede1', 'cand_323246ee68602507a57d', 'cand_5005700887020f58d09a', 'cand_b18e2586ffe14b36f703', 'cand_7bad1214667cfa5a9e86', 'cand_d81088ebd0b428f317e8', 'cand_a5d58adc88429a8a1a93', 'cand_850ffdf5fc1ceee3e08d', 'cand_9a47b4882350bf5fccf9', 'cand_0715050eb032f5528139', 'cand_835deeb29a9e7947a98b', 'cand_b6cafc68143c6fa37e85', 'cand_d17d4fee04bca1295fdb', 'cand_c7f3b001bf1756cd2ed9', 'cand_044e770ab213d0ef37b1', 'cand_01b1f84ca5c01d3f532f', 'cand_cfb64b0bf69c059cd760', 'cand_6505783b203dc0346b49', 'cand_867399ba1c9a9eab8364', 'cand_e95bcd15c94c80f62716', 'cand_0ffaccec3f557491b6ba', 'cand_f457f7acd881e6884fac', 'cand_4c7d493f98b0c50576d2', 'cand_bb3c9704bc50457d0385', 'cand_2bea04f8b2c85ff2a4e0', 'cand_0ef1e644231e36b17de7', 'cand_86d407b8a724ee28f443', 'cand_5400d6d245a511006593', 'cand_d102d0d6903dbc44935f']",43,21,22,True,True,PASS,True,23801.99649755035,23801.99649755035,23801.99649755035,0517724ee13c29868c774038d3f781a51843dd71d4731d0ba36eee1a2477e2db,0517724ee13c29868c774038d3f781a51843dd71d4731d0ba36eee1a2477e2db,0517724ee13c29868c774038d3f781a51843dd71d4731d0ba36eee1a2477e2db,1963,True,1963,1963,43,72,bf6db08fd40e3873e1fc51675b0ff77de011b20fa20bcdf4f2e5817c4f7fc4fc,2719280b2687ede4c6dd367cd65a1228e35cc5769169cd9c37416f2627b300bf,0.49387664499954553,0.7504352739997557,0.2712823690017103,0.2926242039993667,1.8940234370002145
cfg-25,absent-mixed,ABSENT_NATIVE plus overlapping MCV/FD,"['cand_c614cf6de073226f0aa4', 'cand_f5f353d914b36187882c', 'cand_850ffdf5fc1ceee3e08d', 'cand_9a47b4882350bf5fccf9', 'cand_6b0e7e9b7d7eb883405b', 'cand_86d407b8a724ee28f443']",6,2,4,True,True,PASS,True,40247.81266675045,40247.81266675045,40247.81266675045,3492b33737f41737385cfc82739a7fc1e44d1e1231ff6dee75a18d48b14ef43c,3492b33737f41737385cfc82739a7fc1e44d1e1231ff6dee75a18d48b14ef43c,3492b33737f41737385cfc82739a7fc1e44d1e1231ff6dee75a18d48b14ef43c,1963,True,1963,1963,6,72,bf6db08fd40e3873e1fc51675b0ff77de011b20fa20bcdf4f2e5817c4f7fc4fc,2719280b2687ede4c6dd367cd65a1228e35cc5769169cd9c37416f2627b300bf,0.46123214999897755,0.6835703659999126,0.11174498999935167,0.26306537600066804,1.5987227249988791
cfg-26,precedence-overlap,precedence-ordered overlapping pairs,"['cand_c614cf6de073226f0aa4', 'cand_f5f353d914b36187882c', 'cand_ea5acfb9a4e9bf9c4ee2', 'cand_f94acad130c4ac5b3553', 'cand_6ca6020979af5e5766a4', 'cand_08a7c0809e27527cb40f', 'cand_850ffdf5fc1ceee3e08d', 'cand_9a47b4882350bf5fccf9', 'cand_6b0e7e9b7d7eb883405b', 'cand_0715050eb032f5528139', 'cand_79ef5e4c653bbbb46dec', 'cand_835deeb29a9e7947a98b']",12,6,6,True,True,PASS,True,40236.25863980539,40236.25863980539,40236.25863980539,98a423ab0419e67b58696191ee040f56660b33ba1b8da0e0149216bc9d933811,98a423ab0419e67b58696191ee040f56660b33ba1b8da0e0149216bc9d933811,98a423ab0419e67b58696191ee040f56660b33ba1b8da0e0149216bc9d933811,1963,True,1963,1963,12,72,bf6db08fd40e3873e1fc51675b0ff77de011b20fa20bcdf4f2e5817c4f7fc4fc,2719280b2687ede4c6dd367cd65a1228e35cc5769169cd9c37416f2627b300bf,0.45237495800029137,0.6980601519990159,0.13345387800109165,0.26574765499935893,1.6227415069988638
