repetition,config_id,estimate_vector_equal,objective_equal,payload_match,planner_calls_equal
1,cfg-0000,True,True,True,True
1,cfg-0001,True,True,True,True
1,cfg-0002,True,True,True,True
1,cfg-0003,True,True,True,True
1,cfg-0004,True,True,True,True
1,cfg-0005,True,True,True,True
1,cfg-0006,True,True,True,True
1,cfg-0007,True,True,True,True
1,cfg-0008,True,True,True,True
1,cfg-0009,True,True,True,True
1,cfg-0010,True,True,True,True
1,cfg-0011,True,True,True,True
1,cfg-0012,True,True,True,True
1,cfg-0013,True,True,True,True
1,cfg-0014,True,True,True,True
1,cfg-0015,True,True,True,True
1,cfg-0016,True,True,True,True
1,cfg-0017,True,True,True,True
1,cfg-0018,True,True,True,True
1,cfg-0019,True,True,True,True
1,cfg-0020,True,True,True,True
1,cfg-0021,True,True,True,True
1,cfg-0022,True,True,True,True
1,cfg-0023,True,True,True,True
1,cfg-0024,True,True,True,True
1,cfg-0025,True,True,True,True
1,cfg-0026,True,True,True,True
1,cfg-0027,True,True,True,True
1,cfg-0028,True,True,True,True
1,cfg-0029,True,True,True,True
1,cfg-0030,True,True,True,True
1,cfg-0031,True,True,True,True
1,cfg-0032,True,True,True,True
1,cfg-0033,True,True,True,True
1,cfg-0034,True,True,True,True
1,cfg-0035,True,True,True,True
1,cfg-0036,True,True,True,True
1,cfg-0037,True,True,True,True
1,cfg-0038,True,True,True,True
1,cfg-0039,True,True,True,True
1,cfg-0040,True,True,True,True
1,cfg-0041,True,True,True,True
1,cfg-0042,True,True,True,True
1,cfg-0043,True,True,True,True
1,cfg-0044,True,True,True,True
1,cfg-0045,True,True,True,True
1,cfg-0046,True,True,True,True
1,cfg-0047,True,True,True,True
1,cfg-0048,True,True,True,True
1,cfg-0049,True,True,True,True
1,cfg-0050,True,True,True,True
1,cfg-0051,True,True,True,True
1,cfg-0052,True,True,True,True
1,cfg-0053,True,True,True,True
1,cfg-0054,True,True,True,True
1,cfg-0055,True,True,True,True
1,cfg-0056,True,True,True,True
1,cfg-0057,True,True,True,True
1,cfg-0058,True,True,True,True
1,cfg-0059,True,True,True,True
1,cfg-0060,True,True,True,True
1,cfg-0061,True,True,True,True
1,cfg-0062,True,True,True,True
1,cfg-0063,True,True,True,True
1,cfg-0064,True,True,True,True
1,cfg-0065,True,True,True,True
1,cfg-0066,True,True,True,True
1,cfg-0067,True,True,True,True
1,cfg-0068,True,True,True,True
1,cfg-0069,True,True,True,True
1,cfg-0070,True,True,True,True
1,cfg-0071,True,True,True,True
1,cfg-0072,True,True,True,True
1,cfg-0073,True,True,True,True
1,cfg-0074,True,True,True,True
1,cfg-0075,True,True,True,True
1,cfg-0076,True,True,True,True
1,cfg-0077,True,True,True,True
1,cfg-0078,True,True,True,True
1,cfg-0079,True,True,True,True
1,cfg-0080,True,True,True,True
1,cfg-0081,True,True,True,True
1,cfg-0082,True,True,True,True
1,cfg-0083,True,True,True,True
1,cfg-0084,True,True,True,True
1,cfg-0085,True,True,True,True
1,cfg-0086,True,True,True,True
1,cfg-0087,True,True,True,True
1,cfg-0088,True,True,True,True
1,cfg-0089,True,True,True,True
1,cfg-0090,True,True,True,True
1,cfg-0091,True,True,True,True
1,cfg-0092,True,True,True,True
1,cfg-0093,True,True,True,True
1,cfg-0094,True,True,True,True
1,cfg-0095,True,True,True,True
1,cfg-0096,True,True,True,True
1,cfg-0097,True,True,True,True
1,cfg-0098,True,True,True,True
1,cfg-0099,True,True,True,True
1,cfg-0100,True,True,True,True
1,cfg-0101,True,True,True,True
1,cfg-0102,True,True,True,True
1,cfg-0103,True,True,True,True
1,cfg-0104,True,True,True,True
1,cfg-0105,True,True,True,True
1,cfg-0106,True,True,True,True
1,cfg-0107,True,True,True,True
1,cfg-0108,True,True,True,True
1,cfg-0109,True,True,True,True
1,cfg-0110,True,True,True,True
1,cfg-0111,True,True,True,True
1,cfg-0112,True,True,True,True
1,cfg-0113,True,True,True,True
1,cfg-0114,True,True,True,True
1,cfg-0115,True,True,True,True
1,cfg-0116,True,True,True,True
1,cfg-0117,True,True,True,True
1,cfg-0118,True,True,True,True
1,cfg-0119,True,True,True,True
1,cfg-0120,True,True,True,True
1,cfg-0121,True,True,True,True
1,cfg-0122,True,True,True,True
1,cfg-0123,True,True,True,True
1,cfg-0124,True,True,True,True
1,cfg-0125,True,True,True,True
1,cfg-0126,True,True,True,True
1,cfg-0127,True,True,True,True
1,cfg-0128,True,True,True,True
1,cfg-0129,True,True,True,True
1,cfg-0130,True,True,True,True
1,cfg-0131,True,True,True,True
1,cfg-0132,True,True,True,True
1,cfg-0133,True,True,True,True
1,cfg-0134,True,True,True,True
1,cfg-0135,True,True,True,True
1,cfg-0136,True,True,True,True
1,cfg-0137,True,True,True,True
1,cfg-0138,True,True,True,True
1,cfg-0139,True,True,True,True
1,cfg-0140,True,True,True,True
1,cfg-0141,True,True,True,True
1,cfg-0142,True,True,True,True
1,cfg-0143,True,True,True,True
1,cfg-0144,True,True,True,True
1,cfg-0145,True,True,True,True
1,cfg-0146,True,True,True,True
1,cfg-0147,True,True,True,True
1,cfg-0148,True,True,True,True
1,cfg-0149,True,True,True,True
1,cfg-0150,True,True,True,True
1,cfg-0151,True,True,True,True
1,cfg-0152,True,True,True,True
1,cfg-0153,True,True,True,True
1,cfg-0154,True,True,True,True
1,cfg-0155,True,True,True,True
1,cfg-0156,True,True,True,True
1,cfg-0157,True,True,True,True
1,cfg-0158,True,True,True,True
1,cfg-0159,True,True,True,True
1,cfg-0160,True,True,True,True
1,cfg-0161,True,True,True,True
1,cfg-0162,True,True,True,True
1,cfg-0163,True,True,True,True
1,cfg-0164,True,True,True,True
1,cfg-0165,True,True,True,True
1,cfg-0166,True,True,True,True
1,cfg-0167,True,True,True,True
1,cfg-0168,True,True,True,True
1,cfg-0169,True,True,True,True
1,cfg-0170,True,True,True,True
1,cfg-0171,True,True,True,True
1,cfg-0172,True,True,True,True
1,cfg-0173,True,True,True,True
1,cfg-0174,True,True,True,True
1,cfg-0175,True,True,True,True
1,cfg-0176,True,True,True,True
1,cfg-0177,True,True,True,True
1,cfg-0178,True,True,True,True
1,cfg-0179,True,True,True,True
1,cfg-0180,True,True,True,True
1,cfg-0181,True,True,True,True
1,cfg-0182,True,True,True,True
1,cfg-0183,True,True,True,True
1,cfg-0184,True,True,True,True
1,cfg-0185,True,True,True,True
1,cfg-0186,True,True,True,True
1,cfg-0187,True,True,True,True
1,cfg-0188,True,True,True,True
1,cfg-0189,True,True,True,True
1,cfg-0190,True,True,True,True
1,cfg-0191,True,True,True,True
1,cfg-0192,True,True,True,True
1,cfg-0193,True,True,True,True
1,cfg-0194,True,True,True,True
1,cfg-0195,True,True,True,True
1,cfg-0196,True,True,True,True
1,cfg-0197,True,True,True,True
1,cfg-0198,True,True,True,True
1,cfg-0199,True,True,True,True
1,cfg-0200,True,True,True,True
1,cfg-0201,True,True,True,True
1,cfg-0202,True,True,True,True
1,cfg-0203,True,True,True,True
1,cfg-0204,True,True,True,True
1,cfg-0205,True,True,True,True
1,cfg-0206,True,True,True,True
1,cfg-0207,True,True,True,True
1,cfg-0208,True,True,True,True
1,cfg-0209,True,True,True,True
1,cfg-0210,True,True,True,True
1,cfg-0211,True,True,True,True
1,cfg-0212,True,True,True,True
1,cfg-0213,True,True,True,True
1,cfg-0214,True,True,True,True
1,cfg-0215,True,True,True,True
1,cfg-0216,True,True,True,True
1,cfg-0217,True,True,True,True
1,cfg-0218,True,True,True,True
1,cfg-0219,True,True,True,True
1,cfg-0220,True,True,True,True
1,cfg-0221,True,True,True,True
1,cfg-0222,True,True,True,True
1,cfg-0223,True,True,True,True
1,cfg-0224,True,True,True,True
1,cfg-0225,True,True,True,True
1,cfg-0226,True,True,True,True
1,cfg-0227,True,True,True,True
1,cfg-0228,True,True,True,True
1,cfg-0229,True,True,True,True
1,cfg-0230,True,True,True,True
1,cfg-0231,True,True,True,True
1,cfg-0232,True,True,True,True
1,cfg-0233,True,True,True,True
1,cfg-0234,True,True,True,True
1,cfg-0235,True,True,True,True
1,cfg-0236,True,True,True,True
1,cfg-0237,True,True,True,True
1,cfg-0238,True,True,True,True
1,cfg-0239,True,True,True,True
1,cfg-0240,True,True,True,True
1,cfg-0241,True,True,True,True
1,cfg-0242,True,True,True,True
1,cfg-0243,True,True,True,True
1,cfg-0244,True,True,True,True
1,cfg-0245,True,True,True,True
1,cfg-0246,True,True,True,True
1,cfg-0247,True,True,True,True
1,cfg-0248,True,True,True,True
1,cfg-0249,True,True,True,True
1,cfg-0250,True,True,True,True
1,cfg-0251,True,True,True,True
1,cfg-0252,True,True,True,True
1,cfg-0253,True,True,True,True
1,cfg-0254,True,True,True,True
1,cfg-0255,True,True,True,True
2,cfg-0000,True,True,True,True
2,cfg-0001,True,True,True,True
2,cfg-0002,True,True,True,True
2,cfg-0003,True,True,True,True
2,cfg-0004,True,True,True,True
2,cfg-0005,True,True,True,True
2,cfg-0006,True,True,True,True
2,cfg-0007,True,True,True,True
2,cfg-0008,True,True,True,True
2,cfg-0009,True,True,True,True
2,cfg-0010,True,True,True,True
2,cfg-0011,True,True,True,True
2,cfg-0012,True,True,True,True
2,cfg-0013,True,True,True,True
2,cfg-0014,True,True,True,True
2,cfg-0015,True,True,True,True
2,cfg-0016,True,True,True,True
2,cfg-0017,True,True,True,True
2,cfg-0018,True,True,True,True
2,cfg-0019,True,True,True,True
2,cfg-0020,True,True,True,True
2,cfg-0021,True,True,True,True
2,cfg-0022,True,True,True,True
2,cfg-0023,True,True,True,True
2,cfg-0024,True,True,True,True
2,cfg-0025,True,True,True,True
2,cfg-0026,True,True,True,True
2,cfg-0027,True,True,True,True
2,cfg-0028,True,True,True,True
2,cfg-0029,True,True,True,True
2,cfg-0030,True,True,True,True
2,cfg-0031,True,True,True,True
2,cfg-0032,True,True,True,True
2,cfg-0033,True,True,True,True
2,cfg-0034,True,True,True,True
2,cfg-0035,True,True,True,True
2,cfg-0036,True,True,True,True
2,cfg-0037,True,True,True,True
2,cfg-0038,True,True,True,True
2,cfg-0039,True,True,True,True
2,cfg-0040,True,True,True,True
2,cfg-0041,True,True,True,True
2,cfg-0042,True,True,True,True
2,cfg-0043,True,True,True,True
2,cfg-0044,True,True,True,True
2,cfg-0045,True,True,True,True
2,cfg-0046,True,True,True,True
2,cfg-0047,True,True,True,True
2,cfg-0048,True,True,True,True
2,cfg-0049,True,True,True,True
2,cfg-0050,True,True,True,True
2,cfg-0051,True,True,True,True
2,cfg-0052,True,True,True,True
2,cfg-0053,True,True,True,True
2,cfg-0054,True,True,True,True
2,cfg-0055,True,True,True,True
2,cfg-0056,True,True,True,True
2,cfg-0057,True,True,True,True
2,cfg-0058,True,True,True,True
2,cfg-0059,True,True,True,True
2,cfg-0060,True,True,True,True
2,cfg-0061,True,True,True,True
2,cfg-0062,True,True,True,True
2,cfg-0063,True,True,True,True
2,cfg-0064,True,True,True,True
2,cfg-0065,True,True,True,True
2,cfg-0066,True,True,True,True
2,cfg-0067,True,True,True,True
2,cfg-0068,True,True,True,True
2,cfg-0069,True,True,True,True
2,cfg-0070,True,True,True,True
2,cfg-0071,True,True,True,True
2,cfg-0072,True,True,True,True
2,cfg-0073,True,True,True,True
2,cfg-0074,True,True,True,True
2,cfg-0075,True,True,True,True
2,cfg-0076,True,True,True,True
2,cfg-0077,True,True,True,True
2,cfg-0078,True,True,True,True
2,cfg-0079,True,True,True,True
2,cfg-0080,True,True,True,True
2,cfg-0081,True,True,True,True
2,cfg-0082,True,True,True,True
2,cfg-0083,True,True,True,True
2,cfg-0084,True,True,True,True
2,cfg-0085,True,True,True,True
2,cfg-0086,True,True,True,True
2,cfg-0087,True,True,True,True
2,cfg-0088,True,True,True,True
2,cfg-0089,True,True,True,True
2,cfg-0090,True,True,True,True
2,cfg-0091,True,True,True,True
2,cfg-0092,True,True,True,True
2,cfg-0093,True,True,True,True
2,cfg-0094,True,True,True,True
2,cfg-0095,True,True,True,True
2,cfg-0096,True,True,True,True
2,cfg-0097,True,True,True,True
2,cfg-0098,True,True,True,True
2,cfg-0099,True,True,True,True
2,cfg-0100,True,True,True,True
2,cfg-0101,True,True,True,True
2,cfg-0102,True,True,True,True
2,cfg-0103,True,True,True,True
2,cfg-0104,True,True,True,True
2,cfg-0105,True,True,True,True
2,cfg-0106,True,True,True,True
2,cfg-0107,True,True,True,True
2,cfg-0108,True,True,True,True
2,cfg-0109,True,True,True,True
2,cfg-0110,True,True,True,True
2,cfg-0111,True,True,True,True
2,cfg-0112,True,True,True,True
2,cfg-0113,True,True,True,True
2,cfg-0114,True,True,True,True
2,cfg-0115,True,True,True,True
2,cfg-0116,True,True,True,True
2,cfg-0117,True,True,True,True
2,cfg-0118,True,True,True,True
2,cfg-0119,True,True,True,True
2,cfg-0120,True,True,True,True
2,cfg-0121,True,True,True,True
2,cfg-0122,True,True,True,True
2,cfg-0123,True,True,True,True
2,cfg-0124,True,True,True,True
2,cfg-0125,True,True,True,True
2,cfg-0126,True,True,True,True
2,cfg-0127,True,True,True,True
2,cfg-0128,True,True,True,True
2,cfg-0129,True,True,True,True
2,cfg-0130,True,True,True,True
2,cfg-0131,True,True,True,True
2,cfg-0132,True,True,True,True
2,cfg-0133,True,True,True,True
2,cfg-0134,True,True,True,True
2,cfg-0135,True,True,True,True
2,cfg-0136,True,True,True,True
2,cfg-0137,True,True,True,True
2,cfg-0138,True,True,True,True
2,cfg-0139,True,True,True,True
2,cfg-0140,True,True,True,True
2,cfg-0141,True,True,True,True
2,cfg-0142,True,True,True,True
2,cfg-0143,True,True,True,True
2,cfg-0144,True,True,True,True
2,cfg-0145,True,True,True,True
2,cfg-0146,True,True,True,True
2,cfg-0147,True,True,True,True
2,cfg-0148,True,True,True,True
2,cfg-0149,True,True,True,True
2,cfg-0150,True,True,True,True
2,cfg-0151,True,True,True,True
2,cfg-0152,True,True,True,True
2,cfg-0153,True,True,True,True
2,cfg-0154,True,True,True,True
2,cfg-0155,True,True,True,True
2,cfg-0156,True,True,True,True
2,cfg-0157,True,True,True,True
2,cfg-0158,True,True,True,True
2,cfg-0159,True,True,True,True
2,cfg-0160,True,True,True,True
2,cfg-0161,True,True,True,True
2,cfg-0162,True,True,True,True
2,cfg-0163,True,True,True,True
2,cfg-0164,True,True,True,True
2,cfg-0165,True,True,True,True
2,cfg-0166,True,True,True,True
2,cfg-0167,True,True,True,True
2,cfg-0168,True,True,True,True
2,cfg-0169,True,True,True,True
2,cfg-0170,True,True,True,True
2,cfg-0171,True,True,True,True
2,cfg-0172,True,True,True,True
2,cfg-0173,True,True,True,True
2,cfg-0174,True,True,True,True
2,cfg-0175,True,True,True,True
2,cfg-0176,True,True,True,True
2,cfg-0177,True,True,True,True
2,cfg-0178,True,True,True,True
2,cfg-0179,True,True,True,True
2,cfg-0180,True,True,True,True
2,cfg-0181,True,True,True,True
2,cfg-0182,True,True,True,True
2,cfg-0183,True,True,True,True
2,cfg-0184,True,True,True,True
2,cfg-0185,True,True,True,True
2,cfg-0186,True,True,True,True
2,cfg-0187,True,True,True,True
2,cfg-0188,True,True,True,True
2,cfg-0189,True,True,True,True
2,cfg-0190,True,True,True,True
2,cfg-0191,True,True,True,True
2,cfg-0192,True,True,True,True
2,cfg-0193,True,True,True,True
2,cfg-0194,True,True,True,True
2,cfg-0195,True,True,True,True
2,cfg-0196,True,True,True,True
2,cfg-0197,True,True,True,True
2,cfg-0198,True,True,True,True
2,cfg-0199,True,True,True,True
2,cfg-0200,True,True,True,True
2,cfg-0201,True,True,True,True
2,cfg-0202,True,True,True,True
2,cfg-0203,True,True,True,True
2,cfg-0204,True,True,True,True
2,cfg-0205,True,True,True,True
2,cfg-0206,True,True,True,True
2,cfg-0207,True,True,True,True
2,cfg-0208,True,True,True,True
2,cfg-0209,True,True,True,True
2,cfg-0210,True,True,True,True
2,cfg-0211,True,True,True,True
2,cfg-0212,True,True,True,True
2,cfg-0213,True,True,True,True
2,cfg-0214,True,True,True,True
2,cfg-0215,True,True,True,True
2,cfg-0216,True,True,True,True
2,cfg-0217,True,True,True,True
2,cfg-0218,True,True,True,True
2,cfg-0219,True,True,True,True
2,cfg-0220,True,True,True,True
2,cfg-0221,True,True,True,True
2,cfg-0222,True,True,True,True
2,cfg-0223,True,True,True,True
2,cfg-0224,True,True,True,True
2,cfg-0225,True,True,True,True
2,cfg-0226,True,True,True,True
2,cfg-0227,True,True,True,True
2,cfg-0228,True,True,True,True
2,cfg-0229,True,True,True,True
2,cfg-0230,True,True,True,True
2,cfg-0231,True,True,True,True
2,cfg-0232,True,True,True,True
2,cfg-0233,True,True,True,True
2,cfg-0234,True,True,True,True
2,cfg-0235,True,True,True,True
2,cfg-0236,True,True,True,True
2,cfg-0237,True,True,True,True
2,cfg-0238,True,True,True,True
2,cfg-0239,True,True,True,True
2,cfg-0240,True,True,True,True
2,cfg-0241,True,True,True,True
2,cfg-0242,True,True,True,True
2,cfg-0243,True,True,True,True
2,cfg-0244,True,True,True,True
2,cfg-0245,True,True,True,True
2,cfg-0246,True,True,True,True
2,cfg-0247,True,True,True,True
2,cfg-0248,True,True,True,True
2,cfg-0249,True,True,True,True
2,cfg-0250,True,True,True,True
2,cfg-0251,True,True,True,True
2,cfg-0252,True,True,True,True
2,cfg-0253,True,True,True,True
2,cfg-0254,True,True,True,True
2,cfg-0255,True,True,True,True
3,cfg-0000,True,True,True,True
3,cfg-0001,True,True,True,True
3,cfg-0002,True,True,True,True
3,cfg-0003,True,True,True,True
3,cfg-0004,True,True,True,True
3,cfg-0005,True,True,True,True
3,cfg-0006,True,True,True,True
3,cfg-0007,True,True,True,True
3,cfg-0008,True,True,True,True
3,cfg-0009,True,True,True,True
3,cfg-0010,True,True,True,True
3,cfg-0011,True,True,True,True
3,cfg-0012,True,True,True,True
3,cfg-0013,True,True,True,True
3,cfg-0014,True,True,True,True
3,cfg-0015,True,True,True,True
3,cfg-0016,True,True,True,True
3,cfg-0017,True,True,True,True
3,cfg-0018,True,True,True,True
3,cfg-0019,True,True,True,True
3,cfg-0020,True,True,True,True
3,cfg-0021,True,True,True,True
3,cfg-0022,True,True,True,True
3,cfg-0023,True,True,True,True
3,cfg-0024,True,True,True,True
3,cfg-0025,True,True,True,True
3,cfg-0026,True,True,True,True
3,cfg-0027,True,True,True,True
3,cfg-0028,True,True,True,True
3,cfg-0029,True,True,True,True
3,cfg-0030,True,True,True,True
3,cfg-0031,True,True,True,True
3,cfg-0032,True,True,True,True
3,cfg-0033,True,True,True,True
3,cfg-0034,True,True,True,True
3,cfg-0035,True,True,True,True
3,cfg-0036,True,True,True,True
3,cfg-0037,True,True,True,True
3,cfg-0038,True,True,True,True
3,cfg-0039,True,True,True,True
3,cfg-0040,True,True,True,True
3,cfg-0041,True,True,True,True
3,cfg-0042,True,True,True,True
3,cfg-0043,True,True,True,True
3,cfg-0044,True,True,True,True
3,cfg-0045,True,True,True,True
3,cfg-0046,True,True,True,True
3,cfg-0047,True,True,True,True
3,cfg-0048,True,True,True,True
3,cfg-0049,True,True,True,True
3,cfg-0050,True,True,True,True
3,cfg-0051,True,True,True,True
3,cfg-0052,True,True,True,True
3,cfg-0053,True,True,True,True
3,cfg-0054,True,True,True,True
3,cfg-0055,True,True,True,True
3,cfg-0056,True,True,True,True
3,cfg-0057,True,True,True,True
3,cfg-0058,True,True,True,True
3,cfg-0059,True,True,True,True
3,cfg-0060,True,True,True,True
3,cfg-0061,True,True,True,True
3,cfg-0062,True,True,True,True
3,cfg-0063,True,True,True,True
3,cfg-0064,True,True,True,True
3,cfg-0065,True,True,True,True
3,cfg-0066,True,True,True,True
3,cfg-0067,True,True,True,True
3,cfg-0068,True,True,True,True
3,cfg-0069,True,True,True,True
3,cfg-0070,True,True,True,True
3,cfg-0071,True,True,True,True
3,cfg-0072,True,True,True,True
3,cfg-0073,True,True,True,True
3,cfg-0074,True,True,True,True
3,cfg-0075,True,True,True,True
3,cfg-0076,True,True,True,True
3,cfg-0077,True,True,True,True
3,cfg-0078,True,True,True,True
3,cfg-0079,True,True,True,True
3,cfg-0080,True,True,True,True
3,cfg-0081,True,True,True,True
3,cfg-0082,True,True,True,True
3,cfg-0083,True,True,True,True
3,cfg-0084,True,True,True,True
3,cfg-0085,True,True,True,True
3,cfg-0086,True,True,True,True
3,cfg-0087,True,True,True,True
3,cfg-0088,True,True,True,True
3,cfg-0089,True,True,True,True
3,cfg-0090,True,True,True,True
3,cfg-0091,True,True,True,True
3,cfg-0092,True,True,True,True
3,cfg-0093,True,True,True,True
3,cfg-0094,True,True,True,True
3,cfg-0095,True,True,True,True
3,cfg-0096,True,True,True,True
3,cfg-0097,True,True,True,True
3,cfg-0098,True,True,True,True
3,cfg-0099,True,True,True,True
3,cfg-0100,True,True,True,True
3,cfg-0101,True,True,True,True
3,cfg-0102,True,True,True,True
3,cfg-0103,True,True,True,True
3,cfg-0104,True,True,True,True
3,cfg-0105,True,True,True,True
3,cfg-0106,True,True,True,True
3,cfg-0107,True,True,True,True
3,cfg-0108,True,True,True,True
3,cfg-0109,True,True,True,True
3,cfg-0110,True,True,True,True
3,cfg-0111,True,True,True,True
3,cfg-0112,True,True,True,True
3,cfg-0113,True,True,True,True
3,cfg-0114,True,True,True,True
3,cfg-0115,True,True,True,True
3,cfg-0116,True,True,True,True
3,cfg-0117,True,True,True,True
3,cfg-0118,True,True,True,True
3,cfg-0119,True,True,True,True
3,cfg-0120,True,True,True,True
3,cfg-0121,True,True,True,True
3,cfg-0122,True,True,True,True
3,cfg-0123,True,True,True,True
3,cfg-0124,True,True,True,True
3,cfg-0125,True,True,True,True
3,cfg-0126,True,True,True,True
3,cfg-0127,True,True,True,True
3,cfg-0128,True,True,True,True
3,cfg-0129,True,True,True,True
3,cfg-0130,True,True,True,True
3,cfg-0131,True,True,True,True
3,cfg-0132,True,True,True,True
3,cfg-0133,True,True,True,True
3,cfg-0134,True,True,True,True
3,cfg-0135,True,True,True,True
3,cfg-0136,True,True,True,True
3,cfg-0137,True,True,True,True
3,cfg-0138,True,True,True,True
3,cfg-0139,True,True,True,True
3,cfg-0140,True,True,True,True
3,cfg-0141,True,True,True,True
3,cfg-0142,True,True,True,True
3,cfg-0143,True,True,True,True
3,cfg-0144,True,True,True,True
3,cfg-0145,True,True,True,True
3,cfg-0146,True,True,True,True
3,cfg-0147,True,True,True,True
3,cfg-0148,True,True,True,True
3,cfg-0149,True,True,True,True
3,cfg-0150,True,True,True,True
3,cfg-0151,True,True,True,True
3,cfg-0152,True,True,True,True
3,cfg-0153,True,True,True,True
3,cfg-0154,True,True,True,True
3,cfg-0155,True,True,True,True
3,cfg-0156,True,True,True,True
3,cfg-0157,True,True,True,True
3,cfg-0158,True,True,True,True
3,cfg-0159,True,True,True,True
3,cfg-0160,True,True,True,True
3,cfg-0161,True,True,True,True
3,cfg-0162,True,True,True,True
3,cfg-0163,True,True,True,True
3,cfg-0164,True,True,True,True
3,cfg-0165,True,True,True,True
3,cfg-0166,True,True,True,True
3,cfg-0167,True,True,True,True
3,cfg-0168,True,True,True,True
3,cfg-0169,True,True,True,True
3,cfg-0170,True,True,True,True
3,cfg-0171,True,True,True,True
3,cfg-0172,True,True,True,True
3,cfg-0173,True,True,True,True
3,cfg-0174,True,True,True,True
3,cfg-0175,True,True,True,True
3,cfg-0176,True,True,True,True
3,cfg-0177,True,True,True,True
3,cfg-0178,True,True,True,True
3,cfg-0179,True,True,True,True
3,cfg-0180,True,True,True,True
3,cfg-0181,True,True,True,True
3,cfg-0182,True,True,True,True
3,cfg-0183,True,True,True,True
3,cfg-0184,True,True,True,True
3,cfg-0185,True,True,True,True
3,cfg-0186,True,True,True,True
3,cfg-0187,True,True,True,True
3,cfg-0188,True,True,True,True
3,cfg-0189,True,True,True,True
3,cfg-0190,True,True,True,True
3,cfg-0191,True,True,True,True
3,cfg-0192,True,True,True,True
3,cfg-0193,True,True,True,True
3,cfg-0194,True,True,True,True
3,cfg-0195,True,True,True,True
3,cfg-0196,True,True,True,True
3,cfg-0197,True,True,True,True
3,cfg-0198,True,True,True,True
3,cfg-0199,True,True,True,True
3,cfg-0200,True,True,True,True
3,cfg-0201,True,True,True,True
3,cfg-0202,True,True,True,True
3,cfg-0203,True,True,True,True
3,cfg-0204,True,True,True,True
3,cfg-0205,True,True,True,True
3,cfg-0206,True,True,True,True
3,cfg-0207,True,True,True,True
3,cfg-0208,True,True,True,True
3,cfg-0209,True,True,True,True
3,cfg-0210,True,True,True,True
3,cfg-0211,True,True,True,True
3,cfg-0212,True,True,True,True
3,cfg-0213,True,True,True,True
3,cfg-0214,True,True,True,True
3,cfg-0215,True,True,True,True
3,cfg-0216,True,True,True,True
3,cfg-0217,True,True,True,True
3,cfg-0218,True,True,True,True
3,cfg-0219,True,True,True,True
3,cfg-0220,True,True,True,True
3,cfg-0221,True,True,True,True
3,cfg-0222,True,True,True,True
3,cfg-0223,True,True,True,True
3,cfg-0224,True,True,True,True
3,cfg-0225,True,True,True,True
3,cfg-0226,True,True,True,True
3,cfg-0227,True,True,True,True
3,cfg-0228,True,True,True,True
3,cfg-0229,True,True,True,True
3,cfg-0230,True,True,True,True
3,cfg-0231,True,True,True,True
3,cfg-0232,True,True,True,True
3,cfg-0233,True,True,True,True
3,cfg-0234,True,True,True,True
3,cfg-0235,True,True,True,True
3,cfg-0236,True,True,True,True
3,cfg-0237,True,True,True,True
3,cfg-0238,True,True,True,True
3,cfg-0239,True,True,True,True
3,cfg-0240,True,True,True,True
3,cfg-0241,True,True,True,True
3,cfg-0242,True,True,True,True
3,cfg-0243,True,True,True,True
3,cfg-0244,True,True,True,True
3,cfg-0245,True,True,True,True
3,cfg-0246,True,True,True,True
3,cfg-0247,True,True,True,True
3,cfg-0248,True,True,True,True
3,cfg-0249,True,True,True,True
3,cfg-0250,True,True,True,True
3,cfg-0251,True,True,True,True
3,cfg-0252,True,True,True,True
3,cfg-0253,True,True,True,True
3,cfg-0254,True,True,True,True
3,cfg-0255,True,True,True,True
4,cfg-0000,True,True,True,True
4,cfg-0001,True,True,True,True
4,cfg-0002,True,True,True,True
4,cfg-0003,True,True,True,True
4,cfg-0004,True,True,True,True
4,cfg-0005,True,True,True,True
4,cfg-0006,True,True,True,True
4,cfg-0007,True,True,True,True
4,cfg-0008,True,True,True,True
4,cfg-0009,True,True,True,True
4,cfg-0010,True,True,True,True
4,cfg-0011,True,True,True,True
4,cfg-0012,True,True,True,True
4,cfg-0013,True,True,True,True
4,cfg-0014,True,True,True,True
4,cfg-0015,True,True,True,True
4,cfg-0016,True,True,True,True
4,cfg-0017,True,True,True,True
4,cfg-0018,True,True,True,True
4,cfg-0019,True,True,True,True
4,cfg-0020,True,True,True,True
4,cfg-0021,True,True,True,True
4,cfg-0022,True,True,True,True
4,cfg-0023,True,True,True,True
4,cfg-0024,True,True,True,True
4,cfg-0025,True,True,True,True
4,cfg-0026,True,True,True,True
4,cfg-0027,True,True,True,True
4,cfg-0028,True,True,True,True
4,cfg-0029,True,True,True,True
4,cfg-0030,True,True,True,True
4,cfg-0031,True,True,True,True
4,cfg-0032,True,True,True,True
4,cfg-0033,True,True,True,True
4,cfg-0034,True,True,True,True
4,cfg-0035,True,True,True,True
4,cfg-0036,True,True,True,True
4,cfg-0037,True,True,True,True
4,cfg-0038,True,True,True,True
4,cfg-0039,True,True,True,True
4,cfg-0040,True,True,True,True
4,cfg-0041,True,True,True,True
4,cfg-0042,True,True,True,True
4,cfg-0043,True,True,True,True
4,cfg-0044,True,True,True,True
4,cfg-0045,True,True,True,True
4,cfg-0046,True,True,True,True
4,cfg-0047,True,True,True,True
4,cfg-0048,True,True,True,True
4,cfg-0049,True,True,True,True
4,cfg-0050,True,True,True,True
4,cfg-0051,True,True,True,True
4,cfg-0052,True,True,True,True
4,cfg-0053,True,True,True,True
4,cfg-0054,True,True,True,True
4,cfg-0055,True,True,True,True
4,cfg-0056,True,True,True,True
4,cfg-0057,True,True,True,True
4,cfg-0058,True,True,True,True
4,cfg-0059,True,True,True,True
4,cfg-0060,True,True,True,True
4,cfg-0061,True,True,True,True
4,cfg-0062,True,True,True,True
4,cfg-0063,True,True,True,True
4,cfg-0064,True,True,True,True
4,cfg-0065,True,True,True,True
4,cfg-0066,True,True,True,True
4,cfg-0067,True,True,True,True
4,cfg-0068,True,True,True,True
4,cfg-0069,True,True,True,True
4,cfg-0070,True,True,True,True
4,cfg-0071,True,True,True,True
4,cfg-0072,True,True,True,True
4,cfg-0073,True,True,True,True
4,cfg-0074,True,True,True,True
4,cfg-0075,True,True,True,True
4,cfg-0076,True,True,True,True
4,cfg-0077,True,True,True,True
4,cfg-0078,True,True,True,True
4,cfg-0079,True,True,True,True
4,cfg-0080,True,True,True,True
4,cfg-0081,True,True,True,True
4,cfg-0082,True,True,True,True
4,cfg-0083,True,True,True,True
4,cfg-0084,True,True,True,True
4,cfg-0085,True,True,True,True
4,cfg-0086,True,True,True,True
4,cfg-0087,True,True,True,True
4,cfg-0088,True,True,True,True
4,cfg-0089,True,True,True,True
4,cfg-0090,True,True,True,True
4,cfg-0091,True,True,True,True
4,cfg-0092,True,True,True,True
4,cfg-0093,True,True,True,True
4,cfg-0094,True,True,True,True
4,cfg-0095,True,True,True,True
4,cfg-0096,True,True,True,True
4,cfg-0097,True,True,True,True
4,cfg-0098,True,True,True,True
4,cfg-0099,True,True,True,True
4,cfg-0100,True,True,True,True
4,cfg-0101,True,True,True,True
4,cfg-0102,True,True,True,True
4,cfg-0103,True,True,True,True
4,cfg-0104,True,True,True,True
4,cfg-0105,True,True,True,True
4,cfg-0106,True,True,True,True
4,cfg-0107,True,True,True,True
4,cfg-0108,True,True,True,True
4,cfg-0109,True,True,True,True
4,cfg-0110,True,True,True,True
4,cfg-0111,True,True,True,True
4,cfg-0112,True,True,True,True
4,cfg-0113,True,True,True,True
4,cfg-0114,True,True,True,True
4,cfg-0115,True,True,True,True
4,cfg-0116,True,True,True,True
4,cfg-0117,True,True,True,True
4,cfg-0118,True,True,True,True
4,cfg-0119,True,True,True,True
4,cfg-0120,True,True,True,True
4,cfg-0121,True,True,True,True
4,cfg-0122,True,True,True,True
4,cfg-0123,True,True,True,True
4,cfg-0124,True,True,True,True
4,cfg-0125,True,True,True,True
4,cfg-0126,True,True,True,True
4,cfg-0127,True,True,True,True
4,cfg-0128,True,True,True,True
4,cfg-0129,True,True,True,True
4,cfg-0130,True,True,True,True
4,cfg-0131,True,True,True,True
4,cfg-0132,True,True,True,True
4,cfg-0133,True,True,True,True
4,cfg-0134,True,True,True,True
4,cfg-0135,True,True,True,True
4,cfg-0136,True,True,True,True
4,cfg-0137,True,True,True,True
4,cfg-0138,True,True,True,True
4,cfg-0139,True,True,True,True
4,cfg-0140,True,True,True,True
4,cfg-0141,True,True,True,True
4,cfg-0142,True,True,True,True
4,cfg-0143,True,True,True,True
4,cfg-0144,True,True,True,True
4,cfg-0145,True,True,True,True
4,cfg-0146,True,True,True,True
4,cfg-0147,True,True,True,True
4,cfg-0148,True,True,True,True
4,cfg-0149,True,True,True,True
4,cfg-0150,True,True,True,True
4,cfg-0151,True,True,True,True
4,cfg-0152,True,True,True,True
4,cfg-0153,True,True,True,True
4,cfg-0154,True,True,True,True
4,cfg-0155,True,True,True,True
4,cfg-0156,True,True,True,True
4,cfg-0157,True,True,True,True
4,cfg-0158,True,True,True,True
4,cfg-0159,True,True,True,True
4,cfg-0160,True,True,True,True
4,cfg-0161,True,True,True,True
4,cfg-0162,True,True,True,True
4,cfg-0163,True,True,True,True
4,cfg-0164,True,True,True,True
4,cfg-0165,True,True,True,True
4,cfg-0166,True,True,True,True
4,cfg-0167,True,True,True,True
4,cfg-0168,True,True,True,True
4,cfg-0169,True,True,True,True
4,cfg-0170,True,True,True,True
4,cfg-0171,True,True,True,True
4,cfg-0172,True,True,True,True
4,cfg-0173,True,True,True,True
4,cfg-0174,True,True,True,True
4,cfg-0175,True,True,True,True
4,cfg-0176,True,True,True,True
4,cfg-0177,True,True,True,True
4,cfg-0178,True,True,True,True
4,cfg-0179,True,True,True,True
4,cfg-0180,True,True,True,True
4,cfg-0181,True,True,True,True
4,cfg-0182,True,True,True,True
4,cfg-0183,True,True,True,True
4,cfg-0184,True,True,True,True
4,cfg-0185,True,True,True,True
4,cfg-0186,True,True,True,True
4,cfg-0187,True,True,True,True
4,cfg-0188,True,True,True,True
4,cfg-0189,True,True,True,True
4,cfg-0190,True,True,True,True
4,cfg-0191,True,True,True,True
4,cfg-0192,True,True,True,True
4,cfg-0193,True,True,True,True
4,cfg-0194,True,True,True,True
4,cfg-0195,True,True,True,True
4,cfg-0196,True,True,True,True
4,cfg-0197,True,True,True,True
4,cfg-0198,True,True,True,True
4,cfg-0199,True,True,True,True
4,cfg-0200,True,True,True,True
4,cfg-0201,True,True,True,True
4,cfg-0202,True,True,True,True
4,cfg-0203,True,True,True,True
4,cfg-0204,True,True,True,True
4,cfg-0205,True,True,True,True
4,cfg-0206,True,True,True,True
4,cfg-0207,True,True,True,True
4,cfg-0208,True,True,True,True
4,cfg-0209,True,True,True,True
4,cfg-0210,True,True,True,True
4,cfg-0211,True,True,True,True
4,cfg-0212,True,True,True,True
4,cfg-0213,True,True,True,True
4,cfg-0214,True,True,True,True
4,cfg-0215,True,True,True,True
4,cfg-0216,True,True,True,True
4,cfg-0217,True,True,True,True
4,cfg-0218,True,True,True,True
4,cfg-0219,True,True,True,True
4,cfg-0220,True,True,True,True
4,cfg-0221,True,True,True,True
4,cfg-0222,True,True,True,True
4,cfg-0223,True,True,True,True
4,cfg-0224,True,True,True,True
4,cfg-0225,True,True,True,True
4,cfg-0226,True,True,True,True
4,cfg-0227,True,True,True,True
4,cfg-0228,True,True,True,True
4,cfg-0229,True,True,True,True
4,cfg-0230,True,True,True,True
4,cfg-0231,True,True,True,True
4,cfg-0232,True,True,True,True
4,cfg-0233,True,True,True,True
4,cfg-0234,True,True,True,True
4,cfg-0235,True,True,True,True
4,cfg-0236,True,True,True,True
4,cfg-0237,True,True,True,True
4,cfg-0238,True,True,True,True
4,cfg-0239,True,True,True,True
4,cfg-0240,True,True,True,True
4,cfg-0241,True,True,True,True
4,cfg-0242,True,True,True,True
4,cfg-0243,True,True,True,True
4,cfg-0244,True,True,True,True
4,cfg-0245,True,True,True,True
4,cfg-0246,True,True,True,True
4,cfg-0247,True,True,True,True
4,cfg-0248,True,True,True,True
4,cfg-0249,True,True,True,True
4,cfg-0250,True,True,True,True
4,cfg-0251,True,True,True,True
4,cfg-0252,True,True,True,True
4,cfg-0253,True,True,True,True
4,cfg-0254,True,True,True,True
4,cfg-0255,True,True,True,True
5,cfg-0000,True,True,True,True
5,cfg-0001,True,True,True,True
5,cfg-0002,True,True,True,True
5,cfg-0003,True,True,True,True
5,cfg-0004,True,True,True,True
5,cfg-0005,True,True,True,True
5,cfg-0006,True,True,True,True
5,cfg-0007,True,True,True,True
5,cfg-0008,True,True,True,True
5,cfg-0009,True,True,True,True
5,cfg-0010,True,True,True,True
5,cfg-0011,True,True,True,True
5,cfg-0012,True,True,True,True
5,cfg-0013,True,True,True,True
5,cfg-0014,True,True,True,True
5,cfg-0015,True,True,True,True
5,cfg-0016,True,True,True,True
5,cfg-0017,True,True,True,True
5,cfg-0018,True,True,True,True
5,cfg-0019,True,True,True,True
5,cfg-0020,True,True,True,True
5,cfg-0021,True,True,True,True
5,cfg-0022,True,True,True,True
5,cfg-0023,True,True,True,True
5,cfg-0024,True,True,True,True
5,cfg-0025,True,True,True,True
5,cfg-0026,True,True,True,True
5,cfg-0027,True,True,True,True
5,cfg-0028,True,True,True,True
5,cfg-0029,True,True,True,True
5,cfg-0030,True,True,True,True
5,cfg-0031,True,True,True,True
5,cfg-0032,True,True,True,True
5,cfg-0033,True,True,True,True
5,cfg-0034,True,True,True,True
5,cfg-0035,True,True,True,True
5,cfg-0036,True,True,True,True
5,cfg-0037,True,True,True,True
5,cfg-0038,True,True,True,True
5,cfg-0039,True,True,True,True
5,cfg-0040,True,True,True,True
5,cfg-0041,True,True,True,True
5,cfg-0042,True,True,True,True
5,cfg-0043,True,True,True,True
5,cfg-0044,True,True,True,True
5,cfg-0045,True,True,True,True
5,cfg-0046,True,True,True,True
5,cfg-0047,True,True,True,True
5,cfg-0048,True,True,True,True
5,cfg-0049,True,True,True,True
5,cfg-0050,True,True,True,True
5,cfg-0051,True,True,True,True
5,cfg-0052,True,True,True,True
5,cfg-0053,True,True,True,True
5,cfg-0054,True,True,True,True
5,cfg-0055,True,True,True,True
5,cfg-0056,True,True,True,True
5,cfg-0057,True,True,True,True
5,cfg-0058,True,True,True,True
5,cfg-0059,True,True,True,True
5,cfg-0060,True,True,True,True
5,cfg-0061,True,True,True,True
5,cfg-0062,True,True,True,True
5,cfg-0063,True,True,True,True
5,cfg-0064,True,True,True,True
5,cfg-0065,True,True,True,True
5,cfg-0066,True,True,True,True
5,cfg-0067,True,True,True,True
5,cfg-0068,True,True,True,True
5,cfg-0069,True,True,True,True
5,cfg-0070,True,True,True,True
5,cfg-0071,True,True,True,True
5,cfg-0072,True,True,True,True
5,cfg-0073,True,True,True,True
5,cfg-0074,True,True,True,True
5,cfg-0075,True,True,True,True
5,cfg-0076,True,True,True,True
5,cfg-0077,True,True,True,True
5,cfg-0078,True,True,True,True
5,cfg-0079,True,True,True,True
5,cfg-0080,True,True,True,True
5,cfg-0081,True,True,True,True
5,cfg-0082,True,True,True,True
5,cfg-0083,True,True,True,True
5,cfg-0084,True,True,True,True
5,cfg-0085,True,True,True,True
5,cfg-0086,True,True,True,True
5,cfg-0087,True,True,True,True
5,cfg-0088,True,True,True,True
5,cfg-0089,True,True,True,True
5,cfg-0090,True,True,True,True
5,cfg-0091,True,True,True,True
5,cfg-0092,True,True,True,True
5,cfg-0093,True,True,True,True
5,cfg-0094,True,True,True,True
5,cfg-0095,True,True,True,True
5,cfg-0096,True,True,True,True
5,cfg-0097,True,True,True,True
5,cfg-0098,True,True,True,True
5,cfg-0099,True,True,True,True
5,cfg-0100,True,True,True,True
5,cfg-0101,True,True,True,True
5,cfg-0102,True,True,True,True
5,cfg-0103,True,True,True,True
5,cfg-0104,True,True,True,True
5,cfg-0105,True,True,True,True
5,cfg-0106,True,True,True,True
5,cfg-0107,True,True,True,True
5,cfg-0108,True,True,True,True
5,cfg-0109,True,True,True,True
5,cfg-0110,True,True,True,True
5,cfg-0111,True,True,True,True
5,cfg-0112,True,True,True,True
5,cfg-0113,True,True,True,True
5,cfg-0114,True,True,True,True
5,cfg-0115,True,True,True,True
5,cfg-0116,True,True,True,True
5,cfg-0117,True,True,True,True
5,cfg-0118,True,True,True,True
5,cfg-0119,True,True,True,True
5,cfg-0120,True,True,True,True
5,cfg-0121,True,True,True,True
5,cfg-0122,True,True,True,True
5,cfg-0123,True,True,True,True
5,cfg-0124,True,True,True,True
5,cfg-0125,True,True,True,True
5,cfg-0126,True,True,True,True
5,cfg-0127,True,True,True,True
5,cfg-0128,True,True,True,True
5,cfg-0129,True,True,True,True
5,cfg-0130,True,True,True,True
5,cfg-0131,True,True,True,True
5,cfg-0132,True,True,True,True
5,cfg-0133,True,True,True,True
5,cfg-0134,True,True,True,True
5,cfg-0135,True,True,True,True
5,cfg-0136,True,True,True,True
5,cfg-0137,True,True,True,True
5,cfg-0138,True,True,True,True
5,cfg-0139,True,True,True,True
5,cfg-0140,True,True,True,True
5,cfg-0141,True,True,True,True
5,cfg-0142,True,True,True,True
5,cfg-0143,True,True,True,True
5,cfg-0144,True,True,True,True
5,cfg-0145,True,True,True,True
5,cfg-0146,True,True,True,True
5,cfg-0147,True,True,True,True
5,cfg-0148,True,True,True,True
5,cfg-0149,True,True,True,True
5,cfg-0150,True,True,True,True
5,cfg-0151,True,True,True,True
5,cfg-0152,True,True,True,True
5,cfg-0153,True,True,True,True
5,cfg-0154,True,True,True,True
5,cfg-0155,True,True,True,True
5,cfg-0156,True,True,True,True
5,cfg-0157,True,True,True,True
5,cfg-0158,True,True,True,True
5,cfg-0159,True,True,True,True
5,cfg-0160,True,True,True,True
5,cfg-0161,True,True,True,True
5,cfg-0162,True,True,True,True
5,cfg-0163,True,True,True,True
5,cfg-0164,True,True,True,True
5,cfg-0165,True,True,True,True
5,cfg-0166,True,True,True,True
5,cfg-0167,True,True,True,True
5,cfg-0168,True,True,True,True
5,cfg-0169,True,True,True,True
5,cfg-0170,True,True,True,True
5,cfg-0171,True,True,True,True
5,cfg-0172,True,True,True,True
5,cfg-0173,True,True,True,True
5,cfg-0174,True,True,True,True
5,cfg-0175,True,True,True,True
5,cfg-0176,True,True,True,True
5,cfg-0177,True,True,True,True
5,cfg-0178,True,True,True,True
5,cfg-0179,True,True,True,True
5,cfg-0180,True,True,True,True
5,cfg-0181,True,True,True,True
5,cfg-0182,True,True,True,True
5,cfg-0183,True,True,True,True
5,cfg-0184,True,True,True,True
5,cfg-0185,True,True,True,True
5,cfg-0186,True,True,True,True
5,cfg-0187,True,True,True,True
5,cfg-0188,True,True,True,True
5,cfg-0189,True,True,True,True
5,cfg-0190,True,True,True,True
5,cfg-0191,True,True,True,True
5,cfg-0192,True,True,True,True
5,cfg-0193,True,True,True,True
5,cfg-0194,True,True,True,True
5,cfg-0195,True,True,True,True
5,cfg-0196,True,True,True,True
5,cfg-0197,True,True,True,True
5,cfg-0198,True,True,True,True
5,cfg-0199,True,True,True,True
5,cfg-0200,True,True,True,True
5,cfg-0201,True,True,True,True
5,cfg-0202,True,True,True,True
5,cfg-0203,True,True,True,True
5,cfg-0204,True,True,True,True
5,cfg-0205,True,True,True,True
5,cfg-0206,True,True,True,True
5,cfg-0207,True,True,True,True
5,cfg-0208,True,True,True,True
5,cfg-0209,True,True,True,True
5,cfg-0210,True,True,True,True
5,cfg-0211,True,True,True,True
5,cfg-0212,True,True,True,True
5,cfg-0213,True,True,True,True
5,cfg-0214,True,True,True,True
5,cfg-0215,True,True,True,True
5,cfg-0216,True,True,True,True
5,cfg-0217,True,True,True,True
5,cfg-0218,True,True,True,True
5,cfg-0219,True,True,True,True
5,cfg-0220,True,True,True,True
5,cfg-0221,True,True,True,True
5,cfg-0222,True,True,True,True
5,cfg-0223,True,True,True,True
5,cfg-0224,True,True,True,True
5,cfg-0225,True,True,True,True
5,cfg-0226,True,True,True,True
5,cfg-0227,True,True,True,True
5,cfg-0228,True,True,True,True
5,cfg-0229,True,True,True,True
5,cfg-0230,True,True,True,True
5,cfg-0231,True,True,True,True
5,cfg-0232,True,True,True,True
5,cfg-0233,True,True,True,True
5,cfg-0234,True,True,True,True
5,cfg-0235,True,True,True,True
5,cfg-0236,True,True,True,True
5,cfg-0237,True,True,True,True
5,cfg-0238,True,True,True,True
5,cfg-0239,True,True,True,True
5,cfg-0240,True,True,True,True
5,cfg-0241,True,True,True,True
5,cfg-0242,True,True,True,True
5,cfg-0243,True,True,True,True
5,cfg-0244,True,True,True,True
5,cfg-0245,True,True,True,True
5,cfg-0246,True,True,True,True
5,cfg-0247,True,True,True,True
5,cfg-0248,True,True,True,True
5,cfg-0249,True,True,True,True
5,cfg-0250,True,True,True,True
5,cfg-0251,True,True,True,True
5,cfg-0252,True,True,True,True
5,cfg-0253,True,True,True,True
5,cfg-0254,True,True,True,True
5,cfg-0255,True,True,True,True
