accepted_round,candidate_id,mechanism,realization_state,frozen_singleton_rank,frozen_singleton_improvement,before_objective,after_objective,contextual_improvement,cost_after,affected_query_count
1,cand_f94acad130c4ac5b3553,mcv,PRESENT,1,20556.948046232934,42839.702641726464,22282.75459549353,20556.948046232934,4.15157882851945,489
2,cand_c6f83d66ce3d1e079f11,mcv,PRESENT,71,-7361.919062780085,22282.75459549353,22158.489956563822,124.26463892970787,8.30315765703890,465
3,cand_1f420ce5268e234e658c,mcv,PRESENT,65,-129.61050896312372,22158.489956563822,22064.314963562985,94.17499300083728,12.45473648555835,474
4,cand_6ca6020979af5e5766a4,mcv,PRESENT,67,-214.04134213703946,22064.314963562985,22000.46499902221,63.849964540775545,16.60631531407780,514
5,cand_bb3c9704bc50457d0385,fd,PRESENT,17,1.9779996816359926,22000.46499902221,21980.424232087076,20.040766935133433,22.789344058787502,483
6,cand_93041865e5a926191d54,mcv,PRESENT,8,18.327090640028473,21980.424232087076,21961.307593676276,19.11663841080008,26.940922887306952,460
7,cand_850ffdf5fc1ceee3e08d,fd,PRESENT,69,-1060.3994326546017,21961.307593676276,21944.703130051406,16.604463624869823,33.123951632016654,503
8,cand_663a31a8fc0678a2324b,fd,PRESENT,13,2.807768107530137,21944.703130051406,21943.367218801566,1.3359112498401373,39.306980376726356,497
9,cand_0fdc909a2a3cf9718db9,mcv,PRESENT,16,2.388204581591708,21943.367218801566,21942.0899497616,1.2772690399651765,43.458559205245806,505
10,cand_cfb64b0bf69c059cd760,fd,PRESENT,66,-144.26994166069926,21942.0899497616,21940.824432407757,1.2655173538441886,49.641587949955508,474
11,cand_560443d79842b416ea0d,mcv,PRESENT,14,2.4339833629710483,21940.824432407757,21939.86353661866,0.9608957890959573,53.793166778474958,505
12,cand_7531356383a7948fede1,mcv,PRESENT,9,16.168522994223167,21939.86353661866,21939.155294043758,0.7082425749031245,57.944745606994408,495
13,cand_9e3965b9e6ab7faacc4e,fd,PRESENT,55,-13.189126353019674,21939.155294043758,21938.867390584688,0.2879034590696392,64.127774351704110,498
14,cand_0ef1e644231e36b17de7,fd,PRESENT,21,0.6788507459350512,21938.867390584688,21938.62172860017,0.24566198451793753,70.310803096413812,497
15,cand_2bea04f8b2c85ff2a4e0,fd,PRESENT,58,-38.71797944068385,21938.62172860017,21938.38457476484,0.23715383532908163,76.493831841123514,516
16,cand_cf35fb1b66d3371735fd,fd,PRESENT,25,0.26320843954454176,21938.38457476484,21938.26439228055,0.12018248429012601,82.676860585833216,486
17,cand_b6cafc68143c6fa37e85,fd,PRESENT,51,-7.3426261663626065,21938.26439228055,21938.147764099755,0.11662818079639692,88.859889330542918,528
18,cand_dd4fa07161dcf5def8eb,fd,PRESENT,50,-5.989209894571104,21938.147764099755,21938.060620114826,0.08714398492884357,95.042918075252620,506
19,cand_f002ec4adfff3911240b,fd,PRESENT,54,-12.3163765362915,21938.060620114826,21938.019321532247,0.0412985825787473,101.225946819962322,544
20,cand_044e770ab213d0ef37b1,fd,PRESENT,29,0.07545645918435184,21938.019321532247,21938.00586814361,0.013453388637572061,107.408975564672024,512
21,cand_d102d0d6903dbc44935f,fd,PRESENT,44,-0.27932528696692316,21938.00586814361,21937.99561083067,0.010257312940666452,113.592004309381726,501
22,cand_d17d4fee04bca1295fdb,fd,PRESENT,45,-0.31242395617300645,21937.99561083067,21937.985907467788,0.009703362880827626,119.775033054091428,484
23,cand_a658273d38918de4ed71,fd,PRESENT,28,0.07575923435069853,21937.985907467788,21937.977951599118,0.00795586867025122,125.958061798801130,499
24,cand_d033eb981110aa21d3df,fd,PRESENT,33,0.027314469749398995,21937.977951599118,21937.972271186653,0.005680412465153495,132.141090543510832,502
25,cand_e95bcd15c94c80f62716,fd,PRESENT,43,-0.12963793275412172,21937.972271186653,21937.970987449487,0.0012837371650675777,138.324119288220534,471
26,cand_835deeb29a9e7947a98b,fd,PRESENT,34,0.02486050929292105,21937.970987449487,21937.969705698495,0.001281750992347952,144.507148032930236,524
27,cand_6505783b203dc0346b49,fd,PRESENT,22,0.6730522560101235,21937.969705698495,21937.96851529959,0.0011903989034180995,150.690176777639938,459
28,cand_9a47b4882350bf5fccf9,fd,PRESENT,15,2.4114390820323024,21937.96851529959,21937.967543375704,0.0009719238878460601,156.873205522349640,518
29,cand_7b08320f31dae1c5e9f4,fd,PRESENT,26,0.19922639957803767,21937.967543375704,21937.966834627812,0.000708747891621897,163.056234267059342,496
30,cand_86d407b8a724ee28f443,fd,PRESENT,36,0.0027332380632287823,21937.966834627812,21937.96631344135,0.0005211864627199247,169.239263011769044,497
31,cand_5e3a909effbf6f7d6e21,fd,PRESENT,32,0.046731156267924234,21937.96631344135,21937.965918495007,0.0003949463425669819,175.422291756478746,489
