singleton_rank,candidate_id,mechanism,columns,precedence_rank,realization_state,singleton_objective,singleton_improvement,relative_improvement,incidence_query_count,affected_query_count,improved_query_count,unchanged_query_count,worsened_query_count,elapsed_seconds,planner_calls,maintenance_cost_status,maintenance_cost_numeric
1,cand_f94acad130c4ac5b3553,mcv,"[""record_type"",""body_type""]",3,PRESENT,21534.755283574697,19849.250148200546,0.4796357902311699,489,489,279,1475,209,0.13040953999734484,489,unavailable,
2,cand_c614cf6de073226f0aa4,mcv,"[""record_type"",""registration_class""]",0,PRESENT,39600.19235819835,1783.8130735768937,0.043103925175093274,503,503,387,1461,115,0.13228115400124807,503,unavailable,
3,cand_f5f353d914b36187882c,mcv,"[""record_type"",""state""]",1,PRESENT,41149.34308488161,234.66234689363046,0.005670363331081851,518,518,461,1450,52,0.1347072130010929,518,unavailable,
4,cand_ea5acfb9a4e9bf9c4ee2,mcv,"[""record_type"",""county""]",2,PRESENT,41205.25787483538,178.74755693986663,0.004319242544913781,498,498,267,1474,222,0.14350326400017366,498,unavailable,
5,cand_a06f9852e67c463f73a2,fd,"[""registration_class"",""fuel_type""]",47,PRESENT,41308.25519712589,75.75023464935657,0.0018304229824789853,474,474,444,1495,24,0.13402292699902318,474,unavailable,
6,cand_79ef5e4c653bbbb46dec,fd,"[""record_type"",""fuel_type""]",40,PRESENT,41341.69563889444,42.30979288080562,0.001022370658407065,514,514,492,1452,19,0.139068649004912,514,unavailable,
7,cand_b18e2586ffe14b36f703,mcv,"[""body_type"",""revocation_indicator""]",29,PRESENT,41352.775769205844,31.229662569399807,0.0007546312214965354,516,516,332,1462,169,0.14662495200172998,516,unavailable,
8,cand_bb3c9704bc50457d0385,fd,"[""body_type"",""fuel_type""]",62,PRESENT,41354.033016280766,29.9724154944779,0.0007242511975765556,483,483,447,1487,29,0.12718947599933017,483,unavailable,
9,cand_93041865e5a926191d54,mcv,"[""state"",""county""]",15,PRESENT,41364.94343572957,19.061996045675187,0.0004606126412074919,460,460,442,1511,10,0.1421635829974548,460,unavailable,
10,cand_7531356383a7948fede1,mcv,"[""county"",""body_type""]",21,PRESENT,41366.45803690973,17.547394865512615,0.00042401393201150773,495,495,234,1597,132,0.139289981998445,495,unavailable,
11,cand_e25a986fe1b364e78595,mcv,"[""record_type"",""suspension_indicator""]",6,PRESENT,41374.2270384999,9.77839327534457,0.00023628436091003836,528,528,56,1440,467,0.1310546320019057,528,unavailable,
12,cand_9f93544dce1d63b0f711,mcv,"[""registration_class"",""county""]",9,PRESENT,41377.28966898913,6.715762786116102,0.00016227918772114894,479,479,269,1546,148,0.1415917679987615,479,unavailable,
13,cand_5005700887020f58d09a,mcv,"[""body_type"",""suspension_indicator""]",28,PRESENT,41377.4797789638,6.525652811440523,0.0001576853845671988,498,498,158,1479,326,0.1349191310000606,498,unavailable,
14,cand_9a47b4882350bf5fccf9,fd,"[""record_type"",""state""]",37,PRESENT,41380.676670936045,3.3287608391983667,8.043592698358036e-05,518,518,446,1509,8,0.1317149820024497,518,unavailable,
15,cand_663a31a8fc0678a2324b,fd,"[""county"",""revocation_indicator""]",61,PRESENT,41381.17880721134,2.826624563902442,6.830234372944767e-05,497,497,478,1473,12,0.1304836580020492,497,unavailable,
16,cand_2cc7a6ce91fea1a3633f,mcv,"[""fuel_type"",""revocation_indicator""]",32,PRESENT,41381.88744421051,2.117987564735813,5.1178892488487625e-05,506,506,59,1469,435,0.1378594609996071,506,unavailable,
17,cand_560443d79842b416ea0d,mcv,"[""state"",""scofflaw_indicator""]",18,PRESENT,41381.893151273616,2.112280501627538,5.1040987444045184e-05,505,505,69,1631,263,0.13484232700284338,505,unavailable,
18,cand_0fdc909a2a3cf9718db9,mcv,"[""state"",""revocation_indicator""]",20,PRESENT,41381.95015921851,2.055272556732234,4.9663451743947576e-05,505,505,422,1506,35,0.14731258500250988,505,unavailable,
19,cand_72a4065afe7511935b18,mcv,"[""state"",""suspension_indicator""]",19,PRESENT,41382.24518760884,1.760244166405755,4.253440787184447e-05,471,471,431,1518,14,0.1269769139980781,471,unavailable,
20,cand_d81088ebd0b428f317e8,mcv,"[""fuel_type"",""suspension_indicator""]",31,PRESENT,41382.43958338169,1.5658483935549157,3.7837043012579796e-05,497,497,51,1475,437,0.13652484100020956,497,unavailable,
21,cand_6161166747fb16ce38eb,mcv,"[""county"",""revocation_indicator""]",25,PRESENT,41382.889234562834,1.116197212410043,2.697170563275179e-05,497,497,243,1468,252,0.132188446004875,497,unavailable,
22,cand_6505783b203dc0346b49,fd,"[""state"",""body_type""]",52,PRESENT,41383.02025828907,0.9851734861731529,2.3805658149675438e-05,459,459,389,1562,12,0.1234226939996006,459,unavailable,
23,cand_0ef1e644231e36b17de7,fd,"[""fuel_type"",""suspension_indicator""]",67,PRESENT,41383.41950675335,0.5859250218927627,1.415824823575151e-05,497,497,473,1474,16,0.13558588799787685,497,unavailable,
24,cand_4766516fe513466787e9,mcv,"[""suspension_indicator"",""revocation_indicator""]",35,PRESENT,41383.71660581548,0.28882595976028824,6.979168805601486e-06,501,501,7,1496,460,0.1261887150030816,501,unavailable,
25,cand_7b08320f31dae1c5e9f4,fd,"[""state"",""fuel_type""]",53,PRESENT,41383.77118817716,0.2342435980826849,5.660244716255262e-06,496,496,404,1553,6,0.13384371900610859,496,unavailable,
26,cand_cf35fb1b66d3371735fd,fd,"[""county"",""scofflaw_indicator""]",59,PRESENT,41383.841518955196,0.16391282004769892,3.960777076494492e-06,486,486,445,1501,17,0.1472672500021872,486,unavailable,
27,cand_5e3a909effbf6f7d6e21,fd,"[""county"",""fuel_type""]",58,PRESENT,41383.938195833645,0.0672359415984829,1.6246842444800704e-06,489,489,231,1723,9,0.13446655400184682,489,unavailable,
28,cand_799d0072c9c0e8bc7bb8,mcv,"[""body_type"",""scofflaw_indicator""]",27,PRESENT,41383.954169836165,0.051261939079267904,1.2386896469887913e-06,499,499,146,1514,303,0.13295069300511386,499,unavailable,
29,cand_a658273d38918de4ed71,fd,"[""body_type"",""scofflaw_indicator""]",63,PRESENT,41383.95632039188,0.04911138336319709,1.1867237801367737e-06,499,499,443,1506,14,0.1427195629948983,499,unavailable,
30,cand_044e770ab213d0ef37b1,fd,"[""registration_class"",""scofflaw_indicator""]",48,PRESENT,41383.95756351455,0.047868260691757314,1.1566850572420272e-06,512,512,454,1499,10,0.13328885100054322,512,unavailable,
31,cand_7bad1214667cfa5a9e86,mcv,"[""fuel_type"",""scofflaw_indicator""]",30,PRESENT,41383.961931474056,0.04350030118803261,1.0511380117554413e-06,502,502,39,1543,381,0.13055130000429926,502,unavailable,
32,cand_08a7c0809e27527cb40f,mcv,"[""record_type"",""scofflaw_indicator""]",5,PRESENT,41383.96735921389,0.038072561350418255,9.199825138526969e-07,524,524,44,1495,424,0.13015729100152384,524,unavailable,
33,cand_d033eb981110aa21d3df,fd,"[""fuel_type"",""scofflaw_indicator""]",66,PRESENT,41383.98974560868,0.01568616656732047,3.790393511614128e-07,502,502,431,1521,11,0.14049929100292502,502,unavailable,
34,cand_835deeb29a9e7947a98b,fd,"[""record_type"",""scofflaw_indicator""]",41,PRESENT,41383.99250432003,0.012927455216413364,3.123780572116269e-07,524,524,452,1504,7,0.13475248299801024,524,unavailable,
35,cand_867399ba1c9a9eab8364,fd,"[""state"",""scofflaw_indicator""]",54,PRESENT,41384.00231064218,0.003121133064269088,7.54188250195965e-08,505,505,382,1577,4,0.1313598289998481,505,unavailable,
36,cand_86d407b8a724ee28f443,fd,"[""scofflaw_indicator"",""suspension_indicator""]",69,PRESENT,41384.00403825993,0.00139351531106513,3.367279934665697e-08,497,497,341,1620,2,0.1294005070012645,497,unavailable,
37,cand_5400d6d245a511006593,fd,"[""scofflaw_indicator"",""revocation_indicator""]",70,PRESENT,41384.00479445068,0.0006373245632858016,1.5400262894718606e-08,490,490,272,1690,1,0.1275851469981717,490,unavailable,
38,cand_6b0e7e9b7d7eb883405b,fd,"[""record_type"",""county""]",38,ABSENT_NATIVE,41384.005431775244,0.0,0.0,498,498,0,1963,0,0.12892416099930415,498,unavailable,
39,cand_4647f51bb46042cafc21,mcv,"[""scofflaw_indicator"",""revocation_indicator""]",34,PRESENT,41384.00610884789,-0.0006770726467948407,-1.6360732600208255e-08,490,490,0,1692,271,0.12711742599640274,490,unavailable,
40,cand_a5d58adc88429a8a1a93,mcv,"[""scofflaw_indicator"",""suspension_indicator""]",33,PRESENT,41384.00676365196,-0.00133187671599444,-3.218336896340647e-08,497,497,3,1621,339,0.12890767899807543,497,unavailable,
41,cand_323246ee68602507a57d,mcv,"[""county"",""scofflaw_indicator""]",23,PRESENT,41384.02604705616,-0.02061528091871878,-4.981461002537485e-07,486,486,214,1517,232,0.13287248400592944,486,unavailable,
42,cand_67f23918cdad906be4ea,mcv,"[""registration_class"",""scofflaw_indicator""]",12,PRESENT,41384.073336643065,-0.06790486782119842,-1.6408481275004876e-06,512,512,133,1529,301,0.1356389790016692,512,unavailable,
43,cand_e95bcd15c94c80f62716,fd,"[""state"",""suspension_indicator""]",55,PRESENT,41384.13765204295,-0.1322202677038149,-3.194960621242676e-06,471,471,417,1537,9,0.12115266899490962,471,unavailable,
44,cand_d17d4fee04bca1295fdb,fd,"[""registration_class"",""state""]",44,PRESENT,41384.1644989173,-0.15906714205630124,-3.843686477340523e-06,484,484,439,1508,16,0.1297769930024515,484,unavailable,
45,cand_d102d0d6903dbc44935f,fd,"[""suspension_indicator"",""revocation_indicator""]",71,PRESENT,41384.21307572477,-0.207643949528574,-5.017492805786797e-06,501,501,456,1500,7,0.12848071599728428,501,unavailable,
46,cand_0ffaccec3f557491b6ba,fd,"[""state"",""revocation_indicator""]",56,PRESENT,41384.21401957558,-0.20858780033449875,-5.040299945793599e-06,505,505,448,1508,7,0.14135354999598349,505,unavailable,
47,cand_4c7d493f98b0c50576d2,fd,"[""county"",""suspension_indicator""]",60,PRESENT,41385.02053232079,-1.0151005455481936,-2.4528813365387405e-05,496,496,477,1473,13,0.13307509900187142,496,unavailable,
48,cand_d0bacba4d271fabbb378,mcv,"[""county"",""fuel_type""]",22,PRESENT,41387.8082446064,-3.8028128311561886,-9.18908837237957e-05,489,489,277,1486,200,0.14412720399559475,489,unavailable,
49,cand_b6cafc68143c6fa37e85,fd,"[""record_type"",""suspension_indicator""]",42,PRESENT,41390.47666957153,-6.471237796286005,-0.00015637050422667145,528,528,508,1442,13,0.1330341899956693,528,unavailable,
50,cand_f457f7acd881e6884fac,fd,"[""county"",""body_type""]",57,PRESENT,41390.49649436765,-6.491062592409435,-0.00015684954911168416,495,495,422,1521,20,0.1331046269988292,495,unavailable,
51,cand_aea8cd0109869655caf1,fd,"[""registration_class"",""county""]",45,PRESENT,41392.201058224025,-8.195626448781695,-0.00019803850215254837,479,479,389,1562,12,0.12779365699680056,479,unavailable,
52,cand_dd4fa07161dcf5def8eb,fd,"[""fuel_type"",""revocation_indicator""]",68,PRESENT,41392.48378292528,-8.47835115003545,-0.00020487024060570147,506,506,478,1470,15,0.13404603600065457,506,unavailable,
53,cand_f002ec4adfff3911240b,fd,"[""record_type"",""revocation_indicator""]",43,PRESENT,41393.90166675484,-9.896234979598376,-0.000239131879003667,544,544,520,1431,12,0.13666139599808957,544,unavailable,
54,cand_1f373962efd7e5718e85,mcv,"[""county"",""suspension_indicator""]",24,PRESENT,41396.24666714835,-12.241235373105155,-0.0002957962924416726,496,496,222,1470,271,0.13277425600244896,496,unavailable,
55,cand_9e3965b9e6ab7faacc4e,fd,"[""body_type"",""suspension_indicator""]",64,PRESENT,41397.00947967776,-13.004047902519233,-0.00031422883712784686,498,498,474,1469,20,0.13002543000038713,498,unavailable,
56,cand_01b1f84ca5c01d3f532f,fd,"[""registration_class"",""suspension_indicator""]",49,PRESENT,41398.55019215894,-14.544760383694666,-0.00035145849784097956,492,492,470,1476,17,0.13760294799430994,492,unavailable,
57,cand_2408bc6708d3e202809c,mcv,"[""state"",""fuel_type""]",17,PRESENT,41410.58271727347,-26.577285498227866,-0.0006422115312652032,496,496,428,1479,56,0.1356385289982427,496,unavailable,
58,cand_2bea04f8b2c85ff2a4e0,fd,"[""body_type"",""revocation_indicator""]",65,PRESENT,41414.497647432756,-30.492215657512133,-0.0007368116096877313,516,516,489,1455,19,0.13225686799705727,516,unavailable,
59,cand_cfb64b0bf69c059cd760,fd,"[""registration_class"",""revocation_indicator""]",50,PRESENT,41414.68894114322,-30.683509367976512,-0.000741434016544403,474,474,448,1499,16,0.1245221360004507,474,unavailable,
60,cand_1f420ce5268e234e658c,mcv,"[""registration_class"",""fuel_type""]",11,PRESENT,41424.8284118072,-40.82298003195319,-0.000986443424362416,474,474,374,1492,97,0.13158697500330163,474,unavailable,
61,cand_b8a5e9986c1d9a33b825,mcv,"[""registration_class"",""revocation_indicator""]",14,PRESENT,41429.78670510998,-45.781273334738216,-0.001106255251445204,474,474,232,1502,229,0.13528099299583118,474,unavailable,
62,cand_7513ba127d94672ed612,mcv,"[""registration_class"",""suspension_indicator""]",13,PRESENT,41461.45238531412,-77.446953538878,-0.0018714223703298932,492,492,305,1484,174,0.14276297199830879,492,unavailable,
63,cand_bfad1c9b37411e1a5d68,fd,"[""state"",""county""]",51,PRESENT,41475.068944099505,-91.06351232426096,-0.0022004518744418358,460,460,434,1513,16,0.12311300900182687,460,unavailable,
64,cand_bc69a49224dd80292b07,mcv,"[""record_type"",""revocation_indicator""]",7,PRESENT,41479.961815191295,-95.95638341605081,-0.0023186828441302616,544,544,47,1432,484,0.13909774599596858,544,unavailable,
65,cand_4818ce79b7b4b07709c2,mcv,"[""registration_class"",""state""]",8,PRESENT,41493.237932935655,-109.23250116041163,-0.0026394859564884293,484,484,362,1488,113,0.13623554199875798,484,unavailable,
66,cand_f9cdb92e50791f0d58b6,mcv,"[""state"",""body_type""]",16,PRESENT,41515.8156629435,-131.81023116825963,-0.0031850525291844713,459,459,150,1512,301,0.12420326299616136,459,unavailable,
67,cand_6ca6020979af5e5766a4,mcv,"[""record_type"",""fuel_type""]",4,PRESENT,41831.1139026141,-447.1084708388589,-0.010803895518908918,514,514,472,1449,42,0.1433290749992011,514,unavailable,
68,cand_0275ee8f6b218bf6a5a1,mcv,"[""body_type"",""fuel_type""]",26,PRESENT,42005.18442447277,-621.1789926975252,-0.01501012253928845,483,483,353,1486,124,0.1289608489969396,483,unavailable,
69,cand_850ffdf5fc1ceee3e08d,fd,"[""record_type"",""registration_class""]",36,PRESENT,42388.78827006983,-1004.7828382945881,-0.024279497062000218,503,503,482,1460,21,0.12920286499866052,503,unavailable,
70,cand_c7f3b001bf1756cd2ed9,fd,"[""registration_class"",""body_type""]",46,PRESENT,44268.49034101022,-2884.484909234976,-0.06970047676970935,465,465,427,1503,33,0.12601874899701215,465,unavailable,
71,cand_c6f83d66ce3d1e079f11,mcv,"[""registration_class"",""body_type""]",10,PRESENT,47844.79544578675,-6460.790014011509,-0.15611804480024594,465,465,408,1506,49,0.1360332690019277,465,unavailable,
72,cand_0715050eb032f5528139,fd,"[""record_type"",""body_type""]",39,PRESENT,71749.71815930669,-30365.71272753145,-0.733754802385953,489,489,467,1474,22,0.1235037279984681,489,unavailable,
