candidate_count,repetition,warmup,total_s,repository_bytes,present_count,absent_native_count,repository_digest,candidate_count_valid
8,1,True,0.35395024399622343,14365,8,0,1f43b2f9d0e1f532b0087575755a7b6429670b80e4ae112279c34c0137db2246,True
8,1,False,0.290932709001936,14451,8,0,ca6f173e959101b25032a2ccf1a6b88fd7e23d89293efa12da7b7836b595afbb,True
8,2,False,0.2953613339996082,14377,8,0,abc29105418a8522455196003a33ce5a9a61a884d1cfb7503b49f971ccf7488e,True
8,3,False,0.29655493799509713,14359,8,0,48e9e8c27b62703489dad40ad17c54fffff422c2ad64d0fa3b58ccd3081a9212,True
8,4,False,0.29523559199878946,14399,8,0,3c54c404f14ba1185176ac6fd2045fa1db1d85a5cc604d1e20b2bc9060f575af,True
8,5,False,0.29066623900143895,14403,8,0,8a0f63c67751dc6c7624a5e5c5abf164159ad3a53684435794a3b81d8a3e7e00,True
16,1,True,0.30716064700391144,28063,16,0,ff08fea4cc7ecbbda801910e36a1d3cb82b5b33de95d1932133d64efd65f5553,True
16,1,False,0.3092626060024486,28259,16,0,a896ef5c00b80b7302c1a8d9048453e1713eb91bb8dc33ad23678076d81561e4,True
16,2,False,0.3167392769973958,28135,16,0,7803a0864186b8f25da959b696b2da01077b73da4625ce7e1ad7ae8ee808bcf5,True
16,3,False,0.30814949199702824,28347,16,0,d589abd14b6b7656a1a87920320b61cc9fa002873b8e9949134c3c6e5dfaac71,True
16,4,False,0.3099247669961187,28215,16,0,f335186df65126e5f0889bd9cbb12456d5df58e894326ad727762d5ece8d0a09,True
16,5,False,0.3120024289964931,28219,16,0,79576164708ecf641cffdc51008b455b63010ef9ef68c75c5d8eb9ff80a73f93,True
32,1,True,0.3490315939998254,51023,32,0,f4e6d60ee867c3309559bed8fce6089526b70eab21ef6500e7f19258927cf1c6,True
32,1,False,0.34376698300184216,51239,32,0,d4738d37fac188140883a1d0901b49f282d80e78b0fd7fe899f186f1396d505c,True
32,2,False,0.34249844399892027,50963,32,0,7beb9dadbbb7260b6f75cd6a8a4d21f7a715086694cedc071536be94970b5794,True
32,3,False,0.35144832000514725,50963,32,0,25d703c737640c71915a8c1ef340aef151ef94b590a812d9f546746840c66a78,True
32,4,False,0.3604091180022806,51055,32,0,85d2e586f7e64b5ac78ff92d13ee35937b0b571c5a6f0dfdcc385580c4bfd951,True
32,5,False,0.35581562999868765,50809,32,0,34d4ac249041ce4800a26abe09d5efe9f85005ef8dd24d4eea1a82b0540855a1,True
72,1,True,0.456414093998319,114721,72,0,9ff53435eb3c502ba9ec2b70027c1db69fc4fb4e2912ead6aa694db417f3aab9,True
72,1,False,0.45138551499985624,114561,72,0,26b92d241ef6d343ac343042f315a09a3b6d8af48947971f6d4fa8e3f5994338,True
72,2,False,0.4656512749934336,114717,72,0,633c49f24de3ed345d1d906cc2c49795fc535f2d313a213c6cdf00d9e81ed084,True
72,3,False,0.4595727390042157,114469,72,0,856e7de943ca0a67c704ef470e6b7717e1038bec16eeac512ba1977d96b9d11f,True
72,4,False,0.45391697400191333,114693,72,0,715adca3e7dd5dab02ab94133c26137625a51c860b0ca7ed3cccf68ada922797,True
72,5,False,0.44967415599967353,114641,72,0,7ab6e9289b65690100e8d4e855678a04d6c3078b83d6f9fbd36b8ecf9734adca,True
226,1,True,0.8146043570013717,337571,226,0,9828575b264de85d3eca818a65f3ca32c322a3818d8634ef791326bad435bec3,True
226,1,False,0.7426118880030117,336347,226,0,a0502fbcab11a947f812526cf9b621e0b50686e1ae91deb5d9d5ee382e49930a,True
226,2,False,0.7740492440061644,338595,226,0,95f6a8baf0c597b900fcb4ec9aa14faf44d7bcec2cf243c4941697c18b8b96a1,True
226,3,False,0.7541464339956292,336639,226,0,6c6948822a6227c88a0b5963324ea3705137fd2fd91825fff0a5742e0441201b,True
226,4,False,0.7752330680013984,337943,226,0,a1534f5055ba95fd5604b682fe808ecc9856e721646764a41153a45a5a9afbe8,True
226,5,False,0.7936344779955107,337664,226,0,a94134511dbd82a3ee4733d6fc1fd0290b148d1d20d3becf3fc03ee920ce9233,True
512,1,True,1.6144423980003921,730322,512,0,d5256824f98968720feae58dcbac2912fd76f814fa89b2d7ed0bcf5e86753169,True
512,1,False,1.4934567020027316,730122,512,0,bbccf59f1006d836436138589f25cf17fd56dac080b06d1f0fa35960813fd8c7,True
512,2,False,1.4468215989982127,727621,512,0,d2235d9555d21d04f9ff6bc3d9b108dd168369aad38034f2e753cff75e62264d,True
512,3,False,1.4408257090035477,729691,512,0,9e0b51a3cee3e2798bc6bf0db46645feb8157f801bc3df5469e0bbb49caba8f9,True
512,4,False,1.4496069859960699,729383,512,0,57da7c35d4375ac4d5965864ae8cd96ef143834c72abfe1c8e3c6ab22568f574,True
512,5,False,1.458183075999841,730282,512,0,20d5c3d614453e2532a7ad165be02a822275b3213122bc41df2bde350869c6a8,True
1024,1,True,2.6087212300044484,1433660,1024,0,1f8b1aaa86a5f1178aea2afb0bf56b571ebcb96301a0da1cef95239570e5440c,True
1024,1,False,2.632232767995447,1430871,1024,0,c6adb579a2ff37185b6e7f2ca6d6278c1ee974c1af42c145855ab7332c930a33,True
1024,2,False,2.7968306389957434,1435178,1024,0,32bd346338895170dbfd7d9c7aff17af22b33b6eb3d6ef3d3f6fed413094cac2,True
1024,3,False,2.7681748640025035,1436373,1024,0,4cc4280d35279235f1f4dbd42b7cb6dc337ba60e8d2e141ec4fc4fae9a4e336a,True
1024,4,False,2.8153260750041227,1432246,1024,0,a51c7fb2cb67549ff78bff3db05ffcfb9ba09790168843a2ba5dd791c5de4c14,True
1024,5,False,2.832348276999255,1437244,1024,0,1520d1ebe93bd7f63dd7e658d6b0819c51dbbb4b71f7860f43541da89cdacde5,True
2253,1,True,5.498100819000683,3044912,2253,0,b0da22ad211797c3c4bb046de90337c4ca7d86862162360f83fca83368e073ef,True
2253,1,False,5.1699096169977565,3037694,2253,0,caf9388db2e33898a280235d3f985efd1acf20bd19d7e963b47f30a7ebff22ed,True
2253,2,False,5.360516982000263,3043188,2253,0,a5112fd410dc52ca035b7f02ab582065ede1f9df8af96fc17ae888f1c4a10da2,True
2253,3,False,5.3239634100027615,3046225,2253,0,e89e8ae0d161876ba73a175f5a577e68a71f9aa4f7619f49fb3d85cad228598e,True
2253,4,False,5.80358607800008,3041260,2253,0,601626bab4bce0dc5fbf73d7e8ca3c3aee940d9383d2406f329a7705e458a47c,True
2253,5,False,5.414342853000562,3050151,2253,0,74fdc1f7f695f13b70d4424affd875f8830c62612e9632206d9defb0cefeeeb2,True
4506,1,True,12.082719739002641,4997197,3446,1060,f9996b0e23013602eaf4462fafc1c23904cf091f66508a91379a7fe575744425,True
4506,1,False,13.448399187996984,4995187,3395,1111,2ca63934bb956821cdf40d4d62541c299dba499319a8c5d4036ee15e0bc98abf,True
4506,2,False,12.611315454996657,4992066,3388,1118,a27630dc058bca26c699ae79c54c66873b4d939d076cf54bd5a06ae57d06acf0,True
4506,3,False,13.158750880997104,4993963,3426,1080,cbaac4b6f88a4fe101dab91a58137820aef735ba90c3239a3f83f411bc3c65ec,True
4506,4,False,12.83955531000538,5001907,3461,1045,c50f2789b72bd0d760b3b9e5f141ab795f693333b41ce56d209536df5df66e7c,True
4506,5,False,12.160967848998553,4999068,3434,1072,95ee9b7aaccebe9b87755c2f578f28dbed8c9cf82c67313f611610b5e4ecefc1,True
