singleton_rank,candidate_id,mechanism,attributes,precedence_rank,realization_state,singleton_objective,singleton_improvement,affected_query_count,reused_query_count,native_evaluator_count,planner_calls,elapsed_seconds
1,cand_f94acad130c4ac5b3553,mcv,"[""record_type"",""body_type""]",3,PRESENT,22407.372654482235,20384.61382564497,489,1474,1,489,0.1251909419988806
2,cand_c614cf6de073226f0aa4,mcv,"[""record_type"",""registration_class""]",0,PRESENT,40246.67365894937,2545.3128211778385,503,1460,1,503,0.12550047500008077
3,cand_ea5acfb9a4e9bf9c4ee2,mcv,"[""record_type"",""county""]",2,PRESENT,42586.20895318308,205.7775269441263,498,1465,1,498,0.14687032400070166
4,cand_f5f353d914b36187882c,mcv,"[""record_type"",""state""]",1,PRESENT,42593.39639234154,198.59008778566204,518,1445,1,518,0.1298353380007029
5,cand_a06f9852e67c463f73a2,fd,"[""registration_class"",""fuel_type""]",47,PRESENT,42710.46112289148,81.5253572357251,474,1489,1,474,0.12087529400014319
6,cand_b18e2586ffe14b36f703,mcv,"[""body_type"",""revocation_indicator""]",29,PRESENT,42752.32820395363,39.65827617357718,516,1447,1,516,0.13439359499898273
7,cand_79ef5e4c653bbbb46dec,fd,"[""record_type"",""fuel_type""]",40,PRESENT,42753.75324206139,38.23323806581175,514,1449,1,514,0.1274661740008014
8,cand_bb3c9704bc50457d0385,fd,"[""body_type"",""fuel_type""]",62,PRESENT,42760.87866223811,31.107817889096623,483,1480,1,483,0.1225070569998934
9,cand_93041865e5a926191d54,mcv,"[""state"",""county""]",15,PRESENT,42771.6417691232,20.344711004006967,460,1503,1,460,0.13086648200078344
10,cand_7531356383a7948fede1,mcv,"[""county"",""body_type""]",21,PRESENT,42776.916868368746,15.06961175845936,495,1468,1,495,0.1305448229995818
11,cand_e25a986fe1b364e78595,mcv,"[""record_type"",""suspension_indicator""]",6,PRESENT,42781.261819483225,10.724660643980314,528,1435,1,528,0.1285485919997882
12,cand_5005700887020f58d09a,mcv,"[""body_type"",""suspension_indicator""]",28,PRESENT,42783.67439349524,8.31208663196594,498,1465,1,498,0.12453961599931063
13,cand_663a31a8fc0678a2324b,fd,"[""county"",""revocation_indicator""]",61,PRESENT,42786.463590910695,5.522889216510521,497,1466,1,497,0.12725691400009964
14,cand_6161166747fb16ce38eb,mcv,"[""county"",""revocation_indicator""]",25,PRESENT,42787.73213646792,4.254343659282313,497,1466,1,497,0.13030618200173194
15,cand_560443d79842b416ea0d,mcv,"[""state"",""scofflaw_indicator""]",18,PRESENT,42788.55729191264,3.4291882145626005,505,1458,1,505,0.12711666200084437
16,cand_9a47b4882350bf5fccf9,fd,"[""record_type"",""state""]",37,PRESENT,42788.916564148436,3.0699159787691315,518,1445,1,518,0.1363866819992836
17,cand_0fdc909a2a3cf9718db9,mcv,"[""state"",""revocation_indicator""]",20,PRESENT,42788.950637120615,3.0358430065898574,505,1458,1,505,0.13183411299905856
18,cand_6505783b203dc0346b49,fd,"[""state"",""body_type""]",52,PRESENT,42789.88469806227,2.1017820649358328,459,1504,1,459,0.1182922129992221
19,cand_2cc7a6ce91fea1a3633f,mcv,"[""fuel_type"",""revocation_indicator""]",32,PRESENT,42789.931303542966,2.055176584239234,506,1457,1,506,0.12176958400050353
20,cand_4c7d493f98b0c50576d2,fd,"[""county"",""suspension_indicator""]",60,PRESENT,42790.087461358315,1.899018768890528,496,1467,1,496,0.12710645900006057
21,cand_d81088ebd0b428f317e8,mcv,"[""fuel_type"",""suspension_indicator""]",31,PRESENT,42790.38273622533,1.6037439018764417,497,1466,1,497,0.1190930059983657
22,cand_0ef1e644231e36b17de7,fd,"[""fuel_type"",""suspension_indicator""]",67,PRESENT,42791.24359859736,0.7428815298480913,497,1466,1,497,0.12270382899987453
23,cand_799d0072c9c0e8bc7bb8,mcv,"[""body_type"",""scofflaw_indicator""]",27,PRESENT,42791.69016654034,0.29631358686310705,499,1464,1,499,0.1237017300009029
24,cand_044e770ab213d0ef37b1,fd,"[""registration_class"",""scofflaw_indicator""]",48,PRESENT,42791.739324146285,0.24715598092006985,512,1451,1,512,0.12994102499942528
25,cand_a658273d38918de4ed71,fd,"[""body_type"",""scofflaw_indicator""]",63,PRESENT,42791.74336172397,0.24311840323207434,499,1464,1,499,0.12218720899909385
26,cand_7bad1214667cfa5a9e86,mcv,"[""fuel_type"",""scofflaw_indicator""]",30,PRESENT,42791.75048443071,0.23599569649377372,502,1461,1,502,0.12061647699920286
27,cand_4766516fe513466787e9,mcv,"[""suspension_indicator"",""revocation_indicator""]",35,PRESENT,42791.792139976395,0.19434015081060352,501,1462,1,501,0.12088583200056746
28,cand_f457f7acd881e6884fac,fd,"[""county"",""body_type""]",57,PRESENT,42791.81426493552,0.17221519168379018,495,1468,1,495,0.13111168099931092
29,cand_cf35fb1b66d3371735fd,fd,"[""county"",""scofflaw_indicator""]",59,PRESENT,42791.81480144611,0.17167868109390838,486,1477,1,486,0.12657631499860145
30,cand_d17d4fee04bca1295fdb,fd,"[""registration_class"",""state""]",44,PRESENT,42791.83729944382,0.14918068338738522,484,1479,1,484,0.12496203100090497
31,cand_7b08320f31dae1c5e9f4,fd,"[""state"",""fuel_type""]",53,PRESENT,42791.86711574676,0.1193643804435851,496,1467,1,496,0.12594559399985883
32,cand_67f23918cdad906be4ea,mcv,"[""registration_class"",""scofflaw_indicator""]",12,PRESENT,42791.87585293312,0.11062719408801058,512,1451,1,512,0.12918297500073095
33,cand_a5d58adc88429a8a1a93,mcv,"[""scofflaw_indicator"",""suspension_indicator""]",33,PRESENT,42791.9414868307,0.04499329650570871,497,1466,1,497,0.12173147499925108
34,cand_5e3a909effbf6f7d6e21,fd,"[""county"",""fuel_type""]",58,PRESENT,42791.94461763081,0.04186249639315065,489,1474,1,489,0.13032776999898488
35,cand_08a7c0809e27527cb40f,mcv,"[""record_type"",""scofflaw_indicator""]",5,PRESENT,42791.94722255281,0.03925757439719746,524,1439,1,524,0.128826186999504
36,cand_d033eb981110aa21d3df,fd,"[""fuel_type"",""scofflaw_indicator""]",66,PRESENT,42791.95787549506,0.028604632141650654,502,1461,1,502,0.12062869399960618
37,cand_835deeb29a9e7947a98b,fd,"[""record_type"",""scofflaw_indicator""]",41,PRESENT,42791.967036775415,0.019443351789959706,524,1439,1,524,0.12902947800102993
38,cand_867399ba1c9a9eab8364,fd,"[""state"",""scofflaw_indicator""]",54,PRESENT,42791.982376105065,0.004104022140381858,505,1458,1,505,0.13367790000120294
39,cand_5400d6d245a511006593,fd,"[""scofflaw_indicator"",""revocation_indicator""]",70,PRESENT,42791.98575645765,0.0007236695528263226,490,1473,1,490,0.11759563699888531
40,cand_6b0e7e9b7d7eb883405b,fd,"[""record_type"",""county""]",38,ABSENT_NATIVE,42791.986480127205,0.0,498,1465,1,498,0.12543112599996675
41,cand_86d407b8a724ee28f443,fd,"[""scofflaw_indicator"",""suspension_indicator""]",69,ABSENT_NATIVE,42791.986480127205,0.0,497,1466,1,497,0.11976825400051894
42,cand_4647f51bb46042cafc21,mcv,"[""scofflaw_indicator"",""revocation_indicator""]",34,PRESENT,42791.98726018041,-0.0007800532039254904,490,1473,1,490,0.11843677300021227
43,cand_323246ee68602507a57d,mcv,"[""county"",""scofflaw_indicator""]",23,PRESENT,42792.06260014232,-0.07612001511733979,486,1477,1,486,0.13594992300022568
44,cand_e95bcd15c94c80f62716,fd,"[""state"",""suspension_indicator""]",55,PRESENT,42792.17194653911,-0.18546641190187074,471,1492,1,471,0.1270698740008811
45,cand_0ffaccec3f557491b6ba,fd,"[""state"",""revocation_indicator""]",56,PRESENT,42792.196497506404,-0.210017379198689,505,1458,1,505,0.13722220300041954
46,cand_d102d0d6903dbc44935f,fd,"[""suspension_indicator"",""revocation_indicator""]",71,PRESENT,42792.27473769298,-0.288257565771346,501,1462,1,501,0.12151888299922575
47,cand_72a4065afe7511935b18,mcv,"[""state"",""suspension_indicator""]",19,PRESENT,42793.98808332418,-2.0016031969717005,471,1492,1,471,0.11622136699952534
48,cand_9f93544dce1d63b0f711,mcv,"[""registration_class"",""county""]",9,PRESENT,42796.730969536,-4.744489408796653,479,1484,1,479,0.142044418000296
49,cand_d0bacba4d271fabbb378,mcv,"[""county"",""fuel_type""]",22,PRESENT,42796.782601371284,-4.796121244078677,489,1474,1,489,0.1263391459997365
50,cand_b6cafc68143c6fa37e85,fd,"[""record_type"",""suspension_indicator""]",42,PRESENT,42799.15486447212,-7.1683843449136475,528,1435,1,528,0.1304328300011548
51,cand_dd4fa07161dcf5def8eb,fd,"[""fuel_type"",""revocation_indicator""]",68,PRESENT,42800.51696361745,-8.53048349024175,506,1457,1,506,0.12362392900104169
52,cand_9e3965b9e6ab7faacc4e,fd,"[""body_type"",""suspension_indicator""]",64,PRESENT,42801.350272823955,-9.363792696749442,498,1465,1,498,0.12503604300036386
53,cand_f002ec4adfff3911240b,fd,"[""record_type"",""revocation_indicator""]",43,PRESENT,42801.97885721087,-9.992377083661268,544,1419,1,544,0.13318759800131375
54,cand_1f373962efd7e5718e85,mcv,"[""county"",""suspension_indicator""]",24,PRESENT,42804.017158134746,-12.0306780075407,496,1467,1,496,0.12451061200044933
55,cand_2408bc6708d3e202809c,mcv,"[""state"",""fuel_type""]",17,PRESENT,42804.33198203485,-12.345501907642756,496,1467,1,496,0.126439556999685
56,cand_01b1f84ca5c01d3f532f,fd,"[""registration_class"",""suspension_indicator""]",49,PRESENT,42804.61150885812,-12.625028730915801,492,1471,1,492,0.12340193899945007
57,cand_aea8cd0109869655caf1,fd,"[""registration_class"",""county""]",45,PRESENT,42806.044033224156,-14.057553096950869,479,1484,1,479,0.1236646559991641
58,cand_2bea04f8b2c85ff2a4e0,fd,"[""body_type"",""revocation_indicator""]",65,PRESENT,42821.35116970757,-29.3646895803613,516,1447,1,516,0.12926254500052892
59,cand_b8a5e9986c1d9a33b825,mcv,"[""registration_class"",""revocation_indicator""]",14,PRESENT,42829.34957182633,-37.3630916991242,474,1489,1,474,0.11976719999984198
60,cand_bfad1c9b37411e1a5d68,fd,"[""state"",""county""]",51,PRESENT,42839.96676756612,-47.980287438913365,460,1503,1,460,0.11704238600032113
61,cand_4818ce79b7b4b07709c2,mcv,"[""registration_class"",""state""]",8,PRESENT,42864.46747292403,-72.48099279682356,484,1479,1,484,0.13000692700006766
62,cand_1f420ce5268e234e658c,mcv,"[""registration_class"",""fuel_type""]",11,PRESENT,42876.76207382354,-84.77559369633673,474,1489,1,474,0.12733252399993944
63,cand_7513ba127d94672ed612,mcv,"[""registration_class"",""suspension_indicator""]",13,PRESENT,42877.52994318077,-85.5434630535674,492,1471,1,492,0.12524464499983878
64,cand_bc69a49224dd80292b07,mcv,"[""record_type"",""revocation_indicator""]",7,PRESENT,42885.0368019707,-93.05032184349693,544,1419,1,544,0.14383280799847853
65,cand_cfb64b0bf69c059cd760,fd,"[""registration_class"",""revocation_indicator""]",50,PRESENT,42910.94202370666,-118.95554357945366,474,1489,1,474,0.1222608299995045
66,cand_f9cdb92e50791f0d58b6,mcv,"[""state"",""body_type""]",16,PRESENT,42941.612233547254,-149.62575342004857,459,1504,1,459,0.12683749600000738
67,cand_6ca6020979af5e5766a4,mcv,"[""record_type"",""fuel_type""]",4,PRESENT,43268.87275866277,-476.8862785355668,514,1449,1,514,0.12354383800084179
68,cand_0275ee8f6b218bf6a5a1,mcv,"[""body_type"",""fuel_type""]",26,PRESENT,43373.57883253211,-581.5923524049067,483,1480,1,483,0.12099790300089808
69,cand_850ffdf5fc1ceee3e08d,fd,"[""record_type"",""registration_class""]",36,PRESENT,43810.692739007936,-1018.7062588807312,503,1460,1,503,0.12368873999912466
70,cand_c7f3b001bf1756cd2ed9,fd,"[""registration_class"",""body_type""]",46,PRESENT,45683.06482863248,-2891.0783485052743,465,1498,1,465,0.12455275600041205
71,cand_c6f83d66ce3d1e079f11,mcv,"[""registration_class"",""body_type""]",10,PRESENT,50293.57017374563,-7501.583693618428,465,1498,1,465,0.12427616700006183
72,cand_0715050eb032f5528139,fd,"[""record_type"",""body_type""]",39,PRESENT,73765.50143208563,-30973.514951958423,489,1474,1,489,0.12923730699912994
