candidate_count,total_median_s,total_min_s,total_max_s,repository_bytes_median,present_count,absent_native_count,integrity_gate
8,0.29523559199878946,0.29066623900143895,0.29655493799509713,14399.0,[8],[0],True
16,0.3099247669961187,0.30814949199702824,0.3167392769973958,28219.0,[16],[0],True
32,0.35144832000514725,0.34249844399892027,0.3604091180022806,50963.0,[32],[0],True
72,0.45391697400191333,0.44967415599967353,0.4656512749934336,114641.0,[72],[0],True
226,0.7740492440061644,0.7426118880030117,0.7936344779955107,337664.0,[226],[0],True
512,1.4496069859960699,1.4408257090035477,1.4934567020027316,729691.0,[512],[0],True
1024,2.7968306389957434,2.632232767995447,2.832348276999255,1435178.0,[1024],[0],True
2253,5.360516982000263,5.1699096169977565,5.80358607800008,3043188.0,[2253],[0],True
4506,12.83955531000538,12.160967848998553,13.448399187996984,4995187.0,"[3388, 3395, 3426, 3434, 3461]","[1045, 1072, 1080, 1111, 1118]",True
